[Licensing::Module] Trying to connect to existing licensing client channel...
[Licensing::IpcConnector] Successfully connected to: "LicenseClient-louie" at "2026-05-08T13:20:43.9451105Z"
Built from '6000.0/staging' branch; Version is '6000.0.67f1 (78a1c2bbeb6a) revision 7905730'; Using compiler version '193933523'; Build Type 'Release'
OS: 'Windows 11  (10.0.26200) Core' Language: 'en' Physical Memory: 32621 MB
BatchMode: 1, IsHumanControllingUs: 0, StartBugReporterOnCrash: 0, Is64bit: 1
System  architecture: x64
Process architecture: x64
Date: 2026-05-08T13:20:43Z

COMMAND LINE ARGUMENTS:
C:\Program Files\Unity\Hub\Editor\6000.0.67f1\Editor\Unity.exe
-adb2
-batchMode
-noUpm
-name
AssetImportWorker2
-projectPath
C:/Users/louie/OneDrive/Documents/GitHub/GD-204-Realm-Defence/GD204
-logFile
Logs/AssetImportWorker2.log
-srvPort
54702
-licensingIpc
LicenseClient-louie
-job-worker-count
5
-background-job-worker-count
8
-gc-helper-count
1
-name
AssetImport
Successfully changed project path to: C:/Users/louie/OneDrive/Documents/GitHub/GD-204-Realm-Defence/GD204
C:/Users/louie/OneDrive/Documents/GitHub/GD-204-Realm-Defence/GD204
[UnityMemory] Configuration Parameters - Can be set up in boot.config
    "memorysetup-bucket-allocator-granularity=16"
    "memorysetup-bucket-allocator-bucket-count=8"
    "memorysetup-bucket-allocator-block-size=33554432"
    "memorysetup-bucket-allocator-block-count=8"
    "memorysetup-main-allocator-block-size=16777216"
    "memorysetup-thread-allocator-block-size=16777216"
    "memorysetup-gfx-main-allocator-block-size=16777216"
    "memorysetup-gfx-thread-allocator-block-size=16777216"
    "memorysetup-cache-allocator-block-size=4194304"
    "memorysetup-typetree-allocator-block-size=2097152"
    "memorysetup-profiler-bucket-allocator-granularity=16"
    "memorysetup-profiler-bucket-allocator-bucket-count=8"
    "memorysetup-profiler-bucket-allocator-block-size=33554432"
    "memorysetup-profiler-bucket-allocator-block-count=8"
    "memorysetup-profiler-allocator-block-size=16777216"
    "memorysetup-profiler-editor-allocator-block-size=1048576"
    "memorysetup-temp-allocator-size-main=16777216"
    "memorysetup-job-temp-allocator-block-size=2097152"
    "memorysetup-job-temp-allocator-block-size-background=1048576"
    "memorysetup-job-temp-allocator-reduction-small-platforms=262144"
    "memorysetup-allocator-temp-initial-block-size-main=262144"
    "memorysetup-allocator-temp-initial-block-size-worker=262144"
    "memorysetup-temp-allocator-size-background-worker=32768"
    "memorysetup-temp-allocator-size-job-worker=262144"
    "memorysetup-temp-allocator-size-preload-manager=33554432"
    "memorysetup-temp-allocator-size-nav-mesh-worker=65536"
    "memorysetup-temp-allocator-size-audio-worker=65536"
    "memorysetup-temp-allocator-size-cloud-worker=32768"
    "memorysetup-temp-allocator-size-gi-baking-worker=262144"
    "memorysetup-temp-allocator-size-gi-baking-worker=262144"
    "memorysetup-temp-allocator-size-gi-baking-worker=262144"
    "memorysetup-temp-allocator-size-gi-baking-worker=262144"
    "memorysetup-temp-allocator-size-gi-baking-worker=262144"
    "memorysetup-temp-allocator-size-gfx=262144"
Player connection [120912]  Target information:

Player connection [120912]  * "[IP] 192.168.0.233 [Port] 0 [Flags] 2 [Guid] 3327851109 [EditorId] 3327851109 [Version] 1048832 [Id] WindowsEditor(7,Cyberpower) [Debug] 1 [PackageName] WindowsEditor [ProjectName] Editor" 

Player connection [120912]  * "[IP] 10.5.0.2 [Port] 0 [Flags] 2 [Guid] 3327851109 [EditorId] 3327851109 [Version] 1048832 [Id] WindowsEditor(7,Cyberpower) [Debug] 1 [PackageName] WindowsEditor [ProjectName] Editor" 

Player connection [120912] Host joined multi-casting on [225.0.0.222:54997]...
Player connection [120912] Host joined alternative multi-casting on [225.0.0.222:34997]...
JobSystem: Creating JobQueue using job-worker-count value 5
Input System module state changed to: Initialized.
[Physics::Module] Initialized fallback backend.
[Physics::Module] Id: 0xdecafbad
Library Redirect Path: Library/
[Physics::Module] Selected backend.
[Physics::Module] Name: PhysX
[Physics::Module] Id: 0xf2b8ea05
[Physics::Module] SDK Version: 4.1.2
[Physics::Module] Integration Version: 1.0.0
[Physics::Module] Threading Mode: Multi-Threaded
Refreshing native plugins compatible for Editor in 5.25 ms, found 4 plugins.
Preloading 0 native plugins for Editor in 0.00 ms.
Initialize engine version: 6000.0.67f1 (78a1c2bbeb6a)
[Subsystems] Discovering subsystems at path C:/Program Files/Unity/Hub/Editor/6000.0.67f1/Editor/Data/Resources/UnitySubsystems
[Subsystems] Discovering subsystems at path C:/Users/louie/OneDrive/Documents/GitHub/GD-204-Realm-Defence/GD204/Assets
GfxDevice: creating device client; kGfxThreadingModeNonThreaded
Direct3D:
    Version:  Direct3D 11.0 [level 11.1]
    Renderer: NVIDIA GeForce RTX 4060 Ti (ID=0x2803)
    Vendor:   NVIDIA
    VRAM:     7949 MB
    Driver:   32.0.15.8142
Initialize mono
Mono path[0] = 'C:/Program Files/Unity/Hub/Editor/6000.0.67f1/Editor/Data/Managed'
Mono path[1] = 'C:/Program Files/Unity/Hub/Editor/6000.0.67f1/Editor/Data/MonoBleedingEdge/lib/mono/unityjit-win32'
Mono config path = 'C:/Program Files/Unity/Hub/Editor/6000.0.67f1/Editor/Data/MonoBleedingEdge/etc'
Using monoOptions --debugger-agent=transport=dt_socket,embedding=1,server=y,suspend=n,address=127.0.0.1:56272
Begin MonoManager ReloadAssembly
Registering precompiled unity dll's ...
Register platform support module: C:/Program Files/Unity/Hub/Editor/6000.0.67f1/Editor/Data/PlaybackEngines/WindowsStandaloneSupport/UnityEditor.WindowsStandalone.Extensions.dll
Registered in 0.002462 seconds.
- Loaded All Assemblies, in  0.402 seconds
[Licensing::Client] Error: HandshakeResponse reported an error:
	ResponseCode: 505
	ResponseStatus: Unsupported protocol version '1.17.4'.
[Licensing::Module] Error: Failed to handshake to channel: "LicenseClient-louie"
[Licensing::IpcConnector] LicenseClient-louie channel disconnected successfully.
[Licensing::IpcConnector] Successfully connected to: "LicenseClient-louie-6000.0.67" at "2026-05-08T13:20:45.0222414Z"
Native extension for WindowsStandalone target not found
Mono: successfully reloaded assembly
- Finished resetting the current domain, in  0.352 seconds
Domain Reload Profiling: 752ms
	BeginReloadAssembly (140ms)
		ExecutionOrderSort (0ms)
		DisableScriptedObjects (0ms)
		BackupInstance (0ms)
		ReleaseScriptingObjects (0ms)
		CreateAndSetChildDomain (1ms)
	RebuildCommonClasses (37ms)
	RebuildNativeTypeToScriptingClass (16ms)
	initialDomainReloadingComplete (51ms)
	LoadAllAssembliesAndSetupDomain (156ms)
		LoadAssemblies (136ms)
		RebuildTransferFunctionScriptingTraits (0ms)
		AnalyzeDomain (153ms)
			TypeCache.Refresh (151ms)
				TypeCache.ScanAssembly (140ms)
			BuildScriptInfoCaches (0ms)
			ResolveRequiredComponents (0ms)
	FinalizeReload (352ms)
		ReleaseScriptCaches (0ms)
		RebuildScriptCaches (0ms)
		SetupLoadedEditorAssemblies (308ms)
			LogAssemblyErrors (0ms)
			InitializePlatformSupportModulesInManaged (23ms)
			SetLoadedEditorAssemblies (5ms)
			BeforeProcessingInitializeOnLoad (67ms)
			ProcessInitializeOnLoadAttributes (155ms)
			ProcessInitializeOnLoadMethodAttributes (58ms)
			AfterProcessingInitializeOnLoad (0ms)
			EditorAssembliesLoaded (0ms)
		ExecutionOrderSort2 (0ms)
		AwakeInstancesAfterBackupRestoration (0ms)
========================================================================
Worker process is ready to serve import requests
Import Worker Mode flag is 0x00
[Licensing::Client] Handshaking with LicensingClient:
  Version:                 1.17.4+4293ba1
  Session Id:              59f6b253d06f4ecda2e4392715b185a0
  Correlation Id:          a2397dc9435fabdfaf055df64924a6a8
  External correlation Id: 3257222657066126363
  Machine Id:              pVZcQ3UKKdYxOMQsziew8K9hM7s=
[Licensing::Module] Successfully connected to LicensingClient on channel: "LicenseClient-louie-6000.0.67" (connect: 0.00s, validation: 0.00s, handshake: 0.89s)
[Licensing::IpcConnector] Successfully connected to: "LicenseClient-louie-6000.0.67-notifications" at "2026-05-08T13:20:45.9091789Z"
[Licensing::Module] Licensing Background thread has ended after 1.96s
Begin MonoManager ReloadAssembly
[Licensing::Client] Successfully resolved entitlement details
[Licensing::Module] License group:
  Id: F4-559Z-ESNU-EWRH-PCGX-XXXX
  Product: Unity Personal
  Type: ULF
  Expiration: Unlimited
[Licensing::Module] License group:
  Id: 5773053068775-UnityPersXXXX
  Product: Unity Personal
  Type: Assigned
  Expiration: Unlimited
- Loaded All Assemblies, in  0.824 seconds
Refreshing native plugins compatible for Editor in 1.61 ms, found 4 plugins.
Native extension for WindowsStandalone target not found
Package Manager log level set to [2]
[Package Manager] Failed to launch server process. Reason: Unity was launched with the -noUpm command-line argument
[Package Manager] Unable to send message (not connected to server process).
[Package Manager] Cannot connect to Unity Package Manager local server
Mono: successfully reloaded assembly
- Finished resetting the current domain, in  0.882 seconds
Domain Reload Profiling: 1701ms
	BeginReloadAssembly (166ms)
		ExecutionOrderSort (0ms)
		DisableScriptedObjects (7ms)
		BackupInstance (0ms)
		ReleaseScriptingObjects (0ms)
		CreateAndSetChildDomain (27ms)
	RebuildCommonClasses (34ms)
	RebuildNativeTypeToScriptingClass (16ms)
	initialDomainReloadingComplete (39ms)
	LoadAllAssembliesAndSetupDomain (563ms)
		LoadAssemblies (371ms)
		RebuildTransferFunctionScriptingTraits (0ms)
		AnalyzeDomain (283ms)
			TypeCache.Refresh (191ms)
				TypeCache.ScanAssembly (177ms)
			BuildScriptInfoCaches (78ms)
			ResolveRequiredComponents (10ms)
	FinalizeReload (883ms)
		ReleaseScriptCaches (0ms)
		RebuildScriptCaches (0ms)
		SetupLoadedEditorAssemblies (747ms)
			LogAssemblyErrors (0ms)
			InitializePlatformSupportModulesInManaged (27ms)
			SetLoadedEditorAssemblies (5ms)
			BeforeProcessingInitializeOnLoad (122ms)
			ProcessInitializeOnLoadAttributes (486ms)
			ProcessInitializeOnLoadMethodAttributes (103ms)
			AfterProcessingInitializeOnLoad (4ms)
			EditorAssembliesLoaded (0ms)
		ExecutionOrderSort2 (0ms)
		AwakeInstancesAfterBackupRestoration (6ms)
Launched and connected shader compiler UnityShaderCompiler.exe after 0.01 seconds
Refreshing native plugins compatible for Editor in 1.48 ms, found 4 plugins.
Preloading 0 native plugins for Editor in 0.00 ms.
Unloading 13 Unused Serialized files (Serialized files now loaded: 0)
Unloading 6769 unused Assets / (5.1 MB). Loaded Objects now: 7491.
Memory consumption went from 145.5 MB to 140.4 MB.
Total: 8.060400 ms (FindLiveObjects: 0.588500 ms CreateObjectMapping: 0.574800 ms MarkObjects: 4.752500 ms  DeleteObjects: 2.142900 ms)

========================================================================
Received Import Request.
  Time since last request: 405930.990597 seconds.
  path: Assets/Artwork/Enemy/Enemy 3_Ice_Elite.png
  artifactKey: Guid(29ae30aaec230e44a8f32020f4e38021) Importer(815301076,1909f56bfc062723c751e8b465ee728b)
Start importing Assets/Artwork/Enemy/Enemy 3_Ice_Elite.png using Guid(29ae30aaec230e44a8f32020f4e38021) Importer(815301076,1909f56bfc062723c751e8b465ee728b) (PreviewImporter) -> (artifact id: '6f51cebfff6881a6ff2ecd944bd8071b') in 0.1059875 seconds
Number of updated asset objects reloaded before import = 0Number of asset objects unloaded after import = 3

========================================================================
Received Import Request.
  Time since last request: 0.176699 seconds.
  path: Assets/Artwork/Enemy/Enemy 2_Ice_Fast.png
  artifactKey: Guid(64110cf4562fe8f4e8e27598b0f7409b) Importer(815301076,1909f56bfc062723c751e8b465ee728b)
Start importing Assets/Artwork/Enemy/Enemy 2_Ice_Fast.png using Guid(64110cf4562fe8f4e8e27598b0f7409b) Importer(815301076,1909f56bfc062723c751e8b465ee728b) (PreviewImporter) -> (artifact id: '4d301b3db51e58122eb26a34a5d50603') in 0.0309808 seconds
Number of updated asset objects reloaded before import = 0Number of asset objects unloaded after import = 4

========================================================================
Received Import Request.
  Time since last request: 0.214872 seconds.
  path: Assets/Artwork/Enemy/enemy 1 orc_anim2.png
  artifactKey: Guid(008336e94e1d6a549b71d1073606e21a) Importer(815301076,1909f56bfc062723c751e8b465ee728b)
Start importing Assets/Artwork/Enemy/enemy 1 orc_anim2.png using Guid(008336e94e1d6a549b71d1073606e21a) Importer(815301076,1909f56bfc062723c751e8b465ee728b) (PreviewImporter) -> (artifact id: '5ed994571cc0262e8e7e667af3b714cc') in 0.0234044 seconds
Number of updated asset objects reloaded before import = 0Number of asset objects unloaded after import = 4

========================================================================
Received Import Request.
  Time since last request: 57.979842 seconds.
  path: Assets/Prefabs/Turrets/Fire Turret.prefab
  artifactKey: Guid(435c9623361906945a6126111a2a041d) Importer(815301076,1909f56bfc062723c751e8b465ee728b)
Start importing Assets/Prefabs/Turrets/Fire Turret.prefab using Guid(435c9623361906945a6126111a2a041d) Importer(815301076,1909f56bfc062723c751e8b465ee728b) (PreviewImporter) -> (artifact id: '4c051cd50df660657635277f73082dca') in 0.411382 seconds
Number of updated asset objects reloaded before import = 0Number of asset objects unloaded after import = 34

========================================================================
Received Import Request.
  Time since last request: 6.419236 seconds.
  path: Assets/Prefabs/Turrets/Standard Turret.prefab
  artifactKey: Guid(0fabeecabe058844b825ce0fdc6ed719) Importer(815301076,1909f56bfc062723c751e8b465ee728b)
Start importing Assets/Prefabs/Turrets/Standard Turret.prefab using Guid(0fabeecabe058844b825ce0fdc6ed719) Importer(815301076,1909f56bfc062723c751e8b465ee728b) (PreviewImporter) -> (artifact id: 'f6a7dd11ef470aa6d9051759cc959df4') in 0.0270325 seconds
Number of updated asset objects reloaded before import = 0Number of asset objects unloaded after import = 22

========================================================================
Received Import Request.
  Time since last request: 1.295214 seconds.
  path: Assets/Prefabs/Turrets/Standard Turret.prefab
  artifactKey: Guid(0fabeecabe058844b825ce0fdc6ed719) Importer(815301076,1909f56bfc062723c751e8b465ee728b)
Start importing Assets/Prefabs/Turrets/Standard Turret.prefab using Guid(0fabeecabe058844b825ce0fdc6ed719) Importer(815301076,1909f56bfc062723c751e8b465ee728b) (PreviewImporter) -> (artifact id: '8982f16a284f3e41d1a5eedc531f4197') in 0.0031632 seconds
Number of updated asset objects reloaded before import = 0Number of asset objects unloaded after import = 17

========================================================================
Received Prepare
Begin MonoManager ReloadAssembly
[Licensing::Client] Successfully resolved entitlement details
[Licensing::Module] License group:
  Id: F4-559Z-ESNU-EWRH-PCGX-XXXX
  Product: Unity Personal
  Type: ULF
  Expiration: Unlimited
[Licensing::Module] License group:
  Id: 5773053068775-UnityPersXXXX
  Product: Unity Personal
  Type: Assigned
  Expiration: Unlimited
- Loaded All Assemblies, in  0.823 seconds
Refreshing native plugins compatible for Editor in 1.41 ms, found 4 plugins.
Native extension for WindowsStandalone target not found
[Package Manager] Failed to launch server process. Reason: Unity was launched with the -noUpm command-line argument
[Package Manager] Unable to send message (not connected to server process).
[Package Manager] Cannot connect to Unity Package Manager local server
Mono: successfully reloaded assembly
- Finished resetting the current domain, in  0.923 seconds
Domain Reload Profiling: 1745ms
	BeginReloadAssembly (243ms)
		ExecutionOrderSort (0ms)
		DisableScriptedObjects (27ms)
		BackupInstance (0ms)
		ReleaseScriptingObjects (0ms)
		CreateAndSetChildDomain (54ms)
	RebuildCommonClasses (33ms)
	RebuildNativeTypeToScriptingClass (11ms)
	initialDomainReloadingComplete (28ms)
	LoadAllAssembliesAndSetupDomain (505ms)
		LoadAssemblies (375ms)
		RebuildTransferFunctionScriptingTraits (0ms)
		AnalyzeDomain (230ms)
			TypeCache.Refresh (8ms)
				TypeCache.ScanAssembly (0ms)
			BuildScriptInfoCaches (207ms)
			ResolveRequiredComponents (10ms)
	FinalizeReload (923ms)
		ReleaseScriptCaches (0ms)
		RebuildScriptCaches (0ms)
		SetupLoadedEditorAssemblies (729ms)
			LogAssemblyErrors (0ms)
			InitializePlatformSupportModulesInManaged (3ms)
			SetLoadedEditorAssemblies (5ms)
			BeforeProcessingInitializeOnLoad (139ms)
			ProcessInitializeOnLoadAttributes (513ms)
			ProcessInitializeOnLoadMethodAttributes (64ms)
			AfterProcessingInitializeOnLoad (5ms)
			EditorAssembliesLoaded (0ms)
		ExecutionOrderSort2 (0ms)
		AwakeInstancesAfterBackupRestoration (14ms)
Refreshing native plugins compatible for Editor in 2.08 ms, found 4 plugins.
Preloading 0 native plugins for Editor in 0.00 ms.
Unloading 13 Unused Serialized files (Serialized files now loaded: 0)
Unloading 6767 unused Assets / (4.7 MB). Loaded Objects now: 7539.
Memory consumption went from 153.4 MB to 148.6 MB.
Total: 10.569300 ms (FindLiveObjects: 0.893000 ms CreateObjectMapping: 0.913000 ms MarkObjects: 5.924500 ms  DeleteObjects: 2.837200 ms)

Prepare: number of updated asset objects reloaded= 0
========================================================================
Received Prepare
Begin MonoManager ReloadAssembly
[Licensing::Client] Successfully resolved entitlement details
[Licensing::Module] License group:
  Id: F4-559Z-ESNU-EWRH-PCGX-XXXX
  Product: Unity Personal
  Type: ULF
  Expiration: Unlimited
[Licensing::Module] License group:
  Id: 5773053068775-UnityPersXXXX
  Product: Unity Personal
  Type: Assigned
  Expiration: Unlimited
- Loaded All Assemblies, in  0.798 seconds
Refreshing native plugins compatible for Editor in 1.61 ms, found 4 plugins.
Native extension for WindowsStandalone target not found
[Package Manager] Failed to launch server process. Reason: Unity was launched with the -noUpm command-line argument
[Package Manager] Unable to send message (not connected to server process).
[Package Manager] Cannot connect to Unity Package Manager local server
Mono: successfully reloaded assembly
- Finished resetting the current domain, in  0.898 seconds
Domain Reload Profiling: 1695ms
	BeginReloadAssembly (216ms)
		ExecutionOrderSort (0ms)
		DisableScriptedObjects (17ms)
		BackupInstance (0ms)
		ReleaseScriptingObjects (0ms)
		CreateAndSetChildDomain (46ms)
	RebuildCommonClasses (45ms)
	RebuildNativeTypeToScriptingClass (11ms)
	initialDomainReloadingComplete (26ms)
	LoadAllAssembliesAndSetupDomain (498ms)
		LoadAssemblies (363ms)
		RebuildTransferFunctionScriptingTraits (0ms)
		AnalyzeDomain (227ms)
			TypeCache.Refresh (6ms)
				TypeCache.ScanAssembly (0ms)
			BuildScriptInfoCaches (206ms)
			ResolveRequiredComponents (9ms)
	FinalizeReload (898ms)
		ReleaseScriptCaches (0ms)
		RebuildScriptCaches (0ms)
		SetupLoadedEditorAssemblies (735ms)
			LogAssemblyErrors (0ms)
			InitializePlatformSupportModulesInManaged (2ms)
			SetLoadedEditorAssemblies (5ms)
			BeforeProcessingInitializeOnLoad (129ms)
			ProcessInitializeOnLoadAttributes (528ms)
			ProcessInitializeOnLoadMethodAttributes (66ms)
			AfterProcessingInitializeOnLoad (5ms)
			EditorAssembliesLoaded (0ms)
		ExecutionOrderSort2 (0ms)
		AwakeInstancesAfterBackupRestoration (14ms)
Refreshing native plugins compatible for Editor in 2.49 ms, found 4 plugins.
Preloading 0 native plugins for Editor in 0.00 ms.
Unloading 13 Unused Serialized files (Serialized files now loaded: 0)
Unloading 6767 unused Assets / (5.2 MB). Loaded Objects now: 7542.
Memory consumption went from 153.2 MB to 148.1 MB.
Total: 9.614000 ms (FindLiveObjects: 0.532600 ms CreateObjectMapping: 0.543100 ms MarkObjects: 5.198500 ms  DeleteObjects: 3.338100 ms)

Prepare: number of updated asset objects reloaded= 0
========================================================================
Received Prepare
Begin MonoManager ReloadAssembly
- Loaded All Assemblies, in  0.815 seconds
Refreshing native plugins compatible for Editor in 2.61 ms, found 4 plugins.
Native extension for WindowsStandalone target not found
[Package Manager] Failed to launch server process. Reason: Unity was launched with the -noUpm command-line argument
[Package Manager] Unable to send message (not connected to server process).
[Package Manager] Cannot connect to Unity Package Manager local server
Mono: successfully reloaded assembly
- Finished resetting the current domain, in  0.899 seconds
Domain Reload Profiling: 1712ms
	BeginReloadAssembly (226ms)
		ExecutionOrderSort (0ms)
		DisableScriptedObjects (16ms)
		BackupInstance (0ms)
		ReleaseScriptingObjects (0ms)
		CreateAndSetChildDomain (50ms)
	RebuildCommonClasses (41ms)
	RebuildNativeTypeToScriptingClass (13ms)
	initialDomainReloadingComplete (33ms)
	LoadAllAssembliesAndSetupDomain (500ms)
		LoadAssemblies (366ms)
		RebuildTransferFunctionScriptingTraits (0ms)
		AnalyzeDomain (231ms)
			TypeCache.Refresh (6ms)
				TypeCache.ScanAssembly (0ms)
			BuildScriptInfoCaches (210ms)
			ResolveRequiredComponents (11ms)
	FinalizeReload (900ms)
		ReleaseScriptCaches (0ms)
		RebuildScriptCaches (0ms)
		SetupLoadedEditorAssemblies (734ms)
			LogAssemblyErrors (0ms)
			InitializePlatformSupportModulesInManaged (2ms)
			SetLoadedEditorAssemblies (6ms)
			BeforeProcessingInitializeOnLoad (146ms)
			ProcessInitializeOnLoadAttributes (507ms)
			ProcessInitializeOnLoadMethodAttributes (68ms)
			AfterProcessingInitializeOnLoad (5ms)
			EditorAssembliesLoaded (0ms)
		ExecutionOrderSort2 (0ms)
		AwakeInstancesAfterBackupRestoration (16ms)
Refreshing native plugins compatible for Editor in 2.07 ms, found 4 plugins.
Preloading 0 native plugins for Editor in 0.00 ms.
Unloading 13 Unused Serialized files (Serialized files now loaded: 0)
Unloading 6767 unused Assets / (4.9 MB). Loaded Objects now: 7545.
Memory consumption went from 153.3 MB to 148.4 MB.
Total: 9.823800 ms (FindLiveObjects: 0.667700 ms CreateObjectMapping: 0.647500 ms MarkObjects: 5.749000 ms  DeleteObjects: 2.757700 ms)

Prepare: number of updated asset objects reloaded= 0
========================================================================
Received Import Request.
  Time since last request: 205.539537 seconds.
  path: Assets/Prefabs/Turrets/Standard Turret.prefab
  artifactKey: Guid(0fabeecabe058844b825ce0fdc6ed719) Importer(815301076,1909f56bfc062723c751e8b465ee728b)
Start importing Assets/Prefabs/Turrets/Standard Turret.prefab using Guid(0fabeecabe058844b825ce0fdc6ed719) Importer(815301076,1909f56bfc062723c751e8b465ee728b) (PreviewImporter) -> (artifact id: '5d5be451c0eed48ad28515fac9fa52c0') in 0.4225227 seconds
Number of updated asset objects reloaded before import = 0Number of asset objects unloaded after import = 27

========================================================================
Received Prepare
Begin MonoManager ReloadAssembly
[Licensing::Client] Successfully resolved entitlement details
[Licensing::Module] License group:
  Id: F4-559Z-ESNU-EWRH-PCGX-XXXX
  Product: Unity Personal
  Type: ULF
  Expiration: Unlimited
[Licensing::Module] License group:
  Id: 5773053068775-UnityPersXXXX
  Product: Unity Personal
  Type: Assigned
  Expiration: Unlimited
- Loaded All Assemblies, in  0.904 seconds
Refreshing native plugins compatible for Editor in 1.59 ms, found 4 plugins.
Native extension for WindowsStandalone target not found
[Package Manager] Failed to launch server process. Reason: Unity was launched with the -noUpm command-line argument
[Package Manager] Unable to send message (not connected to server process).
[Package Manager] Cannot connect to Unity Package Manager local server
Mono: successfully reloaded assembly
- Finished resetting the current domain, in  0.900 seconds
Domain Reload Profiling: 1803ms
	BeginReloadAssembly (334ms)
		ExecutionOrderSort (0ms)
		DisableScriptedObjects (45ms)
		BackupInstance (0ms)
		ReleaseScriptingObjects (0ms)
		CreateAndSetChildDomain (85ms)
	RebuildCommonClasses (33ms)
	RebuildNativeTypeToScriptingClass (11ms)
	initialDomainReloadingComplete (29ms)
	LoadAllAssembliesAndSetupDomain (494ms)
		LoadAssemblies (382ms)
		RebuildTransferFunctionScriptingTraits (0ms)
		AnalyzeDomain (230ms)
			TypeCache.Refresh (6ms)
				TypeCache.ScanAssembly (0ms)
			BuildScriptInfoCaches (206ms)
			ResolveRequiredComponents (11ms)
	FinalizeReload (901ms)
		ReleaseScriptCaches (0ms)
		RebuildScriptCaches (0ms)
		SetupLoadedEditorAssemblies (753ms)
			LogAssemblyErrors (0ms)
			InitializePlatformSupportModulesInManaged (2ms)
			SetLoadedEditorAssemblies (5ms)
			BeforeProcessingInitializeOnLoad (140ms)
			ProcessInitializeOnLoadAttributes (539ms)
			ProcessInitializeOnLoadMethodAttributes (60ms)
			AfterProcessingInitializeOnLoad (6ms)
			EditorAssembliesLoaded (0ms)
		ExecutionOrderSort2 (0ms)
		AwakeInstancesAfterBackupRestoration (16ms)
Refreshing native plugins compatible for Editor in 1.53 ms, found 4 plugins.
Preloading 0 native plugins for Editor in 0.00 ms.
Unloading 13 Unused Serialized files (Serialized files now loaded: 0)
Unloading 6767 unused Assets / (4.8 MB). Loaded Objects now: 7568.
Memory consumption went from 153.5 MB to 148.7 MB.
Total: 7.770600 ms (FindLiveObjects: 0.558100 ms CreateObjectMapping: 0.612600 ms MarkObjects: 4.432800 ms  DeleteObjects: 2.165900 ms)

Prepare: number of updated asset objects reloaded= 0
========================================================================
Received Import Request.
  Time since last request: 134.020349 seconds.
  path: Assets/Prefabs/Turrets/Water Turret.prefab
  artifactKey: Guid(f61b40d45c764da44a0c14549cd46ed7) Importer(815301076,1909f56bfc062723c751e8b465ee728b)
Start importing Assets/Prefabs/Turrets/Water Turret.prefab using Guid(f61b40d45c764da44a0c14549cd46ed7) Importer(815301076,1909f56bfc062723c751e8b465ee728b) (PreviewImporter) -> (artifact id: 'af021e8e126266566c5809f786f79217') in 0.3893487 seconds
Number of updated asset objects reloaded before import = 0Number of asset objects unloaded after import = 27

========================================================================
Received Import Request.
  Time since last request: 6.304367 seconds.
  path: Assets/Prefabs/Turrets/Fire Turret.prefab
  artifactKey: Guid(435c9623361906945a6126111a2a041d) Importer(815301076,1909f56bfc062723c751e8b465ee728b)
Start importing Assets/Prefabs/Turrets/Fire Turret.prefab using Guid(435c9623361906945a6126111a2a041d) Importer(815301076,1909f56bfc062723c751e8b465ee728b) (PreviewImporter) -> (artifact id: 'cdf4e1bce7988b0d351bd45288f34a76') in 0.0214149 seconds
Number of updated asset objects reloaded before import = 0Number of asset objects unloaded after import = 34

========================================================================
Received Import Request.
  Time since last request: 1.280487 seconds.
  path: Assets/Prefabs/Turrets/Fire Turret.prefab
  artifactKey: Guid(435c9623361906945a6126111a2a041d) Importer(815301076,1909f56bfc062723c751e8b465ee728b)
Start importing Assets/Prefabs/Turrets/Fire Turret.prefab using Guid(435c9623361906945a6126111a2a041d) Importer(815301076,1909f56bfc062723c751e8b465ee728b) (PreviewImporter) -> (artifact id: 'a544cbe402c0518746725f0f149873ba') in 0.0305727 seconds
Number of updated asset objects reloaded before import = 0Number of asset objects unloaded after import = 34

========================================================================
Received Import Request.
  Time since last request: 1.530793 seconds.
  path: Assets/Prefabs/Turrets/Fire Turret.prefab
  artifactKey: Guid(435c9623361906945a6126111a2a041d) Importer(815301076,1909f56bfc062723c751e8b465ee728b)
Start importing Assets/Prefabs/Turrets/Fire Turret.prefab using Guid(435c9623361906945a6126111a2a041d) Importer(815301076,1909f56bfc062723c751e8b465ee728b) (PreviewImporter) -> (artifact id: 'e7263182e81d7d620841c38e1928c43e') in 0.0197887 seconds
Number of updated asset objects reloaded before import = 0Number of asset objects unloaded after import = 34

========================================================================
Received Import Request.
  Time since last request: 3.366362 seconds.
  path: Assets/Prefabs/Turrets/Fire Turret.prefab
  artifactKey: Guid(435c9623361906945a6126111a2a041d) Importer(815301076,1909f56bfc062723c751e8b465ee728b)
Start importing Assets/Prefabs/Turrets/Fire Turret.prefab using Guid(435c9623361906945a6126111a2a041d) Importer(815301076,1909f56bfc062723c751e8b465ee728b) (PreviewImporter) -> (artifact id: '09efcddf45a3ffd5b4e358601a40d8ef') in 0.0202501 seconds
Number of updated asset objects reloaded before import = 0Number of asset objects unloaded after import = 34

========================================================================
Received Import Request.
  Time since last request: 4.782306 seconds.
  path: Assets/Prefabs/Turrets/Fire Turret.prefab
  artifactKey: Guid(435c9623361906945a6126111a2a041d) Importer(815301076,1909f56bfc062723c751e8b465ee728b)
Start importing Assets/Prefabs/Turrets/Fire Turret.prefab using Guid(435c9623361906945a6126111a2a041d) Importer(815301076,1909f56bfc062723c751e8b465ee728b) (PreviewImporter) -> (artifact id: '28346bd1b8af0211cdb19df2a27ae36d') in 0.0246944 seconds
Number of updated asset objects reloaded before import = 0Number of asset objects unloaded after import = 34

========================================================================
Received Import Request.
  Time since last request: 2.750111 seconds.
  path: Assets/Prefabs/Turrets/Fire Turret.prefab
  artifactKey: Guid(435c9623361906945a6126111a2a041d) Importer(815301076,1909f56bfc062723c751e8b465ee728b)
Start importing Assets/Prefabs/Turrets/Fire Turret.prefab using Guid(435c9623361906945a6126111a2a041d) Importer(815301076,1909f56bfc062723c751e8b465ee728b) (PreviewImporter) -> (artifact id: 'c137caa354818cd5c42f5b9aac558e11') in 0.0289938 seconds
Number of updated asset objects reloaded before import = 0Number of asset objects unloaded after import = 34

========================================================================
Received Import Request.
  Time since last request: 1.740953 seconds.
  path: Assets/Prefabs/Turrets/Fire Turret.prefab
  artifactKey: Guid(435c9623361906945a6126111a2a041d) Importer(815301076,1909f56bfc062723c751e8b465ee728b)
Start importing Assets/Prefabs/Turrets/Fire Turret.prefab using Guid(435c9623361906945a6126111a2a041d) Importer(815301076,1909f56bfc062723c751e8b465ee728b) (PreviewImporter) -> (artifact id: 'f2667e06242ce94833803fa1400ff7c9') in 0.023564 seconds
Number of updated asset objects reloaded before import = 0Number of asset objects unloaded after import = 34

========================================================================
Received Prepare
Begin MonoManager ReloadAssembly
[Licensing::Client] Successfully resolved entitlement details
[Licensing::Module] License group:
  Id: F4-559Z-ESNU-EWRH-PCGX-XXXX
  Product: Unity Personal
  Type: ULF
  Expiration: Unlimited
[Licensing::Module] License group:
  Id: 5773053068775-UnityPersXXXX
  Product: Unity Personal
  Type: Assigned
  Expiration: Unlimited
- Loaded All Assemblies, in  0.816 seconds
Refreshing native plugins compatible for Editor in 2.97 ms, found 4 plugins.
Native extension for WindowsStandalone target not found
[Package Manager] Failed to launch server process. Reason: Unity was launched with the -noUpm command-line argument
[Package Manager] Unable to send message (not connected to server process).
[Package Manager] Cannot connect to Unity Package Manager local server
Mono: successfully reloaded assembly
- Finished resetting the current domain, in  1.073 seconds
Domain Reload Profiling: 1888ms
	BeginReloadAssembly (248ms)
		ExecutionOrderSort (0ms)
		DisableScriptedObjects (30ms)
		BackupInstance (0ms)
		ReleaseScriptingObjects (0ms)
		CreateAndSetChildDomain (57ms)
	RebuildCommonClasses (36ms)
	RebuildNativeTypeToScriptingClass (12ms)
	initialDomainReloadingComplete (33ms)
	LoadAllAssembliesAndSetupDomain (486ms)
		LoadAssemblies (365ms)
		RebuildTransferFunctionScriptingTraits (0ms)
		AnalyzeDomain (221ms)
			TypeCache.Refresh (6ms)
				TypeCache.ScanAssembly (0ms)
			BuildScriptInfoCaches (202ms)
			ResolveRequiredComponents (10ms)
	FinalizeReload (1073ms)
		ReleaseScriptCaches (0ms)
		RebuildScriptCaches (0ms)
		SetupLoadedEditorAssemblies (839ms)
			LogAssemblyErrors (0ms)
			InitializePlatformSupportModulesInManaged (3ms)
			SetLoadedEditorAssemblies (6ms)
			BeforeProcessingInitializeOnLoad (155ms)
			ProcessInitializeOnLoadAttributes (600ms)
			ProcessInitializeOnLoadMethodAttributes (70ms)
			AfterProcessingInitializeOnLoad (4ms)
			EditorAssembliesLoaded (0ms)
		ExecutionOrderSort2 (0ms)
		AwakeInstancesAfterBackupRestoration (14ms)
Refreshing native plugins compatible for Editor in 1.90 ms, found 4 plugins.
Preloading 0 native plugins for Editor in 0.00 ms.
Unloading 13 Unused Serialized files (Serialized files now loaded: 0)
Unloading 6767 unused Assets / (5.1 MB). Loaded Objects now: 7591.
Memory consumption went from 153.5 MB to 148.4 MB.
Total: 8.937200 ms (FindLiveObjects: 0.645700 ms CreateObjectMapping: 0.796500 ms MarkObjects: 4.780300 ms  DeleteObjects: 2.713400 ms)

Prepare: number of updated asset objects reloaded= 0
========================================================================
Received Import Request.
  Time since last request: 88.501954 seconds.
  path: Assets/Scripts/Turret.cs
  artifactKey: Guid(75d6ed4070240514180ebe6d0a82998f) Importer(2089858483,192608db42251d675da83286b1cce702)
Start importing Assets/Scripts/Turret.cs using Guid(75d6ed4070240514180ebe6d0a82998f) Importer(2089858483,192608db42251d675da83286b1cce702) (ScriptedImporter) -> (artifact id: 'e948d082efe216be0192e9462993e480') in 0.2306633 seconds
Number of updated asset objects reloaded before import = 0Number of asset objects unloaded after import = 0

========================================================================
Received Import Request.
  Time since last request: 0.000022 seconds.
  path: Assets/Artwork/Enemy/enemy 3 Boss.png
  artifactKey: Guid(ab8e44e55bb222c4b993e02664139127) Importer(2089858483,192608db42251d675da83286b1cce702)
Start importing Assets/Artwork/Enemy/enemy 3 Boss.png using Guid(ab8e44e55bb222c4b993e02664139127) Importer(2089858483,192608db42251d675da83286b1cce702) (ScriptedImporter) -> (artifact id: 'e530a7dacfd401c28c5b8531c21a9f8e') in 0.1116336 seconds
Number of updated asset objects reloaded before import = 0Number of asset objects unloaded after import = 3

========================================================================
Received Import Request.
  Time since last request: 0.000031 seconds.
  path: Assets/Scenes/Level.unity
  artifactKey: Guid(c071d64e453a69545b1fabd782193e05) Importer(2089858483,192608db42251d675da83286b1cce702)
Start importing Assets/Scenes/Level.unity using Guid(c071d64e453a69545b1fabd782193e05) Importer(2089858483,192608db42251d675da83286b1cce702) (ScriptedImporter) -> (artifact id: '2849b1bd2c1f374dbf64d6a0c1be6b0f') in 0.0340575 seconds
Number of updated asset objects reloaded before import = 0Number of asset objects unloaded after import = 1

========================================================================
Received Import Request.
  Time since last request: 0.000020 seconds.
  path: Assets/Artwork/UI/Realm Defence - Water Turret Button - Pressed.png
  artifactKey: Guid(4eb434e1047a6794cbf8a4e5aaf506ea) Importer(2089858483,192608db42251d675da83286b1cce702)
Start importing Assets/Artwork/UI/Realm Defence - Water Turret Button - Pressed.png using Guid(4eb434e1047a6794cbf8a4e5aaf506ea) Importer(2089858483,192608db42251d675da83286b1cce702) (ScriptedImporter) -> (artifact id: '4701e9ef5db89347514903fd730ff8a1') in 0.0305628 seconds
Number of updated asset objects reloaded before import = 0Number of asset objects unloaded after import = 3

========================================================================
Received Import Request.
  Time since last request: 0.000023 seconds.
  path: Assets/Audio/GameOver.mp3
  artifactKey: Guid(72e585319aee89049870d80e752b1a0a) Importer(2089858483,192608db42251d675da83286b1cce702)
Start importing Assets/Audio/GameOver.mp3 using Guid(72e585319aee89049870d80e752b1a0a) Importer(2089858483,192608db42251d675da83286b1cce702) (ScriptedImporter) -> (artifact id: '8d92d120eebb4e53483af81af599cd3e') in 0.1130037 seconds
Number of updated asset objects reloaded before import = 0Number of asset objects unloaded after import = 1

========================================================================
Received Import Request.
  Time since last request: 0.000029 seconds.
  path: Assets/Prefabs/Enemies/NormalTypeEnemy.prefab
  artifactKey: Guid(806f0a84746080140bd493f612f96570) Importer(2089858483,192608db42251d675da83286b1cce702)
Start importing Assets/Prefabs/Enemies/NormalTypeEnemy.prefab using Guid(806f0a84746080140bd493f612f96570) Importer(2089858483,192608db42251d675da83286b1cce702) (ScriptedImporter) -> (artifact id: '89af4e264e87fceb34bdbcddb60712ff') in 0.34346 seconds
Number of updated asset objects reloaded before import = 0Number of asset objects unloaded after import = 57

========================================================================
Received Import Request.
  Time since last request: 0.000023 seconds.
  path: Assets/Prefabs/Enemies/Blood Explosion.prefab
  artifactKey: Guid(afd51447c8b53b24a96576dc14a34a01) Importer(2089858483,192608db42251d675da83286b1cce702)
Start importing Assets/Prefabs/Enemies/Blood Explosion.prefab using Guid(afd51447c8b53b24a96576dc14a34a01) Importer(2089858483,192608db42251d675da83286b1cce702) (ScriptedImporter) -> (artifact id: '3e11af1daf12be293fed13527bd7c244') in 0.1419997 seconds
Number of updated asset objects reloaded before import = 0Number of asset objects unloaded after import = 6

========================================================================
Received Import Request.
  Time since last request: 0.000030 seconds.
  path: Assets/Scenes/Start.unity
  artifactKey: Guid(0d21ba13c006eab459284fb4d1b33b6e) Importer(2089858483,192608db42251d675da83286b1cce702)
Start importing Assets/Scenes/Start.unity using Guid(0d21ba13c006eab459284fb4d1b33b6e) Importer(2089858483,192608db42251d675da83286b1cce702) (ScriptedImporter) -> (artifact id: '42425cb24aa8bf5f2e7767f042213725') in 0.0262777 seconds
Number of updated asset objects reloaded before import = 0Number of asset objects unloaded after import = 1

========================================================================
Received Import Request.
  Time since last request: 0.000021 seconds.
  path: Assets/Scripts/MenuMusicTrigger.cs
  artifactKey: Guid(bba2047d8ef2b474d87d1b191bf702dc) Importer(2089858483,192608db42251d675da83286b1cce702)
Start importing Assets/Scripts/MenuMusicTrigger.cs using Guid(bba2047d8ef2b474d87d1b191bf702dc) Importer(2089858483,192608db42251d675da83286b1cce702) (ScriptedImporter) -> (artifact id: 'a11dd4bc87ce289ecd7104f2f2067f21') in 0.0138975 seconds
Number of updated asset objects reloaded before import = 0Number of asset objects unloaded after import = 0

========================================================================
Received Import Request.
  Time since last request: 0.000022 seconds.
  path: Assets/Artwork/Enemy/enemy 2 Cloaked Spirit Demon.png
  artifactKey: Guid(fe235b7e84e32a442b056a30df31b1ed) Importer(2089858483,192608db42251d675da83286b1cce702)
Start importing Assets/Artwork/Enemy/enemy 2 Cloaked Spirit Demon.png using Guid(fe235b7e84e32a442b056a30df31b1ed) Importer(2089858483,192608db42251d675da83286b1cce702) (ScriptedImporter) -> (artifact id: '8d3c2f9a46a77b965fbecf4854df8f8b') in 0.0350619 seconds
Number of updated asset objects reloaded before import = 0Number of asset objects unloaded after import = 3

========================================================================
Received Import Request.
  Time since last request: 0.000030 seconds.
  path: Assets/Artwork/Enemy/Enemy 3_Ice_Elite.png
  artifactKey: Guid(29ae30aaec230e44a8f32020f4e38021) Importer(2089858483,192608db42251d675da83286b1cce702)
Start importing Assets/Artwork/Enemy/Enemy 3_Ice_Elite.png using Guid(29ae30aaec230e44a8f32020f4e38021) Importer(2089858483,192608db42251d675da83286b1cce702) (ScriptedImporter) -> (artifact id: '135f04f3f8d341c16043f44a3698c358') in 0.0391946 seconds
Number of updated asset objects reloaded before import = 0Number of asset objects unloaded after import = 3

========================================================================
Received Import Request.
  Time since last request: 0.000021 seconds.
  path: Assets/Audio/Realm Defence - Forest.mp3
  artifactKey: Guid(73f43b1a57d10a543a830507e172ce06) Importer(2089858483,192608db42251d675da83286b1cce702)
Start importing Assets/Audio/Realm Defence - Forest.mp3 using Guid(73f43b1a57d10a543a830507e172ce06) Importer(2089858483,192608db42251d675da83286b1cce702) (ScriptedImporter) -> (artifact id: 'b47461387ea1346cb9843f3f7c892609') in 0.101314 seconds
Number of updated asset objects reloaded before import = 0Number of asset objects unloaded after import = 1

========================================================================
Received Import Request.
  Time since last request: 0.000020 seconds.
  path: Assets/Artwork/Units/water_Back_Shoot.png
  artifactKey: Guid(0aa049009d0e45d479107ad6a4f2f0c3) Importer(2089858483,192608db42251d675da83286b1cce702)
Start importing Assets/Artwork/Units/water_Back_Shoot.png using Guid(0aa049009d0e45d479107ad6a4f2f0c3) Importer(2089858483,192608db42251d675da83286b1cce702) (ScriptedImporter) -> (artifact id: 'd9065e15e1dc5afd66d7b7b84f3ec847') in 0.0614123 seconds
Number of updated asset objects reloaded before import = 0Number of asset objects unloaded after import = 7

========================================================================
Received Import Request.
  Time since last request: 0.000037 seconds.
  path: Assets/Artwork/UI/Realm Defence - Water Turret Button - Normal.png
  artifactKey: Guid(0001845a2b2ac14428c619b7f6a6ca13) Importer(2089858483,192608db42251d675da83286b1cce702)
Start importing Assets/Artwork/UI/Realm Defence - Water Turret Button - Normal.png using Guid(0001845a2b2ac14428c619b7f6a6ca13) Importer(2089858483,192608db42251d675da83286b1cce702) (ScriptedImporter) -> (artifact id: '53ea69ffed6d8e3ff26db8ef85fc758c') in 0.0362888 seconds
Number of updated asset objects reloaded before import = 0Number of asset objects unloaded after import = 3

========================================================================
Received Import Request.
  Time since last request: 0.000018 seconds.
  path: Assets/Scripts/MapChooser.cs
  artifactKey: Guid(2adb23c60f71b1a49b68c904bc5c6fc3) Importer(2089858483,192608db42251d675da83286b1cce702)
Start importing Assets/Scripts/MapChooser.cs using Guid(2adb23c60f71b1a49b68c904bc5c6fc3) Importer(2089858483,192608db42251d675da83286b1cce702) (ScriptedImporter) -> (artifact id: '1de86de1ce327eedacfa0e3a19c068f3') in 0.0184682 seconds
Number of updated asset objects reloaded before import = 0Number of asset objects unloaded after import = 0

========================================================================
Received Import Request.
  Time since last request: 0.000021 seconds.
  path: Assets/Artwork/Units/Water_Tower.png
  artifactKey: Guid(28e79717347b86740bedf5749ea630e6) Importer(2089858483,192608db42251d675da83286b1cce702)
Start importing Assets/Artwork/Units/Water_Tower.png using Guid(28e79717347b86740bedf5749ea630e6) Importer(2089858483,192608db42251d675da83286b1cce702) (ScriptedImporter) -> (artifact id: '149cd1c13fc164f8a08d09878afda0ce') in 0.0408024 seconds
Number of updated asset objects reloaded before import = 0Number of asset objects unloaded after import = 5

========================================================================
Received Import Request.
  Time since last request: 0.000029 seconds.
  path: Assets/Scripts/AudioManager.cs
  artifactKey: Guid(3494e2a1834956449be3aac70212be1c) Importer(2089858483,192608db42251d675da83286b1cce702)
Start importing Assets/Scripts/AudioManager.cs using Guid(3494e2a1834956449be3aac70212be1c) Importer(2089858483,192608db42251d675da83286b1cce702) (ScriptedImporter) -> (artifact id: '9eac19d9fbf0d35fe1efad2b0f882009') in 0.0234853 seconds
Number of updated asset objects reloaded before import = 0Number of asset objects unloaded after import = 0

========================================================================
Received Import Request.
  Time since last request: 0.000020 seconds.
  path: Assets/Artwork/Units/Standard_Tower.png
  artifactKey: Guid(22975852284d5564daa2ebabc8c73112) Importer(2089858483,192608db42251d675da83286b1cce702)
Start importing Assets/Artwork/Units/Standard_Tower.png using Guid(22975852284d5564daa2ebabc8c73112) Importer(2089858483,192608db42251d675da83286b1cce702) (ScriptedImporter) -> (artifact id: '7524b65c851fcf03642942e9adf9c170') in 0.0303464 seconds
Number of updated asset objects reloaded before import = 0Number of asset objects unloaded after import = 3

========================================================================
Received Import Request.
  Time since last request: 0.000026 seconds.
  path: Assets/Artwork/UI/Realm Defence - Standard Turret Button - Inactive.png
  artifactKey: Guid(3fb7d9cace1d2c74186f8ac5a041c21d) Importer(2089858483,192608db42251d675da83286b1cce702)
Start importing Assets/Artwork/UI/Realm Defence - Standard Turret Button - Inactive.png using Guid(3fb7d9cace1d2c74186f8ac5a041c21d) Importer(2089858483,192608db42251d675da83286b1cce702) (ScriptedImporter) -> (artifact id: '4a80a8bd29c29be4304d647ef75c038b') in 0.0379698 seconds
Number of updated asset objects reloaded before import = 0Number of asset objects unloaded after import = 3

========================================================================
Received Import Request.
  Time since last request: 0.000040 seconds.
  path: Assets/Audio/ButtonPress.mp3
  artifactKey: Guid(ae4324e4430d9dd47b82e4f146ad854f) Importer(2089858483,192608db42251d675da83286b1cce702)
Start importing Assets/Audio/ButtonPress.mp3 using Guid(ae4324e4430d9dd47b82e4f146ad854f) Importer(2089858483,192608db42251d675da83286b1cce702) (ScriptedImporter) -> (artifact id: 'd029fa4eed474b1b728c3aa3d0cce3bb') in 0.0641277 seconds
Number of updated asset objects reloaded before import = 0Number of asset objects unloaded after import = 1

========================================================================
Received Prepare
Refreshing native plugins compatible for Editor in 21.30 ms, found 4 plugins.
Preloading 0 native plugins for Editor in 0.00 ms.
Unloading 13 Unused Serialized files (Serialized files now loaded: 0)
Unloading 6758 unused Assets / (2.4 MB). Loaded Objects now: 7592.
Memory consumption went from 154.3 MB to 151.9 MB.
Total: 37.342400 ms (FindLiveObjects: 4.023900 ms CreateObjectMapping: 1.831700 ms MarkObjects: 27.576100 ms  DeleteObjects: 3.908700 ms)

Prepare: number of updated asset objects reloaded= 0
========================================================================
Received Import Request.
  Time since last request: 0.802040 seconds.
  path: Assets/Scripts/DestroyParticle.cs
  artifactKey: Guid(faf575f3989faa74aba2a5ab4d0d0919) Importer(815301076,1909f56bfc062723c751e8b465ee728b)
Start importing Assets/Scripts/DestroyParticle.cs using Guid(faf575f3989faa74aba2a5ab4d0d0919) Importer(815301076,1909f56bfc062723c751e8b465ee728b) (PreviewImporter) -> (artifact id: '0a151c18d9a9546365d2ec9d3b80c40a') in 0.0075028 seconds
Number of updated asset objects reloaded before import = 0Number of asset objects unloaded after import = 0

========================================================================
Received Prepare
Begin MonoManager ReloadAssembly
[Licensing::Client] Successfully resolved entitlement details
[Licensing::Module] License group:
  Id: F4-559Z-ESNU-EWRH-PCGX-XXXX
  Product: Unity Personal
  Type: ULF
  Expiration: Unlimited
[Licensing::Module] License group:
  Id: 5773053068775-UnityPersXXXX
  Product: Unity Personal
  Type: Assigned
  Expiration: Unlimited
- Loaded All Assemblies, in  1.485 seconds
Refreshing native plugins compatible for Editor in 2.91 ms, found 4 plugins.
Native extension for WindowsStandalone target not found
[Package Manager] Failed to launch server process. Reason: Unity was launched with the -noUpm command-line argument
[Package Manager] Unable to send message (not connected to server process).
[Package Manager] Cannot connect to Unity Package Manager local server
Mono: successfully reloaded assembly
- Finished resetting the current domain, in  1.659 seconds
Domain Reload Profiling: 3143ms
	BeginReloadAssembly (386ms)
		ExecutionOrderSort (0ms)
		DisableScriptedObjects (27ms)
		BackupInstance (0ms)
		ReleaseScriptingObjects (0ms)
		CreateAndSetChildDomain (121ms)
	RebuildCommonClasses (61ms)
	RebuildNativeTypeToScriptingClass (19ms)
	initialDomainReloadingComplete (42ms)
	LoadAllAssembliesAndSetupDomain (975ms)
		LoadAssemblies (650ms)
		RebuildTransferFunctionScriptingTraits (0ms)
		AnalyzeDomain (471ms)
			TypeCache.Refresh (18ms)
				TypeCache.ScanAssembly (1ms)
			BuildScriptInfoCaches (423ms)
			ResolveRequiredComponents (23ms)
	FinalizeReload (1660ms)
		ReleaseScriptCaches (0ms)
		RebuildScriptCaches (0ms)
		SetupLoadedEditorAssemblies (1371ms)
			LogAssemblyErrors (0ms)
			InitializePlatformSupportModulesInManaged (10ms)
			SetLoadedEditorAssemblies (24ms)
			BeforeProcessingInitializeOnLoad (398ms)
			ProcessInitializeOnLoadAttributes (828ms)
			ProcessInitializeOnLoadMethodAttributes (103ms)
			AfterProcessingInitializeOnLoad (7ms)
			EditorAssembliesLoaded (0ms)
		ExecutionOrderSort2 (0ms)
		AwakeInstancesAfterBackupRestoration (25ms)
Refreshing native plugins compatible for Editor in 2.69 ms, found 4 plugins.
Preloading 0 native plugins for Editor in 0.00 ms.
Unloading 13 Unused Serialized files (Serialized files now loaded: 0)
Unloading 6768 unused Assets / (5.0 MB). Loaded Objects now: 7595.
Memory consumption went from 153.5 MB to 148.5 MB.
Total: 11.382000 ms (FindLiveObjects: 0.641300 ms CreateObjectMapping: 0.729000 ms MarkObjects: 6.729700 ms  DeleteObjects: 3.280100 ms)

Prepare: number of updated asset objects reloaded= 0
========================================================================
Received Prepare
Refreshing native plugins compatible for Editor in 2.88 ms, found 4 plugins.
Preloading 0 native plugins for Editor in 0.00 ms.
Unloading 13 Unused Serialized files (Serialized files now loaded: 0)
Unloading 6758 unused Assets / (5.0 MB). Loaded Objects now: 7595.
Memory consumption went from 153.6 MB to 148.6 MB.
Total: 32.247400 ms (FindLiveObjects: 0.615900 ms CreateObjectMapping: 0.870900 ms MarkObjects: 27.907800 ms  DeleteObjects: 2.849800 ms)

Prepare: number of updated asset objects reloaded= 0
========================================================================
Received Prepare
Begin MonoManager ReloadAssembly
[Licensing::Client] Successfully resolved entitlement details
[Licensing::Module] License group:
  Id: F4-559Z-ESNU-EWRH-PCGX-XXXX
  Product: Unity Personal
  Type: ULF
  Expiration: Unlimited
[Licensing::Module] License group:
  Id: 5773053068775-UnityPersXXXX
  Product: Unity Personal
  Type: Assigned
  Expiration: Unlimited
- Loaded All Assemblies, in  0.862 seconds
Refreshing native plugins compatible for Editor in 2.60 ms, found 4 plugins.
Native extension for WindowsStandalone target not found
[Package Manager] Failed to launch server process. Reason: Unity was launched with the -noUpm command-line argument
[Package Manager] Unable to send message (not connected to server process).
[Package Manager] Cannot connect to Unity Package Manager local server
Mono: successfully reloaded assembly
- Finished resetting the current domain, in  0.858 seconds
Domain Reload Profiling: 1716ms
	BeginReloadAssembly (228ms)
		ExecutionOrderSort (0ms)
		DisableScriptedObjects (18ms)
		BackupInstance (0ms)
		ReleaseScriptingObjects (0ms)
		CreateAndSetChildDomain (46ms)
	RebuildCommonClasses (37ms)
	RebuildNativeTypeToScriptingClass (12ms)
	initialDomainReloadingComplete (40ms)
	LoadAllAssembliesAndSetupDomain (542ms)
		LoadAssemblies (399ms)
		RebuildTransferFunctionScriptingTraits (0ms)
		AnalyzeDomain (245ms)
			TypeCache.Refresh (12ms)
				TypeCache.ScanAssembly (0ms)
			BuildScriptInfoCaches (218ms)
			ResolveRequiredComponents (11ms)
	FinalizeReload (858ms)
		ReleaseScriptCaches (0ms)
		RebuildScriptCaches (0ms)
		SetupLoadedEditorAssemblies (708ms)
			LogAssemblyErrors (0ms)
			InitializePlatformSupportModulesInManaged (2ms)
			SetLoadedEditorAssemblies (5ms)
			BeforeProcessingInitializeOnLoad (130ms)
			ProcessInitializeOnLoadAttributes (497ms)
			ProcessInitializeOnLoadMethodAttributes (69ms)
			AfterProcessingInitializeOnLoad (5ms)
			EditorAssembliesLoaded (0ms)
		ExecutionOrderSort2 (0ms)
		AwakeInstancesAfterBackupRestoration (13ms)
Refreshing native plugins compatible for Editor in 2.29 ms, found 4 plugins.
Preloading 0 native plugins for Editor in 0.00 ms.
Unloading 13 Unused Serialized files (Serialized files now loaded: 0)
Unloading 6768 unused Assets / (4.8 MB). Loaded Objects now: 7598.
Memory consumption went from 153.5 MB to 148.7 MB.
Total: 8.061600 ms (FindLiveObjects: 0.713100 ms CreateObjectMapping: 0.536700 ms MarkObjects: 4.520600 ms  DeleteObjects: 2.289800 ms)

Prepare: number of updated asset objects reloaded= 0
========================================================================
Received Prepare
Refreshing native plugins compatible for Editor in 1.52 ms, found 4 plugins.
Preloading 0 native plugins for Editor in 0.00 ms.
Unloading 13 Unused Serialized files (Serialized files now loaded: 0)
Unloading 6759 unused Assets / (4.3 MB). Loaded Objects now: 7599.
Memory consumption went from 153.7 MB to 149.4 MB.
Total: 10.114000 ms (FindLiveObjects: 0.610100 ms CreateObjectMapping: 0.843100 ms MarkObjects: 6.527700 ms  DeleteObjects: 2.131500 ms)

Prepare: number of updated asset objects reloaded= 0
========================================================================
Received Import Request.
  Time since last request: 149.299203 seconds.
  path: Assets/Artwork/UI/Realm Defence - Electric Turret Button - Inactive.png
  artifactKey: Guid(e3d7ee3cd85b9244bafe40c7b9cc9ed7) Importer(2089858483,192608db42251d675da83286b1cce702)
Start importing Assets/Artwork/UI/Realm Defence - Electric Turret Button - Inactive.png using Guid(e3d7ee3cd85b9244bafe40c7b9cc9ed7) Importer(2089858483,192608db42251d675da83286b1cce702) (ScriptedImporter) -> (artifact id: 'd6bf7cec2c75a056687802438309d575') in 0.4562755 seconds
Number of updated asset objects reloaded before import = 0Number of asset objects unloaded after import = 3

========================================================================
Received Import Request.
  Time since last request: 0.000024 seconds.
  path: Assets/Scripts/DestroyParticle.cs
  artifactKey: Guid(faf575f3989faa74aba2a5ab4d0d0919) Importer(2089858483,192608db42251d675da83286b1cce702)
Start importing Assets/Scripts/DestroyParticle.cs using Guid(faf575f3989faa74aba2a5ab4d0d0919) Importer(2089858483,192608db42251d675da83286b1cce702) (ScriptedImporter) -> (artifact id: 'cd528a708122dd737d6ddd3befdaddba') in 0.0188222 seconds
Number of updated asset objects reloaded before import = 0Number of asset objects unloaded after import = 0

========================================================================
Received Import Request.
  Time since last request: 0.000041 seconds.
  path: Assets/Audio/Realm Defence - Frozen Lake.mp3
  artifactKey: Guid(1ce8d06f8c753d64ebe18f5f9f71746d) Importer(2089858483,192608db42251d675da83286b1cce702)
Start importing Assets/Audio/Realm Defence - Frozen Lake.mp3 using Guid(1ce8d06f8c753d64ebe18f5f9f71746d) Importer(2089858483,192608db42251d675da83286b1cce702) (ScriptedImporter) -> (artifact id: '1f1495ecf8abea9d8c8688edfbd6772c') in 0.1836854 seconds
Number of updated asset objects reloaded before import = 0Number of asset objects unloaded after import = 1

========================================================================
Received Import Request.
  Time since last request: 0.003942 seconds.
  path: Assets/Artwork/Units/water_Back.png
  artifactKey: Guid(8f1f7b88229d58b428298b28813efe9e) Importer(2089858483,192608db42251d675da83286b1cce702)
Start importing Assets/Artwork/Units/water_Back.png using Guid(8f1f7b88229d58b428298b28813efe9e) Importer(2089858483,192608db42251d675da83286b1cce702) (ScriptedImporter) -> (artifact id: '6494cd86ce8c9be3712bfb9023c5e784') in 0.421847 seconds
Number of updated asset objects reloaded before import = 0Number of asset objects unloaded after import = 6

========================================================================
Received Import Request.
  Time since last request: 0.000029 seconds.
  path: Assets/Enemy art
  artifactKey: Guid(221f516d2a566c842bb2f6c99b46a883) Importer(2089858483,192608db42251d675da83286b1cce702)
Start importing Assets/Enemy art using Guid(221f516d2a566c842bb2f6c99b46a883) Importer(2089858483,192608db42251d675da83286b1cce702) (ScriptedImporter) -> (artifact id: '8894ab3fbc9f3396e2f57d5012bdb162') in 0.0624106 seconds
Number of updated asset objects reloaded before import = 0Number of asset objects unloaded after import = 1

========================================================================
Received Import Request.
  Time since last request: 0.007335 seconds.
  path: Assets/Artwork/UI/Realm Defence - Fire Turret Button - Normal.png
  artifactKey: Guid(1006767b415d44740b3079ce8ce09a91) Importer(2089858483,192608db42251d675da83286b1cce702)
Start importing Assets/Artwork/UI/Realm Defence - Fire Turret Button - Normal.png using Guid(1006767b415d44740b3079ce8ce09a91) Importer(2089858483,192608db42251d675da83286b1cce702) (ScriptedImporter) -> (artifact id: '46d8159733a50863975b71b7aeee9a1b') in 0.0801829 seconds
Number of updated asset objects reloaded before import = 0Number of asset objects unloaded after import = 3

========================================================================
Received Import Request.
  Time since last request: 0.000046 seconds.
  path: Assets/Artwork/Units/Fire_Back.png
  artifactKey: Guid(eaa7c551101632745bfb0deec02e7a22) Importer(2089858483,192608db42251d675da83286b1cce702)
Start importing Assets/Artwork/Units/Fire_Back.png using Guid(eaa7c551101632745bfb0deec02e7a22) Importer(2089858483,192608db42251d675da83286b1cce702) (ScriptedImporter) -> (artifact id: '1ad8c87bce3bd86f152a8ab3a83a7793') in 0.0302847 seconds
Number of updated asset objects reloaded before import = 0Number of asset objects unloaded after import = 6

========================================================================
Received Import Request.
  Time since last request: 0.000030 seconds.
  path: Assets/Scripts/EnemyAttributes.cs
  artifactKey: Guid(7e98d1a2d8391dd4a954eb0e6eb112b9) Importer(2089858483,192608db42251d675da83286b1cce702)
Start importing Assets/Scripts/EnemyAttributes.cs using Guid(7e98d1a2d8391dd4a954eb0e6eb112b9) Importer(2089858483,192608db42251d675da83286b1cce702) (ScriptedImporter) -> (artifact id: '1bcaa84234f731c7fe10c386ac9178fa') in 0.0165154 seconds
Number of updated asset objects reloaded before import = 0Number of asset objects unloaded after import = 0

========================================================================
Received Import Request.
  Time since last request: 0.326236 seconds.
  path: Assets/Prefabs/Enemies/DestroyParticle.cs
  artifactKey: Guid(361a92d5afc191342964a1e39253532d) Importer(2089858483,192608db42251d675da83286b1cce702)
Start importing Assets/Prefabs/Enemies/DestroyParticle.cs using Guid(361a92d5afc191342964a1e39253532d) Importer(2089858483,192608db42251d675da83286b1cce702) (ScriptedImporter) -> (artifact id: '191b8a3764e22418a9328c221e03426b') in 0.0183093 seconds
Number of updated asset objects reloaded before import = 0Number of asset objects unloaded after import = 0

========================================================================
Received Prepare
Refreshing native plugins compatible for Editor in 6.41 ms, found 4 plugins.
Preloading 0 native plugins for Editor in 0.00 ms.
Unloading 13 Unused Serialized files (Serialized files now loaded: 0)
Unloading 6758 unused Assets / (4.8 MB). Loaded Objects now: 7598.
Memory consumption went from 153.9 MB to 149.2 MB.
Total: 17.791900 ms (FindLiveObjects: 0.718100 ms CreateObjectMapping: 0.887600 ms MarkObjects: 12.508300 ms  DeleteObjects: 3.675900 ms)

Prepare: number of updated asset objects reloaded= 0
========================================================================
Received Prepare
Begin MonoManager ReloadAssembly
[Licensing::Client] Successfully resolved entitlement details
[Licensing::Module] License group:
  Id: F4-559Z-ESNU-EWRH-PCGX-XXXX
  Product: Unity Personal
  Type: ULF
  Expiration: Unlimited
[Licensing::Module] License group:
  Id: 5773053068775-UnityPersXXXX
  Product: Unity Personal
  Type: Assigned
  Expiration: Unlimited
- Loaded All Assemblies, in  1.248 seconds
Refreshing native plugins compatible for Editor in 2.99 ms, found 4 plugins.
Native extension for WindowsStandalone target not found
[Package Manager] Failed to launch server process. Reason: Unity was launched with the -noUpm command-line argument
[Package Manager] Unable to send message (not connected to server process).
[Package Manager] Cannot connect to Unity Package Manager local server
Mono: successfully reloaded assembly
- Finished resetting the current domain, in  1.267 seconds
Domain Reload Profiling: 2513ms
	BeginReloadAssembly (366ms)
		ExecutionOrderSort (0ms)
		DisableScriptedObjects (21ms)
		BackupInstance (0ms)
		ReleaseScriptingObjects (0ms)
		CreateAndSetChildDomain (100ms)
	RebuildCommonClasses (55ms)
	RebuildNativeTypeToScriptingClass (22ms)
	initialDomainReloadingComplete (81ms)
	LoadAllAssembliesAndSetupDomain (721ms)
		LoadAssemblies (570ms)
		RebuildTransferFunctionScriptingTraits (0ms)
		AnalyzeDomain (309ms)
			TypeCache.Refresh (8ms)
				TypeCache.ScanAssembly (0ms)
			BuildScriptInfoCaches (281ms)
			ResolveRequiredComponents (15ms)
	FinalizeReload (1268ms)
		ReleaseScriptCaches (0ms)
		RebuildScriptCaches (0ms)
		SetupLoadedEditorAssemblies (1006ms)
			LogAssemblyErrors (0ms)
			InitializePlatformSupportModulesInManaged (3ms)
			SetLoadedEditorAssemblies (10ms)
			BeforeProcessingInitializeOnLoad (237ms)
			ProcessInitializeOnLoadAttributes (647ms)
			ProcessInitializeOnLoadMethodAttributes (99ms)
			AfterProcessingInitializeOnLoad (9ms)
			EditorAssembliesLoaded (0ms)
		ExecutionOrderSort2 (0ms)
		AwakeInstancesAfterBackupRestoration (22ms)
Refreshing native plugins compatible for Editor in 2.46 ms, found 4 plugins.
Preloading 0 native plugins for Editor in 0.00 ms.
Unloading 13 Unused Serialized files (Serialized files now loaded: 0)
Unloading 6768 unused Assets / (4.5 MB). Loaded Objects now: 7601.
Memory consumption went from 153.6 MB to 149.0 MB.
Total: 8.378000 ms (FindLiveObjects: 1.115300 ms CreateObjectMapping: 0.771900 ms MarkObjects: 4.380300 ms  DeleteObjects: 2.109100 ms)

Prepare: number of updated asset objects reloaded= 0
========================================================================
Received Import Request.
  Time since last request: 29.590245 seconds.
  path: Assets/Prefabs/Enemies/NormalTypeEnemy.prefab
  artifactKey: Guid(806f0a84746080140bd493f612f96570) Importer(815301076,1909f56bfc062723c751e8b465ee728b)
Start importing Assets/Prefabs/Enemies/NormalTypeEnemy.prefab using Guid(806f0a84746080140bd493f612f96570) Importer(815301076,1909f56bfc062723c751e8b465ee728b) (PreviewImporter) -> (artifact id: 'da28e4ba5ee410acc9b564de8ccab2a8') in 0.4981821 seconds
Number of updated asset objects reloaded before import = 0Number of asset objects unloaded after import = 86

========================================================================
Received Prepare
Begin MonoManager ReloadAssembly
- Loaded All Assemblies, in  1.289 seconds
Refreshing native plugins compatible for Editor in 2.60 ms, found 4 plugins.
Native extension for WindowsStandalone target not found
[Package Manager] Failed to launch server process. Reason: Unity was launched with the -noUpm command-line argument
[Package Manager] Unable to send message (not connected to server process).
[Package Manager] Cannot connect to Unity Package Manager local server
Mono: successfully reloaded assembly
- Finished resetting the current domain, in  1.540 seconds
Domain Reload Profiling: 2818ms
	BeginReloadAssembly (390ms)
		ExecutionOrderSort (0ms)
		DisableScriptedObjects (37ms)
		BackupInstance (0ms)
		ReleaseScriptingObjects (0ms)
		CreateAndSetChildDomain (78ms)
	RebuildCommonClasses (51ms)
	RebuildNativeTypeToScriptingClass (21ms)
	initialDomainReloadingComplete (43ms)
	LoadAllAssembliesAndSetupDomain (773ms)
		LoadAssemblies (565ms)
		RebuildTransferFunctionScriptingTraits (0ms)
		AnalyzeDomain (351ms)
			TypeCache.Refresh (14ms)
				TypeCache.ScanAssembly (0ms)
			BuildScriptInfoCaches (316ms)
			ResolveRequiredComponents (16ms)
	FinalizeReload (1540ms)
		ReleaseScriptCaches (0ms)
		RebuildScriptCaches (0ms)
		SetupLoadedEditorAssemblies (1265ms)
			LogAssemblyErrors (0ms)
			InitializePlatformSupportModulesInManaged (3ms)
			SetLoadedEditorAssemblies (11ms)
			BeforeProcessingInitializeOnLoad (353ms)
			ProcessInitializeOnLoadAttributes (767ms)
			ProcessInitializeOnLoadMethodAttributes (119ms)
			AfterProcessingInitializeOnLoad (11ms)
			EditorAssembliesLoaded (0ms)
		ExecutionOrderSort2 (0ms)
		AwakeInstancesAfterBackupRestoration (28ms)
Refreshing native plugins compatible for Editor in 6.40 ms, found 4 plugins.
Preloading 0 native plugins for Editor in 0.00 ms.
Unloading 13 Unused Serialized files (Serialized files now loaded: 0)
Unloading 6768 unused Assets / (4.5 MB). Loaded Objects now: 7625.
Memory consumption went from 153.9 MB to 149.4 MB.
Total: 16.307900 ms (FindLiveObjects: 0.883700 ms CreateObjectMapping: 5.030600 ms MarkObjects: 6.844800 ms  DeleteObjects: 3.547100 ms)

Prepare: number of updated asset objects reloaded= 0
========================================================================
Received Import Request.
  Time since last request: 49.134845 seconds.
  path: Assets/Prefabs/Enemies/NormalTypeEnemy.prefab
  artifactKey: Guid(806f0a84746080140bd493f612f96570) Importer(815301076,1909f56bfc062723c751e8b465ee728b)
Start importing Assets/Prefabs/Enemies/NormalTypeEnemy.prefab using Guid(806f0a84746080140bd493f612f96570) Importer(815301076,1909f56bfc062723c751e8b465ee728b) (PreviewImporter) -> (artifact id: '484e80899cc8d7e9c61e75cfc857c7f3') in 0.4965064 seconds
Number of updated asset objects reloaded before import = 0Number of asset objects unloaded after import = 86

========================================================================
Received Prepare
Begin MonoManager ReloadAssembly
[Licensing::Client] Successfully resolved entitlement details
[Licensing::Module] License group:
  Id: F4-559Z-ESNU-EWRH-PCGX-XXXX
  Product: Unity Personal
  Type: ULF
  Expiration: Unlimited
[Licensing::Module] License group:
  Id: 5773053068775-UnityPersXXXX
  Product: Unity Personal
  Type: Assigned
  Expiration: Unlimited
- Loaded All Assemblies, in  0.900 seconds
Refreshing native plugins compatible for Editor in 1.56 ms, found 4 plugins.
Native extension for WindowsStandalone target not found
[Package Manager] Failed to launch server process. Reason: Unity was launched with the -noUpm command-line argument
[Package Manager] Unable to send message (not connected to server process).
[Package Manager] Cannot connect to Unity Package Manager local server
Mono: successfully reloaded assembly
- Finished resetting the current domain, in  0.971 seconds
Domain Reload Profiling: 1870ms
	BeginReloadAssembly (267ms)
		ExecutionOrderSort (0ms)
		DisableScriptedObjects (31ms)
		BackupInstance (0ms)
		ReleaseScriptingObjects (0ms)
		CreateAndSetChildDomain (64ms)
	RebuildCommonClasses (38ms)
	RebuildNativeTypeToScriptingClass (13ms)
	initialDomainReloadingComplete (32ms)
	LoadAllAssembliesAndSetupDomain (547ms)
		LoadAssemblies (404ms)
		RebuildTransferFunctionScriptingTraits (0ms)
		AnalyzeDomain (249ms)
			TypeCache.Refresh (7ms)
				TypeCache.ScanAssembly (0ms)
			BuildScriptInfoCaches (228ms)
			ResolveRequiredComponents (10ms)
	FinalizeReload (972ms)
		ReleaseScriptCaches (0ms)
		RebuildScriptCaches (0ms)
		SetupLoadedEditorAssemblies (798ms)
			LogAssemblyErrors (0ms)
			InitializePlatformSupportModulesInManaged (3ms)
			SetLoadedEditorAssemblies (6ms)
			BeforeProcessingInitializeOnLoad (145ms)
			ProcessInitializeOnLoadAttributes (561ms)
			ProcessInitializeOnLoadMethodAttributes (74ms)
			AfterProcessingInitializeOnLoad (7ms)
			EditorAssembliesLoaded (0ms)
		ExecutionOrderSort2 (0ms)
		AwakeInstancesAfterBackupRestoration (19ms)
Refreshing native plugins compatible for Editor in 1.99 ms, found 4 plugins.
Preloading 0 native plugins for Editor in 0.00 ms.
Unloading 13 Unused Serialized files (Serialized files now loaded: 0)
Unloading 6768 unused Assets / (5.2 MB). Loaded Objects now: 7648.
Memory consumption went from 153.8 MB to 148.6 MB.
Total: 10.484800 ms (FindLiveObjects: 0.557600 ms CreateObjectMapping: 0.538800 ms MarkObjects: 6.300300 ms  DeleteObjects: 3.086600 ms)

Prepare: number of updated asset objects reloaded= 0
========================================================================
Received Prepare
Begin MonoManager ReloadAssembly
- Loaded All Assemblies, in  0.840 seconds
Refreshing native plugins compatible for Editor in 1.88 ms, found 4 plugins.
Native extension for WindowsStandalone target not found
[Package Manager] Failed to launch server process. Reason: Unity was launched with the -noUpm command-line argument
[Package Manager] Unable to send message (not connected to server process).
[Package Manager] Cannot connect to Unity Package Manager local server
Mono: successfully reloaded assembly
- Finished resetting the current domain, in  0.900 seconds
Domain Reload Profiling: 1739ms
	BeginReloadAssembly (228ms)
		ExecutionOrderSort (0ms)
		DisableScriptedObjects (14ms)
		BackupInstance (0ms)
		ReleaseScriptingObjects (0ms)
		CreateAndSetChildDomain (54ms)
	RebuildCommonClasses (47ms)
	RebuildNativeTypeToScriptingClass (16ms)
	initialDomainReloadingComplete (31ms)
	LoadAllAssembliesAndSetupDomain (517ms)
		LoadAssemblies (381ms)
		RebuildTransferFunctionScriptingTraits (0ms)
		AnalyzeDomain (235ms)
			TypeCache.Refresh (7ms)
				TypeCache.ScanAssembly (0ms)
			BuildScriptInfoCaches (213ms)
			ResolveRequiredComponents (11ms)
	FinalizeReload (900ms)
		ReleaseScriptCaches (0ms)
		RebuildScriptCaches (0ms)
		SetupLoadedEditorAssemblies (744ms)
			LogAssemblyErrors (0ms)
			InitializePlatformSupportModulesInManaged (2ms)
			SetLoadedEditorAssemblies (5ms)
			BeforeProcessingInitializeOnLoad (141ms)
			ProcessInitializeOnLoadAttributes (520ms)
			ProcessInitializeOnLoadMethodAttributes (68ms)
			AfterProcessingInitializeOnLoad (7ms)
			EditorAssembliesLoaded (0ms)
		ExecutionOrderSort2 (0ms)
		AwakeInstancesAfterBackupRestoration (18ms)
Refreshing native plugins compatible for Editor in 2.40 ms, found 4 plugins.
Preloading 0 native plugins for Editor in 0.00 ms.
Unloading 13 Unused Serialized files (Serialized files now loaded: 0)
Unloading 6768 unused Assets / (4.7 MB). Loaded Objects now: 7651.
Memory consumption went from 153.8 MB to 149.0 MB.
Total: 8.887300 ms (FindLiveObjects: 0.517400 ms CreateObjectMapping: 0.496200 ms MarkObjects: 5.053800 ms  DeleteObjects: 2.818400 ms)

Prepare: number of updated asset objects reloaded= 0
========================================================================
Received Prepare
Begin MonoManager ReloadAssembly
[Licensing::Client] Successfully resolved entitlement details
[Licensing::Module] License group:
  Id: F4-559Z-ESNU-EWRH-PCGX-XXXX
  Product: Unity Personal
  Type: ULF
  Expiration: Unlimited
[Licensing::Module] License group:
  Id: 5773053068775-UnityPersXXXX
  Product: Unity Personal
  Type: Assigned
  Expiration: Unlimited
- Loaded All Assemblies, in  0.823 seconds
Refreshing native plugins compatible for Editor in 1.83 ms, found 4 plugins.
Native extension for WindowsStandalone target not found
[Package Manager] Failed to launch server process. Reason: Unity was launched with the -noUpm command-line argument
[Package Manager] Unable to send message (not connected to server process).
[Package Manager] Cannot connect to Unity Package Manager local server
Mono: successfully reloaded assembly
- Finished resetting the current domain, in  0.914 seconds
Domain Reload Profiling: 1734ms
	BeginReloadAssembly (229ms)
		ExecutionOrderSort (0ms)
		DisableScriptedObjects (17ms)
		BackupInstance (0ms)
		ReleaseScriptingObjects (0ms)
		CreateAndSetChildDomain (42ms)
	RebuildCommonClasses (33ms)
	RebuildNativeTypeToScriptingClass (12ms)
	initialDomainReloadingComplete (29ms)
	LoadAllAssembliesAndSetupDomain (517ms)
		LoadAssemblies (386ms)
		RebuildTransferFunctionScriptingTraits (0ms)
		AnalyzeDomain (237ms)
			TypeCache.Refresh (6ms)
				TypeCache.ScanAssembly (0ms)
			BuildScriptInfoCaches (214ms)
			ResolveRequiredComponents (12ms)
	FinalizeReload (915ms)
		ReleaseScriptCaches (0ms)
		RebuildScriptCaches (0ms)
		SetupLoadedEditorAssemblies (753ms)
			LogAssemblyErrors (0ms)
			InitializePlatformSupportModulesInManaged (3ms)
			SetLoadedEditorAssemblies (6ms)
			BeforeProcessingInitializeOnLoad (146ms)
			ProcessInitializeOnLoadAttributes (525ms)
			ProcessInitializeOnLoadMethodAttributes (66ms)
			AfterProcessingInitializeOnLoad (7ms)
			EditorAssembliesLoaded (0ms)
		ExecutionOrderSort2 (0ms)
		AwakeInstancesAfterBackupRestoration (17ms)
Refreshing native plugins compatible for Editor in 1.74 ms, found 4 plugins.
Preloading 0 native plugins for Editor in 0.00 ms.
Unloading 13 Unused Serialized files (Serialized files now loaded: 0)
Unloading 6768 unused Assets / (5.1 MB). Loaded Objects now: 7654.
Memory consumption went from 153.8 MB to 148.7 MB.
Total: 9.709200 ms (FindLiveObjects: 0.565500 ms CreateObjectMapping: 0.521800 ms MarkObjects: 6.142700 ms  DeleteObjects: 2.477500 ms)

Prepare: number of updated asset objects reloaded= 0
========================================================================
Received Prepare
Begin MonoManager ReloadAssembly
- Loaded All Assemblies, in  0.818 seconds
Refreshing native plugins compatible for Editor in 1.59 ms, found 4 plugins.
Native extension for WindowsStandalone target not found
[Package Manager] Failed to launch server process. Reason: Unity was launched with the -noUpm command-line argument
[Package Manager] Unable to send message (not connected to server process).
[Package Manager] Cannot connect to Unity Package Manager local server
Mono: successfully reloaded assembly
- Finished resetting the current domain, in  0.947 seconds
Domain Reload Profiling: 1766ms
	BeginReloadAssembly (224ms)
		ExecutionOrderSort (0ms)
		DisableScriptedObjects (14ms)
		BackupInstance (0ms)
		ReleaseScriptingObjects (0ms)
		CreateAndSetChildDomain (42ms)
	RebuildCommonClasses (36ms)
	RebuildNativeTypeToScriptingClass (11ms)
	initialDomainReloadingComplete (35ms)
	LoadAllAssembliesAndSetupDomain (511ms)
		LoadAssemblies (379ms)
		RebuildTransferFunctionScriptingTraits (0ms)
		AnalyzeDomain (232ms)
			TypeCache.Refresh (8ms)
				TypeCache.ScanAssembly (0ms)
			BuildScriptInfoCaches (206ms)
			ResolveRequiredComponents (13ms)
	FinalizeReload (948ms)
		ReleaseScriptCaches (0ms)
		RebuildScriptCaches (0ms)
		SetupLoadedEditorAssemblies (784ms)
			LogAssemblyErrors (0ms)
			InitializePlatformSupportModulesInManaged (2ms)
			SetLoadedEditorAssemblies (6ms)
			BeforeProcessingInitializeOnLoad (139ms)
			ProcessInitializeOnLoadAttributes (558ms)
			ProcessInitializeOnLoadMethodAttributes (72ms)
			AfterProcessingInitializeOnLoad (7ms)
			EditorAssembliesLoaded (0ms)
		ExecutionOrderSort2 (0ms)
		AwakeInstancesAfterBackupRestoration (18ms)
Refreshing native plugins compatible for Editor in 2.37 ms, found 4 plugins.
Preloading 0 native plugins for Editor in 0.00 ms.
Unloading 13 Unused Serialized files (Serialized files now loaded: 0)
Unloading 6768 unused Assets / (5.0 MB). Loaded Objects now: 7657.
Memory consumption went from 153.8 MB to 148.8 MB.
Total: 9.579600 ms (FindLiveObjects: 0.683200 ms CreateObjectMapping: 0.724100 ms MarkObjects: 5.002400 ms  DeleteObjects: 3.168400 ms)

Prepare: number of updated asset objects reloaded= 0
========================================================================
Received Prepare
Begin MonoManager ReloadAssembly
- Loaded All Assemblies, in  0.833 seconds
Refreshing native plugins compatible for Editor in 1.79 ms, found 4 plugins.
Native extension for WindowsStandalone target not found
[Package Manager] Failed to launch server process. Reason: Unity was launched with the -noUpm command-line argument
[Package Manager] Unable to send message (not connected to server process).
[Package Manager] Cannot connect to Unity Package Manager local server
Mono: successfully reloaded assembly
- Finished resetting the current domain, in  0.955 seconds
Domain Reload Profiling: 1786ms
	BeginReloadAssembly (226ms)
		ExecutionOrderSort (0ms)
		DisableScriptedObjects (15ms)
		BackupInstance (0ms)
		ReleaseScriptingObjects (0ms)
		CreateAndSetChildDomain (44ms)
	RebuildCommonClasses (36ms)
	RebuildNativeTypeToScriptingClass (11ms)
	initialDomainReloadingComplete (30ms)
	LoadAllAssembliesAndSetupDomain (525ms)
		LoadAssemblies (400ms)
		RebuildTransferFunctionScriptingTraits (0ms)
		AnalyzeDomain (231ms)
			TypeCache.Refresh (6ms)
				TypeCache.ScanAssembly (0ms)
			BuildScriptInfoCaches (210ms)
			ResolveRequiredComponents (11ms)
	FinalizeReload (956ms)
		ReleaseScriptCaches (0ms)
		RebuildScriptCaches (0ms)
		SetupLoadedEditorAssemblies (782ms)
			LogAssemblyErrors (0ms)
			InitializePlatformSupportModulesInManaged (2ms)
			SetLoadedEditorAssemblies (5ms)
			BeforeProcessingInitializeOnLoad (137ms)
			ProcessInitializeOnLoadAttributes (561ms)
			ProcessInitializeOnLoadMethodAttributes (70ms)
			AfterProcessingInitializeOnLoad (6ms)
			EditorAssembliesLoaded (0ms)
		ExecutionOrderSort2 (0ms)
		AwakeInstancesAfterBackupRestoration (20ms)
Refreshing native plugins compatible for Editor in 2.47 ms, found 4 plugins.
Preloading 0 native plugins for Editor in 0.00 ms.
Unloading 13 Unused Serialized files (Serialized files now loaded: 0)
Unloading 6768 unused Assets / (4.5 MB). Loaded Objects now: 7660.
Memory consumption went from 153.9 MB to 149.4 MB.
Total: 9.269700 ms (FindLiveObjects: 0.591300 ms CreateObjectMapping: 0.632300 ms MarkObjects: 5.600500 ms  DeleteObjects: 2.444300 ms)

Prepare: number of updated asset objects reloaded= 0
========================================================================
Received Prepare
Begin MonoManager ReloadAssembly
[Licensing::Client] Successfully resolved entitlement details
[Licensing::Module] License group:
  Id: F4-559Z-ESNU-EWRH-PCGX-XXXX
  Product: Unity Personal
  Type: ULF
  Expiration: Unlimited
[Licensing::Module] License group:
  Id: 5773053068775-UnityPersXXXX
  Product: Unity Personal
  Type: Assigned
  Expiration: Unlimited
- Loaded All Assemblies, in  0.852 seconds
Refreshing native plugins compatible for Editor in 2.79 ms, found 4 plugins.
Native extension for WindowsStandalone target not found
[Package Manager] Failed to launch server process. Reason: Unity was launched with the -noUpm command-line argument
[Package Manager] Unable to send message (not connected to server process).
[Package Manager] Cannot connect to Unity Package Manager local server
Mono: successfully reloaded assembly
- Finished resetting the current domain, in  0.893 seconds
Domain Reload Profiling: 1743ms
	BeginReloadAssembly (228ms)
		ExecutionOrderSort (0ms)
		DisableScriptedObjects (19ms)
		BackupInstance (0ms)
		ReleaseScriptingObjects (0ms)
		CreateAndSetChildDomain (44ms)
	RebuildCommonClasses (46ms)
	RebuildNativeTypeToScriptingClass (14ms)
	initialDomainReloadingComplete (32ms)
	LoadAllAssembliesAndSetupDomain (530ms)
		LoadAssemblies (377ms)
		RebuildTransferFunctionScriptingTraits (0ms)
		AnalyzeDomain (256ms)
			TypeCache.Refresh (7ms)
				TypeCache.ScanAssembly (0ms)
			BuildScriptInfoCaches (233ms)
			ResolveRequiredComponents (10ms)
	FinalizeReload (893ms)
		ReleaseScriptCaches (0ms)
		RebuildScriptCaches (0ms)
		SetupLoadedEditorAssemblies (739ms)
			LogAssemblyErrors (0ms)
			InitializePlatformSupportModulesInManaged (2ms)
			SetLoadedEditorAssemblies (4ms)
			BeforeProcessingInitializeOnLoad (136ms)
			ProcessInitializeOnLoadAttributes (519ms)
			ProcessInitializeOnLoadMethodAttributes (72ms)
			AfterProcessingInitializeOnLoad (5ms)
			EditorAssembliesLoaded (0ms)
		ExecutionOrderSort2 (0ms)
		AwakeInstancesAfterBackupRestoration (16ms)
Refreshing native plugins compatible for Editor in 2.25 ms, found 4 plugins.
Preloading 0 native plugins for Editor in 0.00 ms.
Unloading 13 Unused Serialized files (Serialized files now loaded: 0)
Unloading 6768 unused Assets / (4.5 MB). Loaded Objects now: 7663.
Memory consumption went from 153.8 MB to 149.3 MB.
Total: 9.600200 ms (FindLiveObjects: 0.636600 ms CreateObjectMapping: 0.513800 ms MarkObjects: 6.062100 ms  DeleteObjects: 2.386500 ms)

Prepare: number of updated asset objects reloaded= 0
========================================================================
Received Prepare
Refreshing native plugins compatible for Editor in 2.20 ms, found 4 plugins.
Preloading 0 native plugins for Editor in 0.00 ms.
Unloading 13 Unused Serialized files (Serialized files now loaded: 0)
Unloading 6758 unused Assets / (4.4 MB). Loaded Objects now: 7663.
Memory consumption went from 154.0 MB to 149.6 MB.
Total: 10.664000 ms (FindLiveObjects: 0.633400 ms CreateObjectMapping: 0.507000 ms MarkObjects: 6.654800 ms  DeleteObjects: 2.848900 ms)

Prepare: number of updated asset objects reloaded= 0
========================================================================
Received Prepare
Refreshing native plugins compatible for Editor in 1.93 ms, found 4 plugins.
Preloading 0 native plugins for Editor in 0.00 ms.
Unloading 13 Unused Serialized files (Serialized files now loaded: 0)
Unloading 6758 unused Assets / (5.0 MB). Loaded Objects now: 7663.
Memory consumption went from 154.0 MB to 149.0 MB.
Total: 9.367000 ms (FindLiveObjects: 0.577100 ms CreateObjectMapping: 0.558700 ms MarkObjects: 5.194300 ms  DeleteObjects: 3.035700 ms)

Prepare: number of updated asset objects reloaded= 0
========================================================================
Received Prepare
Refreshing native plugins compatible for Editor in 2.57 ms, found 4 plugins.
Preloading 0 native plugins for Editor in 0.00 ms.
Unloading 13 Unused Serialized files (Serialized files now loaded: 0)
Unloading 6758 unused Assets / (4.9 MB). Loaded Objects now: 7663.
Memory consumption went from 154.0 MB to 149.1 MB.
Total: 10.556900 ms (FindLiveObjects: 0.608300 ms CreateObjectMapping: 0.554800 ms MarkObjects: 4.784500 ms  DeleteObjects: 4.607700 ms)

Prepare: number of updated asset objects reloaded= 0
========================================================================
Received Prepare
Begin MonoManager ReloadAssembly
[Licensing::Client] Successfully resolved entitlement details
[Licensing::Module] License group:
  Id: F4-559Z-ESNU-EWRH-PCGX-XXXX
  Product: Unity Personal
  Type: ULF
  Expiration: Unlimited
[Licensing::Module] License group:
  Id: 5773053068775-UnityPersXXXX
  Product: Unity Personal
  Type: Assigned
  Expiration: Unlimited
- Loaded All Assemblies, in  0.843 seconds
Refreshing native plugins compatible for Editor in 2.06 ms, found 4 plugins.
Native extension for WindowsStandalone target not found
[Package Manager] Failed to launch server process. Reason: Unity was launched with the -noUpm command-line argument
[Package Manager] Unable to send message (not connected to server process).
[Package Manager] Cannot connect to Unity Package Manager local server
Mono: successfully reloaded assembly
- Finished resetting the current domain, in  0.893 seconds
Domain Reload Profiling: 1734ms
	BeginReloadAssembly (228ms)
		ExecutionOrderSort (0ms)
		DisableScriptedObjects (18ms)
		BackupInstance (0ms)
		ReleaseScriptingObjects (0ms)
		CreateAndSetChildDomain (44ms)
	RebuildCommonClasses (40ms)
	RebuildNativeTypeToScriptingClass (12ms)
	initialDomainReloadingComplete (32ms)
	LoadAllAssembliesAndSetupDomain (528ms)
		LoadAssemblies (395ms)
		RebuildTransferFunctionScriptingTraits (0ms)
		AnalyzeDomain (237ms)
			TypeCache.Refresh (11ms)
				TypeCache.ScanAssembly (0ms)
			BuildScriptInfoCaches (210ms)
			ResolveRequiredComponents (11ms)
	FinalizeReload (894ms)
		ReleaseScriptCaches (0ms)
		RebuildScriptCaches (0ms)
		SetupLoadedEditorAssemblies (731ms)
			LogAssemblyErrors (0ms)
			InitializePlatformSupportModulesInManaged (2ms)
			SetLoadedEditorAssemblies (5ms)
			BeforeProcessingInitializeOnLoad (135ms)
			ProcessInitializeOnLoadAttributes (528ms)
			ProcessInitializeOnLoadMethodAttributes (54ms)
			AfterProcessingInitializeOnLoad (6ms)
			EditorAssembliesLoaded (0ms)
		ExecutionOrderSort2 (0ms)
		AwakeInstancesAfterBackupRestoration (17ms)
Refreshing native plugins compatible for Editor in 2.05 ms, found 4 plugins.
Preloading 0 native plugins for Editor in 0.00 ms.
Unloading 13 Unused Serialized files (Serialized files now loaded: 0)
Unloading 6768 unused Assets / (4.9 MB). Loaded Objects now: 7666.
Memory consumption went from 153.9 MB to 149.1 MB.
Total: 8.982100 ms (FindLiveObjects: 0.678200 ms CreateObjectMapping: 0.690600 ms MarkObjects: 5.011900 ms  DeleteObjects: 2.599500 ms)

Prepare: number of updated asset objects reloaded= 0
========================================================================
Received Prepare
Begin MonoManager ReloadAssembly
- Loaded All Assemblies, in  0.806 seconds
Refreshing native plugins compatible for Editor in 2.21 ms, found 4 plugins.
Native extension for WindowsStandalone target not found
[Package Manager] Failed to launch server process. Reason: Unity was launched with the -noUpm command-line argument
[Package Manager] Unable to send message (not connected to server process).
[Package Manager] Cannot connect to Unity Package Manager local server
Mono: successfully reloaded assembly
- Finished resetting the current domain, in  0.941 seconds
Domain Reload Profiling: 1746ms
	BeginReloadAssembly (217ms)
		ExecutionOrderSort (0ms)
		DisableScriptedObjects (16ms)
		BackupInstance (0ms)
		ReleaseScriptingObjects (0ms)
		CreateAndSetChildDomain (42ms)
	RebuildCommonClasses (34ms)
	RebuildNativeTypeToScriptingClass (17ms)
	initialDomainReloadingComplete (29ms)
	LoadAllAssembliesAndSetupDomain (507ms)
		LoadAssemblies (356ms)
		RebuildTransferFunctionScriptingTraits (0ms)
		AnalyzeDomain (248ms)
			TypeCache.Refresh (7ms)
				TypeCache.ScanAssembly (0ms)
			BuildScriptInfoCaches (225ms)
			ResolveRequiredComponents (11ms)
	FinalizeReload (942ms)
		ReleaseScriptCaches (0ms)
		RebuildScriptCaches (0ms)
		SetupLoadedEditorAssemblies (773ms)
			LogAssemblyErrors (0ms)
			InitializePlatformSupportModulesInManaged (2ms)
			SetLoadedEditorAssemblies (7ms)
			BeforeProcessingInitializeOnLoad (142ms)
			ProcessInitializeOnLoadAttributes (550ms)
			ProcessInitializeOnLoadMethodAttributes (66ms)
			AfterProcessingInitializeOnLoad (6ms)
			EditorAssembliesLoaded (0ms)
		ExecutionOrderSort2 (0ms)
		AwakeInstancesAfterBackupRestoration (21ms)
Refreshing native plugins compatible for Editor in 1.53 ms, found 4 plugins.
Preloading 0 native plugins for Editor in 0.00 ms.
Unloading 13 Unused Serialized files (Serialized files now loaded: 0)
Unloading 6768 unused Assets / (4.4 MB). Loaded Objects now: 7669.
Memory consumption went from 154.0 MB to 149.6 MB.
Total: 8.596000 ms (FindLiveObjects: 0.595600 ms CreateObjectMapping: 0.566700 ms MarkObjects: 5.118700 ms  DeleteObjects: 2.313800 ms)

Prepare: number of updated asset objects reloaded= 0
========================================================================
Received Import Request.
  Time since last request: 671.020274 seconds.
  path: Assets/Prefabs/Enemies/FastTypeEnemy.prefab
  artifactKey: Guid(1f7080cd51344e44c8cce76297420b6e) Importer(815301076,1909f56bfc062723c751e8b465ee728b)
Start importing Assets/Prefabs/Enemies/FastTypeEnemy.prefab using Guid(1f7080cd51344e44c8cce76297420b6e) Importer(815301076,1909f56bfc062723c751e8b465ee728b) (PreviewImporter) -> (artifact id: '28cf61e6c0c3bc7096f755ce311a17d9') in 0.5180988 seconds
Number of updated asset objects reloaded before import = 0Number of asset objects unloaded after import = 65

========================================================================
Received Import Request.
  Time since last request: 2.816373 seconds.
  path: Assets/Prefabs/Enemies/NormalTypeEnemy.prefab
  artifactKey: Guid(806f0a84746080140bd493f612f96570) Importer(815301076,1909f56bfc062723c751e8b465ee728b)
Start importing Assets/Prefabs/Enemies/NormalTypeEnemy.prefab using Guid(806f0a84746080140bd493f612f96570) Importer(815301076,1909f56bfc062723c751e8b465ee728b) (PreviewImporter) -> (artifact id: '5aa36e6c6144f45396e94aef27275684') in 0.0372583 seconds
Number of updated asset objects reloaded before import = 0Number of asset objects unloaded after import = 86

========================================================================
Received Prepare
Begin MonoManager ReloadAssembly
[Licensing::Client] Successfully resolved entitlement details
[Licensing::Module] License group:
  Id: F4-559Z-ESNU-EWRH-PCGX-XXXX
  Product: Unity Personal
  Type: ULF
  Expiration: Unlimited
[Licensing::Module] License group:
  Id: 5773053068775-UnityPersXXXX
  Product: Unity Personal
  Type: Assigned
  Expiration: Unlimited
- Loaded All Assemblies, in  0.906 seconds
Refreshing native plugins compatible for Editor in 1.63 ms, found 4 plugins.
Native extension for WindowsStandalone target not found
[Package Manager] Failed to launch server process. Reason: Unity was launched with the -noUpm command-line argument
[Package Manager] Unable to send message (not connected to server process).
[Package Manager] Cannot connect to Unity Package Manager local server
Mono: successfully reloaded assembly
- Finished resetting the current domain, in  0.943 seconds
Domain Reload Profiling: 1847ms
	BeginReloadAssembly (275ms)
		ExecutionOrderSort (0ms)
		DisableScriptedObjects (35ms)
		BackupInstance (0ms)
		ReleaseScriptingObjects (0ms)
		CreateAndSetChildDomain (77ms)
	RebuildCommonClasses (37ms)
	RebuildNativeTypeToScriptingClass (14ms)
	initialDomainReloadingComplete (36ms)
	LoadAllAssembliesAndSetupDomain (542ms)
		LoadAssemblies (390ms)
		RebuildTransferFunctionScriptingTraits (0ms)
		AnalyzeDomain (250ms)
			TypeCache.Refresh (6ms)
				TypeCache.ScanAssembly (0ms)
			BuildScriptInfoCaches (229ms)
			ResolveRequiredComponents (10ms)
	FinalizeReload (943ms)
		ReleaseScriptCaches (0ms)
		RebuildScriptCaches (0ms)
		SetupLoadedEditorAssemblies (776ms)
			LogAssemblyErrors (0ms)
			InitializePlatformSupportModulesInManaged (2ms)
			SetLoadedEditorAssemblies (7ms)
			BeforeProcessingInitializeOnLoad (145ms)
			ProcessInitializeOnLoadAttributes (548ms)
			ProcessInitializeOnLoadMethodAttributes (69ms)
			AfterProcessingInitializeOnLoad (5ms)
			EditorAssembliesLoaded (0ms)
		ExecutionOrderSort2 (0ms)
		AwakeInstancesAfterBackupRestoration (15ms)
Refreshing native plugins compatible for Editor in 2.20 ms, found 4 plugins.
Preloading 0 native plugins for Editor in 0.00 ms.
Unloading 13 Unused Serialized files (Serialized files now loaded: 0)
Unloading 6768 unused Assets / (4.9 MB). Loaded Objects now: 7692.
Memory consumption went from 154.2 MB to 149.3 MB.
Total: 11.348900 ms (FindLiveObjects: 0.762400 ms CreateObjectMapping: 0.614100 ms MarkObjects: 6.339500 ms  DeleteObjects: 3.631400 ms)

Prepare: number of updated asset objects reloaded= 0
========================================================================
Received Prepare
Begin MonoManager ReloadAssembly
[Licensing::Client] Successfully resolved entitlement details
[Licensing::Module] License group:
  Id: F4-559Z-ESNU-EWRH-PCGX-XXXX
  Product: Unity Personal
  Type: ULF
  Expiration: Unlimited
[Licensing::Module] License group:
  Id: 5773053068775-UnityPersXXXX
  Product: Unity Personal
  Type: Assigned
  Expiration: Unlimited
- Loaded All Assemblies, in  0.839 seconds
Refreshing native plugins compatible for Editor in 1.73 ms, found 4 plugins.
Native extension for WindowsStandalone target not found
[Package Manager] Failed to launch server process. Reason: Unity was launched with the -noUpm command-line argument
[Package Manager] Unable to send message (not connected to server process).
[Package Manager] Cannot connect to Unity Package Manager local server
Mono: successfully reloaded assembly
- Finished resetting the current domain, in  0.941 seconds
Domain Reload Profiling: 1778ms
	BeginReloadAssembly (228ms)
		ExecutionOrderSort (0ms)
		DisableScriptedObjects (17ms)
		BackupInstance (0ms)
		ReleaseScriptingObjects (0ms)
		CreateAndSetChildDomain (47ms)
	RebuildCommonClasses (33ms)
	RebuildNativeTypeToScriptingClass (17ms)
	initialDomainReloadingComplete (44ms)
	LoadAllAssembliesAndSetupDomain (514ms)
		LoadAssemblies (384ms)
		RebuildTransferFunctionScriptingTraits (0ms)
		AnalyzeDomain (232ms)
			TypeCache.Refresh (6ms)
				TypeCache.ScanAssembly (0ms)
			BuildScriptInfoCaches (212ms)
			ResolveRequiredComponents (10ms)
	FinalizeReload (942ms)
		ReleaseScriptCaches (0ms)
		RebuildScriptCaches (0ms)
		SetupLoadedEditorAssemblies (777ms)
			LogAssemblyErrors (0ms)
			InitializePlatformSupportModulesInManaged (2ms)
			SetLoadedEditorAssemblies (5ms)
			BeforeProcessingInitializeOnLoad (143ms)
			ProcessInitializeOnLoadAttributes (554ms)
			ProcessInitializeOnLoadMethodAttributes (66ms)
			AfterProcessingInitializeOnLoad (6ms)
			EditorAssembliesLoaded (0ms)
		ExecutionOrderSort2 (0ms)
		AwakeInstancesAfterBackupRestoration (17ms)
Refreshing native plugins compatible for Editor in 3.65 ms, found 4 plugins.
Preloading 0 native plugins for Editor in 0.00 ms.
Unloading 13 Unused Serialized files (Serialized files now loaded: 0)
Unloading 6768 unused Assets / (5.3 MB). Loaded Objects now: 7695.
Memory consumption went from 154.1 MB to 148.8 MB.
Total: 12.531100 ms (FindLiveObjects: 0.985600 ms CreateObjectMapping: 1.310100 ms MarkObjects: 7.334500 ms  DeleteObjects: 2.899500 ms)

Prepare: number of updated asset objects reloaded= 0
========================================================================
Received Prepare
Refreshing native plugins compatible for Editor in 2.22 ms, found 4 plugins.
Preloading 0 native plugins for Editor in 0.00 ms.
Unloading 13 Unused Serialized files (Serialized files now loaded: 0)
Unloading 6758 unused Assets / (4.5 MB). Loaded Objects now: 7695.
Memory consumption went from 154.2 MB to 149.8 MB.
Total: 11.004800 ms (FindLiveObjects: 0.733000 ms CreateObjectMapping: 0.807900 ms MarkObjects: 6.254000 ms  DeleteObjects: 3.208100 ms)

Prepare: number of updated asset objects reloaded= 0
========================================================================
Received Import Request.
  Time since last request: 176.378651 seconds.
  path: Assets/Scripts/DestroyParticle.cs
  artifactKey: Guid(faf575f3989faa74aba2a5ab4d0d0919) Importer(815301076,1909f56bfc062723c751e8b465ee728b)
Start importing Assets/Scripts/DestroyParticle.cs using Guid(faf575f3989faa74aba2a5ab4d0d0919) Importer(815301076,1909f56bfc062723c751e8b465ee728b) (PreviewImporter) -> (artifact id: '75151ceb56d368724bb5de54ca5f40ba') in 0.013803 seconds
Number of updated asset objects reloaded before import = 0Number of asset objects unloaded after import = 0

========================================================================
Received Prepare
Begin MonoManager ReloadAssembly
[Licensing::Client] Successfully resolved entitlement details
[Licensing::Module] License group:
  Id: F4-559Z-ESNU-EWRH-PCGX-XXXX
  Product: Unity Personal
  Type: ULF
  Expiration: Unlimited
[Licensing::Module] License group:
  Id: 5773053068775-UnityPersXXXX
  Product: Unity Personal
  Type: Assigned
  Expiration: Unlimited
- Loaded All Assemblies, in  0.872 seconds
Refreshing native plugins compatible for Editor in 2.02 ms, found 4 plugins.
Native extension for WindowsStandalone target not found
[Package Manager] Failed to launch server process. Reason: Unity was launched with the -noUpm command-line argument
[Package Manager] Unable to send message (not connected to server process).
[Package Manager] Cannot connect to Unity Package Manager local server
Mono: successfully reloaded assembly
- Finished resetting the current domain, in  0.870 seconds
Domain Reload Profiling: 1742ms
	BeginReloadAssembly (245ms)
		ExecutionOrderSort (0ms)
		DisableScriptedObjects (20ms)
		BackupInstance (0ms)
		ReleaseScriptingObjects (0ms)
		CreateAndSetChildDomain (52ms)
	RebuildCommonClasses (38ms)
	RebuildNativeTypeToScriptingClass (14ms)
	initialDomainReloadingComplete (34ms)
	LoadAllAssembliesAndSetupDomain (539ms)
		LoadAssemblies (405ms)
		RebuildTransferFunctionScriptingTraits (0ms)
		AnalyzeDomain (239ms)
			TypeCache.Refresh (8ms)
				TypeCache.ScanAssembly (0ms)
			BuildScriptInfoCaches (215ms)
			ResolveRequiredComponents (10ms)
	FinalizeReload (871ms)
		ReleaseScriptCaches (0ms)
		RebuildScriptCaches (0ms)
		SetupLoadedEditorAssemblies (695ms)
			LogAssemblyErrors (0ms)
			InitializePlatformSupportModulesInManaged (3ms)
			SetLoadedEditorAssemblies (7ms)
			BeforeProcessingInitializeOnLoad (135ms)
			ProcessInitializeOnLoadAttributes (480ms)
			ProcessInitializeOnLoadMethodAttributes (64ms)
			AfterProcessingInitializeOnLoad (6ms)
			EditorAssembliesLoaded (0ms)
		ExecutionOrderSort2 (0ms)
		AwakeInstancesAfterBackupRestoration (14ms)
Refreshing native plugins compatible for Editor in 1.76 ms, found 4 plugins.
Preloading 0 native plugins for Editor in 0.00 ms.
Unloading 13 Unused Serialized files (Serialized files now loaded: 0)
Unloading 6768 unused Assets / (4.6 MB). Loaded Objects now: 7698.
Memory consumption went from 154.0 MB to 149.5 MB.
Total: 7.615300 ms (FindLiveObjects: 0.568500 ms CreateObjectMapping: 0.558300 ms MarkObjects: 4.260000 ms  DeleteObjects: 2.227300 ms)

Prepare: number of updated asset objects reloaded= 0
========================================================================
Received Prepare
Begin MonoManager ReloadAssembly
- Loaded All Assemblies, in  0.880 seconds
Refreshing native plugins compatible for Editor in 3.07 ms, found 4 plugins.
Native extension for WindowsStandalone target not found
[Package Manager] Failed to launch server process. Reason: Unity was launched with the -noUpm command-line argument
[Package Manager] Unable to send message (not connected to server process).
[Package Manager] Cannot connect to Unity Package Manager local server
Mono: successfully reloaded assembly
- Finished resetting the current domain, in  0.921 seconds
Domain Reload Profiling: 1797ms
	BeginReloadAssembly (224ms)
		ExecutionOrderSort (0ms)
		DisableScriptedObjects (13ms)
		BackupInstance (0ms)
		ReleaseScriptingObjects (0ms)
		CreateAndSetChildDomain (52ms)
	RebuildCommonClasses (37ms)
	RebuildNativeTypeToScriptingClass (12ms)
	initialDomainReloadingComplete (32ms)
	LoadAllAssembliesAndSetupDomain (571ms)
		LoadAssemblies (400ms)
		RebuildTransferFunctionScriptingTraits (0ms)
		AnalyzeDomain (264ms)
			TypeCache.Refresh (13ms)
				TypeCache.ScanAssembly (0ms)
			BuildScriptInfoCaches (233ms)
			ResolveRequiredComponents (13ms)
	FinalizeReload (922ms)
		ReleaseScriptCaches (0ms)
		RebuildScriptCaches (0ms)
		SetupLoadedEditorAssemblies (754ms)
			LogAssemblyErrors (0ms)
			InitializePlatformSupportModulesInManaged (2ms)
			SetLoadedEditorAssemblies (5ms)
			BeforeProcessingInitializeOnLoad (140ms)
			ProcessInitializeOnLoadAttributes (539ms)
			ProcessInitializeOnLoadMethodAttributes (60ms)
			AfterProcessingInitializeOnLoad (7ms)
			EditorAssembliesLoaded (0ms)
		ExecutionOrderSort2 (0ms)
		AwakeInstancesAfterBackupRestoration (18ms)
Refreshing native plugins compatible for Editor in 1.94 ms, found 4 plugins.
Preloading 0 native plugins for Editor in 0.00 ms.
Unloading 13 Unused Serialized files (Serialized files now loaded: 0)
Unloading 6768 unused Assets / (4.4 MB). Loaded Objects now: 7701.
Memory consumption went from 154.1 MB to 149.7 MB.
Total: 8.515700 ms (FindLiveObjects: 0.542300 ms CreateObjectMapping: 0.622200 ms MarkObjects: 5.265700 ms  DeleteObjects: 2.083600 ms)

Prepare: number of updated asset objects reloaded= 0
========================================================================
Received Prepare
Refreshing native plugins compatible for Editor in 2.25 ms, found 4 plugins.
Preloading 0 native plugins for Editor in 0.00 ms.
Unloading 13 Unused Serialized files (Serialized files now loaded: 0)
Unloading 6758 unused Assets / (4.6 MB). Loaded Objects now: 7701.
Memory consumption went from 154.3 MB to 149.7 MB.
Total: 11.045900 ms (FindLiveObjects: 0.673400 ms CreateObjectMapping: 1.368900 ms MarkObjects: 6.434100 ms  DeleteObjects: 2.567800 ms)

Prepare: number of updated asset objects reloaded= 0
========================================================================
Received Prepare
Begin MonoManager ReloadAssembly
[Licensing::Client] Successfully resolved entitlement details
[Licensing::Module] License group:
  Id: F4-559Z-ESNU-EWRH-PCGX-XXXX
  Product: Unity Personal
  Type: ULF
  Expiration: Unlimited
[Licensing::Module] License group:
  Id: 5773053068775-UnityPersXXXX
  Product: Unity Personal
  Type: Assigned
  Expiration: Unlimited
- Loaded All Assemblies, in  0.858 seconds
Refreshing native plugins compatible for Editor in 1.66 ms, found 4 plugins.
Native extension for WindowsStandalone target not found
[Package Manager] Failed to launch server process. Reason: Unity was launched with the -noUpm command-line argument
[Package Manager] Unable to send message (not connected to server process).
[Package Manager] Cannot connect to Unity Package Manager local server
Mono: successfully reloaded assembly
- Finished resetting the current domain, in  0.878 seconds
Domain Reload Profiling: 1735ms
	BeginReloadAssembly (233ms)
		ExecutionOrderSort (0ms)
		DisableScriptedObjects (19ms)
		BackupInstance (0ms)
		ReleaseScriptingObjects (0ms)
		CreateAndSetChildDomain (43ms)
	RebuildCommonClasses (52ms)
	RebuildNativeTypeToScriptingClass (14ms)
	initialDomainReloadingComplete (32ms)
	LoadAllAssembliesAndSetupDomain (525ms)
		LoadAssemblies (384ms)
		RebuildTransferFunctionScriptingTraits (0ms)
		AnalyzeDomain (239ms)
			TypeCache.Refresh (9ms)
				TypeCache.ScanAssembly (0ms)
			BuildScriptInfoCaches (214ms)
			ResolveRequiredComponents (12ms)
	FinalizeReload (878ms)
		ReleaseScriptCaches (0ms)
		RebuildScriptCaches (0ms)
		SetupLoadedEditorAssemblies (707ms)
			LogAssemblyErrors (0ms)
			InitializePlatformSupportModulesInManaged (2ms)
			SetLoadedEditorAssemblies (7ms)
			BeforeProcessingInitializeOnLoad (137ms)
			ProcessInitializeOnLoadAttributes (485ms)
			ProcessInitializeOnLoadMethodAttributes (68ms)
			AfterProcessingInitializeOnLoad (7ms)
			EditorAssembliesLoaded (0ms)
		ExecutionOrderSort2 (0ms)
		AwakeInstancesAfterBackupRestoration (15ms)
Refreshing native plugins compatible for Editor in 2.39 ms, found 4 plugins.
Preloading 0 native plugins for Editor in 0.00 ms.
Unloading 13 Unused Serialized files (Serialized files now loaded: 0)
Unloading 6768 unused Assets / (3.7 MB). Loaded Objects now: 7704.
Memory consumption went from 154.2 MB to 150.4 MB.
Total: 10.817500 ms (FindLiveObjects: 0.632400 ms CreateObjectMapping: 0.615100 ms MarkObjects: 6.042700 ms  DeleteObjects: 3.526100 ms)

Prepare: number of updated asset objects reloaded= 0
========================================================================
Received Prepare
Begin MonoManager ReloadAssembly
- Loaded All Assemblies, in  0.802 seconds
Refreshing native plugins compatible for Editor in 2.01 ms, found 4 plugins.
Native extension for WindowsStandalone target not found
[Package Manager] Failed to launch server process. Reason: Unity was launched with the -noUpm command-line argument
[Package Manager] Unable to send message (not connected to server process).
[Package Manager] Cannot connect to Unity Package Manager local server
Mono: successfully reloaded assembly
- Finished resetting the current domain, in  0.941 seconds
Domain Reload Profiling: 1742ms
	BeginReloadAssembly (220ms)
		ExecutionOrderSort (0ms)
		DisableScriptedObjects (15ms)
		BackupInstance (0ms)
		ReleaseScriptingObjects (0ms)
		CreateAndSetChildDomain (40ms)
	RebuildCommonClasses (38ms)
	RebuildNativeTypeToScriptingClass (12ms)
	initialDomainReloadingComplete (28ms)
	LoadAllAssembliesAndSetupDomain (501ms)
		LoadAssemblies (373ms)
		RebuildTransferFunctionScriptingTraits (0ms)
		AnalyzeDomain (232ms)
			TypeCache.Refresh (6ms)
				TypeCache.ScanAssembly (0ms)
			BuildScriptInfoCaches (210ms)
			ResolveRequiredComponents (11ms)
	FinalizeReload (942ms)
		ReleaseScriptCaches (0ms)
		RebuildScriptCaches (0ms)
		SetupLoadedEditorAssemblies (774ms)
			LogAssemblyErrors (0ms)
			InitializePlatformSupportModulesInManaged (3ms)
			SetLoadedEditorAssemblies (7ms)
			BeforeProcessingInitializeOnLoad (136ms)
			ProcessInitializeOnLoadAttributes (550ms)
			ProcessInitializeOnLoadMethodAttributes (70ms)
			AfterProcessingInitializeOnLoad (8ms)
			EditorAssembliesLoaded (0ms)
		ExecutionOrderSort2 (0ms)
		AwakeInstancesAfterBackupRestoration (17ms)
Refreshing native plugins compatible for Editor in 2.26 ms, found 4 plugins.
Preloading 0 native plugins for Editor in 0.00 ms.
Unloading 13 Unused Serialized files (Serialized files now loaded: 0)
Unloading 6768 unused Assets / (5.2 MB). Loaded Objects now: 7707.
Memory consumption went from 154.2 MB to 149.1 MB.
Total: 10.430300 ms (FindLiveObjects: 0.634100 ms CreateObjectMapping: 0.522000 ms MarkObjects: 5.439300 ms  DeleteObjects: 3.833400 ms)

Prepare: number of updated asset objects reloaded= 0
========================================================================
Received Prepare
Refreshing native plugins compatible for Editor in 1.73 ms, found 4 plugins.
Preloading 0 native plugins for Editor in 0.00 ms.
Unloading 13 Unused Serialized files (Serialized files now loaded: 0)
Unloading 6758 unused Assets / (4.9 MB). Loaded Objects now: 7707.
Memory consumption went from 154.4 MB to 149.4 MB.
Total: 10.610500 ms (FindLiveObjects: 0.820500 ms CreateObjectMapping: 1.252900 ms MarkObjects: 6.019100 ms  DeleteObjects: 2.516200 ms)

Prepare: number of updated asset objects reloaded= 0
========================================================================
Received Prepare
Begin MonoManager ReloadAssembly
- Loaded All Assemblies, in  0.850 seconds
Refreshing native plugins compatible for Editor in 2.41 ms, found 4 plugins.
Native extension for WindowsStandalone target not found
[Package Manager] Failed to launch server process. Reason: Unity was launched with the -noUpm command-line argument
[Package Manager] Unable to send message (not connected to server process).
[Package Manager] Cannot connect to Unity Package Manager local server
Mono: successfully reloaded assembly
- Finished resetting the current domain, in  0.897 seconds
Domain Reload Profiling: 1746ms
	BeginReloadAssembly (223ms)
		ExecutionOrderSort (0ms)
		DisableScriptedObjects (14ms)
		BackupInstance (0ms)
		ReleaseScriptingObjects (0ms)
		CreateAndSetChildDomain (45ms)
	RebuildCommonClasses (44ms)
	RebuildNativeTypeToScriptingClass (17ms)
	initialDomainReloadingComplete (32ms)
	LoadAllAssembliesAndSetupDomain (533ms)
		LoadAssemblies (389ms)
		RebuildTransferFunctionScriptingTraits (0ms)
		AnalyzeDomain (247ms)
			TypeCache.Refresh (9ms)
				TypeCache.ScanAssembly (0ms)
			BuildScriptInfoCaches (222ms)
			ResolveRequiredComponents (11ms)
	FinalizeReload (897ms)
		ReleaseScriptCaches (0ms)
		RebuildScriptCaches (0ms)
		SetupLoadedEditorAssemblies (719ms)
			LogAssemblyErrors (0ms)
			InitializePlatformSupportModulesInManaged (3ms)
			SetLoadedEditorAssemblies (5ms)
			BeforeProcessingInitializeOnLoad (140ms)
			ProcessInitializeOnLoadAttributes (496ms)
			ProcessInitializeOnLoadMethodAttributes (68ms)
			AfterProcessingInitializeOnLoad (6ms)
			EditorAssembliesLoaded (0ms)
		ExecutionOrderSort2 (0ms)
		AwakeInstancesAfterBackupRestoration (17ms)
Refreshing native plugins compatible for Editor in 1.54 ms, found 4 plugins.
Preloading 0 native plugins for Editor in 0.00 ms.
Unloading 13 Unused Serialized files (Serialized files now loaded: 0)
Unloading 6768 unused Assets / (4.5 MB). Loaded Objects now: 7710.
Memory consumption went from 154.3 MB to 149.8 MB.
Total: 10.080300 ms (FindLiveObjects: 0.586400 ms CreateObjectMapping: 0.918500 ms MarkObjects: 5.954200 ms  DeleteObjects: 2.618800 ms)

Prepare: number of updated asset objects reloaded= 0
========================================================================
Received Prepare
Begin MonoManager ReloadAssembly
- Loaded All Assemblies, in  0.818 seconds
Refreshing native plugins compatible for Editor in 1.77 ms, found 4 plugins.
Native extension for WindowsStandalone target not found
[Package Manager] Failed to launch server process. Reason: Unity was launched with the -noUpm command-line argument
[Package Manager] Unable to send message (not connected to server process).
[Package Manager] Cannot connect to Unity Package Manager local server
Mono: successfully reloaded assembly
- Finished resetting the current domain, in  0.918 seconds
Domain Reload Profiling: 1736ms
	BeginReloadAssembly (219ms)
		ExecutionOrderSort (0ms)
		DisableScriptedObjects (14ms)
		BackupInstance (0ms)
		ReleaseScriptingObjects (0ms)
		CreateAndSetChildDomain (41ms)
	RebuildCommonClasses (37ms)
	RebuildNativeTypeToScriptingClass (16ms)
	initialDomainReloadingComplete (30ms)
	LoadAllAssembliesAndSetupDomain (515ms)
		LoadAssemblies (372ms)
		RebuildTransferFunctionScriptingTraits (0ms)
		AnalyzeDomain (238ms)
			TypeCache.Refresh (7ms)
				TypeCache.ScanAssembly (0ms)
			BuildScriptInfoCaches (215ms)
			ResolveRequiredComponents (10ms)
	FinalizeReload (918ms)
		ReleaseScriptCaches (0ms)
		RebuildScriptCaches (0ms)
		SetupLoadedEditorAssemblies (755ms)
			LogAssemblyErrors (0ms)
			InitializePlatformSupportModulesInManaged (2ms)
			SetLoadedEditorAssemblies (6ms)
			BeforeProcessingInitializeOnLoad (137ms)
			ProcessInitializeOnLoadAttributes (525ms)
			ProcessInitializeOnLoadMethodAttributes (78ms)
			AfterProcessingInitializeOnLoad (7ms)
			EditorAssembliesLoaded (0ms)
		ExecutionOrderSort2 (0ms)
		AwakeInstancesAfterBackupRestoration (16ms)
Refreshing native plugins compatible for Editor in 1.85 ms, found 4 plugins.
Preloading 0 native plugins for Editor in 0.00 ms.
Unloading 13 Unused Serialized files (Serialized files now loaded: 0)
Unloading 6768 unused Assets / (4.9 MB). Loaded Objects now: 7713.
Memory consumption went from 154.2 MB to 149.3 MB.
Total: 9.648700 ms (FindLiveObjects: 0.618700 ms CreateObjectMapping: 0.593700 ms MarkObjects: 5.510900 ms  DeleteObjects: 2.923600 ms)

Prepare: number of updated asset objects reloaded= 0
========================================================================
Received Prepare
Refreshing native plugins compatible for Editor in 1.66 ms, found 4 plugins.
Preloading 0 native plugins for Editor in 0.00 ms.
Unloading 13 Unused Serialized files (Serialized files now loaded: 0)
Unloading 6758 unused Assets / (4.5 MB). Loaded Objects now: 7713.
Memory consumption went from 154.4 MB to 149.8 MB.
Total: 10.203400 ms (FindLiveObjects: 0.621100 ms CreateObjectMapping: 0.541100 ms MarkObjects: 6.208300 ms  DeleteObjects: 2.831200 ms)

Prepare: number of updated asset objects reloaded= 0
========================================================================
Received Import Request.
  Time since last request: 179.559007 seconds.
  path: Assets/Scripts/EnemyAttributes.cs
  artifactKey: Guid(7e98d1a2d8391dd4a954eb0e6eb112b9) Importer(815301076,1909f56bfc062723c751e8b465ee728b)
Start importing Assets/Scripts/EnemyAttributes.cs using Guid(7e98d1a2d8391dd4a954eb0e6eb112b9) Importer(815301076,1909f56bfc062723c751e8b465ee728b) (PreviewImporter) -> (artifact id: '670891e2e8362d74e8f7915f15201539') in 0.0549446 seconds
Number of updated asset objects reloaded before import = 0Number of asset objects unloaded after import = 0

========================================================================
Received Prepare
Begin MonoManager ReloadAssembly
[Licensing::Client] Successfully resolved entitlement details
[Licensing::Module] License group:
  Id: F4-559Z-ESNU-EWRH-PCGX-XXXX
  Product: Unity Personal
  Type: ULF
  Expiration: Unlimited
[Licensing::Module] License group:
  Id: 5773053068775-UnityPersXXXX
  Product: Unity Personal
  Type: Assigned
  Expiration: Unlimited
- Loaded All Assemblies, in  0.838 seconds
Refreshing native plugins compatible for Editor in 2.53 ms, found 4 plugins.
Native extension for WindowsStandalone target not found
[Package Manager] Failed to launch server process. Reason: Unity was launched with the -noUpm command-line argument
[Package Manager] Unable to send message (not connected to server process).
[Package Manager] Cannot connect to Unity Package Manager local server
Mono: successfully reloaded assembly
- Finished resetting the current domain, in  0.851 seconds
Domain Reload Profiling: 1687ms
	BeginReloadAssembly (236ms)
		ExecutionOrderSort (0ms)
		DisableScriptedObjects (19ms)
		BackupInstance (0ms)
		ReleaseScriptingObjects (0ms)
		CreateAndSetChildDomain (62ms)
	RebuildCommonClasses (39ms)
	RebuildNativeTypeToScriptingClass (16ms)
	initialDomainReloadingComplete (36ms)
	LoadAllAssembliesAndSetupDomain (509ms)
		LoadAssemblies (365ms)
		RebuildTransferFunctionScriptingTraits (0ms)
		AnalyzeDomain (234ms)
			TypeCache.Refresh (9ms)
				TypeCache.ScanAssembly (0ms)
			BuildScriptInfoCaches (207ms)
			ResolveRequiredComponents (14ms)
	FinalizeReload (851ms)
		ReleaseScriptCaches (0ms)
		RebuildScriptCaches (0ms)
		SetupLoadedEditorAssemblies (677ms)
			LogAssemblyErrors (0ms)
			InitializePlatformSupportModulesInManaged (3ms)
			SetLoadedEditorAssemblies (5ms)
			BeforeProcessingInitializeOnLoad (133ms)
			ProcessInitializeOnLoadAttributes (458ms)
			ProcessInitializeOnLoadMethodAttributes (71ms)
			AfterProcessingInitializeOnLoad (7ms)
			EditorAssembliesLoaded (0ms)
		ExecutionOrderSort2 (0ms)
		AwakeInstancesAfterBackupRestoration (20ms)
Refreshing native plugins compatible for Editor in 2.10 ms, found 4 plugins.
Preloading 0 native plugins for Editor in 0.00 ms.
Unloading 13 Unused Serialized files (Serialized files now loaded: 0)
Unloading 6768 unused Assets / (4.8 MB). Loaded Objects now: 7716.
Memory consumption went from 154.3 MB to 149.6 MB.
Total: 8.218700 ms (FindLiveObjects: 0.602800 ms CreateObjectMapping: 0.486400 ms MarkObjects: 4.873000 ms  DeleteObjects: 2.255000 ms)

Prepare: number of updated asset objects reloaded= 0
========================================================================
Received Prepare
Begin MonoManager ReloadAssembly
- Loaded All Assemblies, in  0.824 seconds
Refreshing native plugins compatible for Editor in 1.66 ms, found 4 plugins.
Native extension for WindowsStandalone target not found
[Package Manager] Failed to launch server process. Reason: Unity was launched with the -noUpm command-line argument
[Package Manager] Unable to send message (not connected to server process).
[Package Manager] Cannot connect to Unity Package Manager local server
Mono: successfully reloaded assembly
- Finished resetting the current domain, in  0.957 seconds
Domain Reload Profiling: 1778ms
	BeginReloadAssembly (228ms)
		ExecutionOrderSort (0ms)
		DisableScriptedObjects (14ms)
		BackupInstance (0ms)
		ReleaseScriptingObjects (0ms)
		CreateAndSetChildDomain (56ms)
	RebuildCommonClasses (38ms)
	RebuildNativeTypeToScriptingClass (14ms)
	initialDomainReloadingComplete (30ms)
	LoadAllAssembliesAndSetupDomain (510ms)
		LoadAssemblies (378ms)
		RebuildTransferFunctionScriptingTraits (0ms)
		AnalyzeDomain (226ms)
			TypeCache.Refresh (6ms)
				TypeCache.ScanAssembly (0ms)
			BuildScriptInfoCaches (205ms)
			ResolveRequiredComponents (10ms)
	FinalizeReload (958ms)
		ReleaseScriptCaches (0ms)
		RebuildScriptCaches (0ms)
		SetupLoadedEditorAssemblies (790ms)
			LogAssemblyErrors (0ms)
			InitializePlatformSupportModulesInManaged (2ms)
			SetLoadedEditorAssemblies (6ms)
			BeforeProcessingInitializeOnLoad (139ms)
			ProcessInitializeOnLoadAttributes (563ms)
			ProcessInitializeOnLoadMethodAttributes (74ms)
			AfterProcessingInitializeOnLoad (6ms)
			EditorAssembliesLoaded (0ms)
		ExecutionOrderSort2 (0ms)
		AwakeInstancesAfterBackupRestoration (17ms)
Refreshing native plugins compatible for Editor in 2.06 ms, found 4 plugins.
Preloading 0 native plugins for Editor in 0.00 ms.
Unloading 13 Unused Serialized files (Serialized files now loaded: 0)
Unloading 6768 unused Assets / (5.2 MB). Loaded Objects now: 7719.
Memory consumption went from 154.4 MB to 149.2 MB.
Total: 8.557700 ms (FindLiveObjects: 0.700900 ms CreateObjectMapping: 0.688400 ms MarkObjects: 4.535700 ms  DeleteObjects: 2.631800 ms)

Prepare: number of updated asset objects reloaded= 0
========================================================================
Received Import Request.
  Time since last request: 77.516695 seconds.
  path: Assets/Prefabs/Enemies/FastTypeEnemy.prefab
  artifactKey: Guid(1f7080cd51344e44c8cce76297420b6e) Importer(815301076,1909f56bfc062723c751e8b465ee728b)
Start importing Assets/Prefabs/Enemies/FastTypeEnemy.prefab using Guid(1f7080cd51344e44c8cce76297420b6e) Importer(815301076,1909f56bfc062723c751e8b465ee728b) (PreviewImporter) -> (artifact id: '16ba7e15bb11efb9a37ceba123b6f2bc') in 0.4616152 seconds
Number of updated asset objects reloaded before import = 0Number of asset objects unloaded after import = 65

========================================================================
Received Prepare
Refreshing native plugins compatible for Editor in 1.63 ms, found 4 plugins.
Preloading 0 native plugins for Editor in 0.00 ms.
Unloading 13 Unused Serialized files (Serialized files now loaded: 0)
Unloading 6758 unused Assets / (4.7 MB). Loaded Objects now: 7843.
Memory consumption went from 155.4 MB to 150.7 MB.
Total: 11.353200 ms (FindLiveObjects: 0.565200 ms CreateObjectMapping: 0.513800 ms MarkObjects: 7.876400 ms  DeleteObjects: 2.395900 ms)

Prepare: number of updated asset objects reloaded= 0
========================================================================
Received Import Request.
  Time since last request: 110.013894 seconds.
  path: Assets/Scripts/DestroyParticle.cs
  artifactKey: Guid(faf575f3989faa74aba2a5ab4d0d0919) Importer(815301076,1909f56bfc062723c751e8b465ee728b)
Start importing Assets/Scripts/DestroyParticle.cs using Guid(faf575f3989faa74aba2a5ab4d0d0919) Importer(815301076,1909f56bfc062723c751e8b465ee728b) (PreviewImporter) -> (artifact id: '409b4d331d7f11408cda1865f2430348') in 0.0041828 seconds
Number of updated asset objects reloaded before import = 0Number of asset objects unloaded after import = 0

========================================================================
Received Prepare
Refreshing native plugins compatible for Editor in 2.30 ms, found 4 plugins.
Preloading 0 native plugins for Editor in 0.00 ms.
Unloading 13 Unused Serialized files (Serialized files now loaded: 0)
Unloading 6758 unused Assets / (5.4 MB). Loaded Objects now: 7843.
Memory consumption went from 155.5 MB to 150.1 MB.
Total: 10.952000 ms (FindLiveObjects: 0.573100 ms CreateObjectMapping: 0.517200 ms MarkObjects: 6.688900 ms  DeleteObjects: 3.171300 ms)

Prepare: number of updated asset objects reloaded= 0
========================================================================
Received Prepare
Begin MonoManager ReloadAssembly
[Licensing::Client] Successfully resolved entitlement details
[Licensing::Module] License group:
  Id: F4-559Z-ESNU-EWRH-PCGX-XXXX
  Product: Unity Personal
  Type: ULF
  Expiration: Unlimited
[Licensing::Module] License group:
  Id: 5773053068775-UnityPersXXXX
  Product: Unity Personal
  Type: Assigned
  Expiration: Unlimited
- Loaded All Assemblies, in  0.857 seconds
Refreshing native plugins compatible for Editor in 2.73 ms, found 4 plugins.
Native extension for WindowsStandalone target not found
[Package Manager] Failed to launch server process. Reason: Unity was launched with the -noUpm command-line argument
[Package Manager] Unable to send message (not connected to server process).
[Package Manager] Cannot connect to Unity Package Manager local server
Mono: successfully reloaded assembly
- Finished resetting the current domain, in  0.827 seconds
Domain Reload Profiling: 1682ms
	BeginReloadAssembly (258ms)
		ExecutionOrderSort (0ms)
		DisableScriptedObjects (32ms)
		BackupInstance (0ms)
		ReleaseScriptingObjects (0ms)
		CreateAndSetChildDomain (57ms)
	RebuildCommonClasses (39ms)
	RebuildNativeTypeToScriptingClass (15ms)
	initialDomainReloadingComplete (30ms)
	LoadAllAssembliesAndSetupDomain (512ms)
		LoadAssemblies (394ms)
		RebuildTransferFunctionScriptingTraits (0ms)
		AnalyzeDomain (225ms)
			TypeCache.Refresh (11ms)
				TypeCache.ScanAssembly (1ms)
			BuildScriptInfoCaches (199ms)
			ResolveRequiredComponents (9ms)
	FinalizeReload (827ms)
		ReleaseScriptCaches (0ms)
		RebuildScriptCaches (0ms)
		SetupLoadedEditorAssemblies (679ms)
			LogAssemblyErrors (0ms)
			InitializePlatformSupportModulesInManaged (2ms)
			SetLoadedEditorAssemblies (4ms)
			BeforeProcessingInitializeOnLoad (133ms)
			ProcessInitializeOnLoadAttributes (477ms)
			ProcessInitializeOnLoadMethodAttributes (56ms)
			AfterProcessingInitializeOnLoad (5ms)
			EditorAssembliesLoaded (0ms)
		ExecutionOrderSort2 (0ms)
		AwakeInstancesAfterBackupRestoration (15ms)
Refreshing native plugins compatible for Editor in 1.79 ms, found 4 plugins.
Preloading 0 native plugins for Editor in 0.00 ms.
Unloading 13 Unused Serialized files (Serialized files now loaded: 0)
Unloading 6768 unused Assets / (4.2 MB). Loaded Objects now: 7742.
Memory consumption went from 154.7 MB to 150.5 MB.
Total: 9.410800 ms (FindLiveObjects: 0.567800 ms CreateObjectMapping: 0.528400 ms MarkObjects: 5.966900 ms  DeleteObjects: 2.346500 ms)

Prepare: number of updated asset objects reloaded= 0
========================================================================
Received Prepare
Begin MonoManager ReloadAssembly
- Loaded All Assemblies, in  0.896 seconds
Refreshing native plugins compatible for Editor in 1.40 ms, found 4 plugins.
Native extension for WindowsStandalone target not found
[Package Manager] Failed to launch server process. Reason: Unity was launched with the -noUpm command-line argument
[Package Manager] Unable to send message (not connected to server process).
[Package Manager] Cannot connect to Unity Package Manager local server
Mono: successfully reloaded assembly
- Finished resetting the current domain, in  0.953 seconds
Domain Reload Profiling: 1846ms
	BeginReloadAssembly (231ms)
		ExecutionOrderSort (0ms)
		DisableScriptedObjects (17ms)
		BackupInstance (0ms)
		ReleaseScriptingObjects (0ms)
		CreateAndSetChildDomain (47ms)
	RebuildCommonClasses (43ms)
	RebuildNativeTypeToScriptingClass (12ms)
	initialDomainReloadingComplete (32ms)
	LoadAllAssembliesAndSetupDomain (576ms)
		LoadAssemblies (426ms)
		RebuildTransferFunctionScriptingTraits (0ms)
		AnalyzeDomain (248ms)
			TypeCache.Refresh (6ms)
				TypeCache.ScanAssembly (0ms)
			BuildScriptInfoCaches (226ms)
			ResolveRequiredComponents (10ms)
	FinalizeReload (953ms)
		ReleaseScriptCaches (0ms)
		RebuildScriptCaches (0ms)
		SetupLoadedEditorAssemblies (788ms)
			LogAssemblyErrors (0ms)
			InitializePlatformSupportModulesInManaged (2ms)
			SetLoadedEditorAssemblies (3ms)
			BeforeProcessingInitializeOnLoad (139ms)
			ProcessInitializeOnLoadAttributes (569ms)
			ProcessInitializeOnLoadMethodAttributes (68ms)
			AfterProcessingInitializeOnLoad (7ms)
			EditorAssembliesLoaded (0ms)
		ExecutionOrderSort2 (0ms)
		AwakeInstancesAfterBackupRestoration (21ms)
Refreshing native plugins compatible for Editor in 1.68 ms, found 4 plugins.
Preloading 0 native plugins for Editor in 0.00 ms.
Unloading 13 Unused Serialized files (Serialized files now loaded: 0)
Unloading 6768 unused Assets / (4.1 MB). Loaded Objects now: 7745.
Memory consumption went from 154.6 MB to 150.4 MB.
Total: 8.192500 ms (FindLiveObjects: 0.567800 ms CreateObjectMapping: 0.552500 ms MarkObjects: 4.823500 ms  DeleteObjects: 2.247400 ms)

Prepare: number of updated asset objects reloaded= 0
========================================================================
Received Prepare
Refreshing native plugins compatible for Editor in 2.07 ms, found 4 plugins.
Preloading 0 native plugins for Editor in 0.00 ms.
Unloading 13 Unused Serialized files (Serialized files now loaded: 0)
Unloading 6758 unused Assets / (4.5 MB). Loaded Objects now: 7745.
Memory consumption went from 154.7 MB to 150.2 MB.
Total: 8.120500 ms (FindLiveObjects: 0.634500 ms CreateObjectMapping: 0.568800 ms MarkObjects: 4.900900 ms  DeleteObjects: 2.014700 ms)

Prepare: number of updated asset objects reloaded= 0
========================================================================
Received Prepare
Refreshing native plugins compatible for Editor in 2.41 ms, found 4 plugins.
Preloading 0 native plugins for Editor in 0.00 ms.
Unloading 13 Unused Serialized files (Serialized files now loaded: 0)
Unloading 6758 unused Assets / (4.8 MB). Loaded Objects now: 7745.
Memory consumption went from 154.7 MB to 149.9 MB.
Total: 8.142600 ms (FindLiveObjects: 0.754100 ms CreateObjectMapping: 0.814500 ms MarkObjects: 4.562100 ms  DeleteObjects: 2.010900 ms)

Prepare: number of updated asset objects reloaded= 0
========================================================================
Received Prepare
Begin MonoManager ReloadAssembly
- Loaded All Assemblies, in  0.868 seconds
Refreshing native plugins compatible for Editor in 2.20 ms, found 4 plugins.
Native extension for WindowsStandalone target not found
[Package Manager] Failed to launch server process. Reason: Unity was launched with the -noUpm command-line argument
[Package Manager] Unable to send message (not connected to server process).
[Package Manager] Cannot connect to Unity Package Manager local server
Mono: successfully reloaded assembly
- Finished resetting the current domain, in  0.822 seconds
Domain Reload Profiling: 1687ms
	BeginReloadAssembly (247ms)
		ExecutionOrderSort (0ms)
		DisableScriptedObjects (18ms)
		BackupInstance (0ms)
		ReleaseScriptingObjects (0ms)
		CreateAndSetChildDomain (45ms)
	RebuildCommonClasses (33ms)
	RebuildNativeTypeToScriptingClass (17ms)
	initialDomainReloadingComplete (40ms)
	LoadAllAssembliesAndSetupDomain (528ms)
		LoadAssemblies (405ms)
		RebuildTransferFunctionScriptingTraits (0ms)
		AnalyzeDomain (242ms)
			TypeCache.Refresh (9ms)
				TypeCache.ScanAssembly (0ms)
			BuildScriptInfoCaches (219ms)
			ResolveRequiredComponents (10ms)
	FinalizeReload (823ms)
		ReleaseScriptCaches (0ms)
		RebuildScriptCaches (0ms)
		SetupLoadedEditorAssemblies (669ms)
			LogAssemblyErrors (0ms)
			InitializePlatformSupportModulesInManaged (3ms)
			SetLoadedEditorAssemblies (5ms)
			BeforeProcessingInitializeOnLoad (130ms)
			ProcessInitializeOnLoadAttributes (469ms)
			ProcessInitializeOnLoadMethodAttributes (57ms)
			AfterProcessingInitializeOnLoad (5ms)
			EditorAssembliesLoaded (0ms)
		ExecutionOrderSort2 (0ms)
		AwakeInstancesAfterBackupRestoration (14ms)
Refreshing native plugins compatible for Editor in 2.54 ms, found 4 plugins.
Preloading 0 native plugins for Editor in 0.00 ms.
Unloading 13 Unused Serialized files (Serialized files now loaded: 0)
Unloading 6768 unused Assets / (5.0 MB). Loaded Objects now: 7748.
Memory consumption went from 154.5 MB to 149.5 MB.
Total: 8.653200 ms (FindLiveObjects: 0.787300 ms CreateObjectMapping: 0.847600 ms MarkObjects: 4.638000 ms  DeleteObjects: 2.379100 ms)

Prepare: number of updated asset objects reloaded= 0
========================================================================
Received Prepare
Begin MonoManager ReloadAssembly
[Licensing::Client] Successfully resolved entitlement details
[Licensing::Module] License group:
  Id: F4-559Z-ESNU-EWRH-PCGX-XXXX
  Product: Unity Personal
  Type: ULF
  Expiration: Unlimited
[Licensing::Module] License group:
  Id: 5773053068775-UnityPersXXXX
  Product: Unity Personal
  Type: Assigned
  Expiration: Unlimited
- Loaded All Assemblies, in  0.833 seconds
Refreshing native plugins compatible for Editor in 2.16 ms, found 4 plugins.
Native extension for WindowsStandalone target not found
[Package Manager] Failed to launch server process. Reason: Unity was launched with the -noUpm command-line argument
[Package Manager] Unable to send message (not connected to server process).
[Package Manager] Cannot connect to Unity Package Manager local server
Mono: successfully reloaded assembly
- Finished resetting the current domain, in  0.925 seconds
Domain Reload Profiling: 1755ms
	BeginReloadAssembly (235ms)
		ExecutionOrderSort (0ms)
		DisableScriptedObjects (17ms)
		BackupInstance (0ms)
		ReleaseScriptingObjects (0ms)
		CreateAndSetChildDomain (48ms)
	RebuildCommonClasses (33ms)
	RebuildNativeTypeToScriptingClass (11ms)
	initialDomainReloadingComplete (36ms)
	LoadAllAssembliesAndSetupDomain (515ms)
		LoadAssemblies (392ms)
		RebuildTransferFunctionScriptingTraits (0ms)
		AnalyzeDomain (225ms)
			TypeCache.Refresh (6ms)
				TypeCache.ScanAssembly (0ms)
			BuildScriptInfoCaches (203ms)
			ResolveRequiredComponents (11ms)
	FinalizeReload (926ms)
		ReleaseScriptCaches (0ms)
		RebuildScriptCaches (0ms)
		SetupLoadedEditorAssemblies (749ms)
			LogAssemblyErrors (0ms)
			InitializePlatformSupportModulesInManaged (3ms)
			SetLoadedEditorAssemblies (5ms)
			BeforeProcessingInitializeOnLoad (137ms)
			ProcessInitializeOnLoadAttributes (525ms)
			ProcessInitializeOnLoadMethodAttributes (73ms)
			AfterProcessingInitializeOnLoad (7ms)
			EditorAssembliesLoaded (1ms)
		ExecutionOrderSort2 (0ms)
		AwakeInstancesAfterBackupRestoration (18ms)
Refreshing native plugins compatible for Editor in 2.08 ms, found 4 plugins.
Preloading 0 native plugins for Editor in 0.00 ms.
Unloading 13 Unused Serialized files (Serialized files now loaded: 0)
Unloading 6768 unused Assets / (4.7 MB). Loaded Objects now: 7751.
Memory consumption went from 154.6 MB to 149.9 MB.
Total: 9.154700 ms (FindLiveObjects: 0.600900 ms CreateObjectMapping: 0.561200 ms MarkObjects: 5.424100 ms  DeleteObjects: 2.567200 ms)

Prepare: number of updated asset objects reloaded= 0
========================================================================
Received Prepare
Refreshing native plugins compatible for Editor in 1.80 ms, found 4 plugins.
Preloading 0 native plugins for Editor in 0.00 ms.
Unloading 13 Unused Serialized files (Serialized files now loaded: 0)
Unloading 6758 unused Assets / (4.9 MB). Loaded Objects now: 7751.
Memory consumption went from 154.8 MB to 149.8 MB.
Total: 8.988200 ms (FindLiveObjects: 0.571200 ms CreateObjectMapping: 0.577000 ms MarkObjects: 5.227400 ms  DeleteObjects: 2.611400 ms)

Prepare: number of updated asset objects reloaded= 0
========================================================================
Received Import Request.
  Time since last request: 380.947934 seconds.
  path: Assets/Prefabs/Enemies/NormalTypeEnemy.prefab
  artifactKey: Guid(806f0a84746080140bd493f612f96570) Importer(815301076,1909f56bfc062723c751e8b465ee728b)
Start importing Assets/Prefabs/Enemies/NormalTypeEnemy.prefab using Guid(806f0a84746080140bd493f612f96570) Importer(815301076,1909f56bfc062723c751e8b465ee728b) (PreviewImporter) -> (artifact id: '857a291e30bb11061c339fa74d334d75') in 0.4923724 seconds
Number of updated asset objects reloaded before import = 0Number of asset objects unloaded after import = 86

========================================================================
Received Prepare
Refreshing native plugins compatible for Editor in 1.82 ms, found 4 plugins.
Preloading 0 native plugins for Editor in 0.00 ms.
Unloading 13 Unused Serialized files (Serialized files now loaded: 0)
Unloading 6758 unused Assets / (4.7 MB). Loaded Objects now: 7875.
Memory consumption went from 155.8 MB to 151.1 MB.
Total: 14.125500 ms (FindLiveObjects: 0.760700 ms CreateObjectMapping: 0.626800 ms MarkObjects: 9.243500 ms  DeleteObjects: 3.493000 ms)

Prepare: number of updated asset objects reloaded= 0
========================================================================
Received Prepare
Begin MonoManager ReloadAssembly
[Licensing::Client] Successfully resolved entitlement details
[Licensing::Module] License group:
  Id: F4-559Z-ESNU-EWRH-PCGX-XXXX
  Product: Unity Personal
  Type: ULF
  Expiration: Unlimited
[Licensing::Module] License group:
  Id: 5773053068775-UnityPersXXXX
  Product: Unity Personal
  Type: Assigned
  Expiration: Unlimited
- Loaded All Assemblies, in  0.895 seconds
Refreshing native plugins compatible for Editor in 1.60 ms, found 4 plugins.
Native extension for WindowsStandalone target not found
[Package Manager] Failed to launch server process. Reason: Unity was launched with the -noUpm command-line argument
[Package Manager] Unable to send message (not connected to server process).
[Package Manager] Cannot connect to Unity Package Manager local server
Mono: successfully reloaded assembly
- Finished resetting the current domain, in  0.867 seconds
Domain Reload Profiling: 1759ms
	BeginReloadAssembly (271ms)
		ExecutionOrderSort (0ms)
		DisableScriptedObjects (30ms)
		BackupInstance (0ms)
		ReleaseScriptingObjects (0ms)
		CreateAndSetChildDomain (66ms)
	RebuildCommonClasses (45ms)
	RebuildNativeTypeToScriptingClass (16ms)
	initialDomainReloadingComplete (29ms)
	LoadAllAssembliesAndSetupDomain (530ms)
		LoadAssemblies (387ms)
		RebuildTransferFunctionScriptingTraits (0ms)
		AnalyzeDomain (246ms)
			TypeCache.Refresh (8ms)
				TypeCache.ScanAssembly (0ms)
			BuildScriptInfoCaches (223ms)
			ResolveRequiredComponents (10ms)
	FinalizeReload (868ms)
		ReleaseScriptCaches (0ms)
		RebuildScriptCaches (0ms)
		SetupLoadedEditorAssemblies (707ms)
			LogAssemblyErrors (0ms)
			InitializePlatformSupportModulesInManaged (3ms)
			SetLoadedEditorAssemblies (6ms)
			BeforeProcessingInitializeOnLoad (136ms)
			ProcessInitializeOnLoadAttributes (498ms)
			ProcessInitializeOnLoadMethodAttributes (60ms)
			AfterProcessingInitializeOnLoad (5ms)
			EditorAssembliesLoaded (0ms)
		ExecutionOrderSort2 (0ms)
		AwakeInstancesAfterBackupRestoration (15ms)
Refreshing native plugins compatible for Editor in 1.76 ms, found 4 plugins.
Preloading 0 native plugins for Editor in 0.00 ms.
Unloading 13 Unused Serialized files (Serialized files now loaded: 0)
Unloading 6768 unused Assets / (4.6 MB). Loaded Objects now: 7774.
Memory consumption went from 154.8 MB to 150.2 MB.
Total: 6.906000 ms (FindLiveObjects: 0.522000 ms CreateObjectMapping: 0.497300 ms MarkObjects: 4.052300 ms  DeleteObjects: 1.832700 ms)

Prepare: number of updated asset objects reloaded= 0
========================================================================
Received Prepare
Begin MonoManager ReloadAssembly
- Loaded All Assemblies, in  0.804 seconds
Refreshing native plugins compatible for Editor in 1.81 ms, found 4 plugins.
Native extension for WindowsStandalone target not found
[Package Manager] Failed to launch server process. Reason: Unity was launched with the -noUpm command-line argument
[Package Manager] Unable to send message (not connected to server process).
[Package Manager] Cannot connect to Unity Package Manager local server
Mono: successfully reloaded assembly
- Finished resetting the current domain, in  0.948 seconds
Domain Reload Profiling: 1750ms
	BeginReloadAssembly (222ms)
		ExecutionOrderSort (0ms)
		DisableScriptedObjects (15ms)
		BackupInstance (0ms)
		ReleaseScriptingObjects (0ms)
		CreateAndSetChildDomain (46ms)
	RebuildCommonClasses (35ms)
	RebuildNativeTypeToScriptingClass (14ms)
	initialDomainReloadingComplete (33ms)
	LoadAllAssembliesAndSetupDomain (498ms)
		LoadAssemblies (365ms)
		RebuildTransferFunctionScriptingTraits (0ms)
		AnalyzeDomain (229ms)
			TypeCache.Refresh (7ms)
				TypeCache.ScanAssembly (0ms)
			BuildScriptInfoCaches (208ms)
			ResolveRequiredComponents (10ms)
	FinalizeReload (948ms)
		ReleaseScriptCaches (0ms)
		RebuildScriptCaches (0ms)
		SetupLoadedEditorAssemblies (782ms)
			LogAssemblyErrors (0ms)
			InitializePlatformSupportModulesInManaged (3ms)
			SetLoadedEditorAssemblies (7ms)
			BeforeProcessingInitializeOnLoad (139ms)
			ProcessInitializeOnLoadAttributes (554ms)
			ProcessInitializeOnLoadMethodAttributes (71ms)
			AfterProcessingInitializeOnLoad (7ms)
			EditorAssembliesLoaded (0ms)
		ExecutionOrderSort2 (0ms)
		AwakeInstancesAfterBackupRestoration (17ms)
Refreshing native plugins compatible for Editor in 2.23 ms, found 4 plugins.
Preloading 0 native plugins for Editor in 0.00 ms.
Unloading 13 Unused Serialized files (Serialized files now loaded: 0)
Unloading 6768 unused Assets / (5.7 MB). Loaded Objects now: 7777.
Memory consumption went from 154.7 MB to 149.0 MB.
Total: 10.151200 ms (FindLiveObjects: 0.813500 ms CreateObjectMapping: 0.596300 ms MarkObjects: 4.779700 ms  DeleteObjects: 3.960500 ms)

Prepare: number of updated asset objects reloaded= 0
========================================================================
Received Import Request.
  Time since last request: 66.043379 seconds.
  path: Assets/Prefabs/Enemies/NormalTypeEnemy.prefab
  artifactKey: Guid(806f0a84746080140bd493f612f96570) Importer(815301076,1909f56bfc062723c751e8b465ee728b)
Start importing Assets/Prefabs/Enemies/NormalTypeEnemy.prefab using Guid(806f0a84746080140bd493f612f96570) Importer(815301076,1909f56bfc062723c751e8b465ee728b) (PreviewImporter) -> (artifact id: 'ce9a934bd816b4a874a290f178bba771') in 0.5203301 seconds
Number of updated asset objects reloaded before import = 0Number of asset objects unloaded after import = 86

========================================================================
Received Prepare
Begin MonoManager ReloadAssembly
[Licensing::Client] Successfully resolved entitlement details
[Licensing::Module] License group:
  Id: F4-559Z-ESNU-EWRH-PCGX-XXXX
  Product: Unity Personal
  Type: ULF
  Expiration: Unlimited
[Licensing::Module] License group:
  Id: 5773053068775-UnityPersXXXX
  Product: Unity Personal
  Type: Assigned
  Expiration: Unlimited
- Loaded All Assemblies, in  0.901 seconds
Refreshing native plugins compatible for Editor in 3.14 ms, found 4 plugins.
Native extension for WindowsStandalone target not found
[Package Manager] Failed to launch server process. Reason: Unity was launched with the -noUpm command-line argument
[Package Manager] Unable to send message (not connected to server process).
[Package Manager] Cannot connect to Unity Package Manager local server
Mono: successfully reloaded assembly
- Finished resetting the current domain, in  0.954 seconds
Domain Reload Profiling: 1854ms
	BeginReloadAssembly (264ms)
		ExecutionOrderSort (0ms)
		DisableScriptedObjects (33ms)
		BackupInstance (0ms)
		ReleaseScriptingObjects (0ms)
		CreateAndSetChildDomain (64ms)
	RebuildCommonClasses (43ms)
	RebuildNativeTypeToScriptingClass (13ms)
	initialDomainReloadingComplete (34ms)
	LoadAllAssembliesAndSetupDomain (545ms)
		LoadAssemblies (405ms)
		RebuildTransferFunctionScriptingTraits (0ms)
		AnalyzeDomain (239ms)
			TypeCache.Refresh (7ms)
				TypeCache.ScanAssembly (0ms)
			BuildScriptInfoCaches (218ms)
			ResolveRequiredComponents (10ms)
	FinalizeReload (954ms)
		ReleaseScriptCaches (0ms)
		RebuildScriptCaches (0ms)
		SetupLoadedEditorAssemblies (778ms)
			LogAssemblyErrors (0ms)
			InitializePlatformSupportModulesInManaged (2ms)
			SetLoadedEditorAssemblies (6ms)
			BeforeProcessingInitializeOnLoad (154ms)
			ProcessInitializeOnLoadAttributes (546ms)
			ProcessInitializeOnLoadMethodAttributes (65ms)
			AfterProcessingInitializeOnLoad (5ms)
			EditorAssembliesLoaded (0ms)
		ExecutionOrderSort2 (0ms)
		AwakeInstancesAfterBackupRestoration (18ms)
Refreshing native plugins compatible for Editor in 2.12 ms, found 4 plugins.
Preloading 0 native plugins for Editor in 0.00 ms.
Unloading 13 Unused Serialized files (Serialized files now loaded: 0)
Unloading 6768 unused Assets / (4.7 MB). Loaded Objects now: 7800.
Memory consumption went from 154.9 MB to 150.2 MB.
Total: 9.224900 ms (FindLiveObjects: 0.902000 ms CreateObjectMapping: 0.872300 ms MarkObjects: 4.885500 ms  DeleteObjects: 2.563500 ms)

Prepare: number of updated asset objects reloaded= 0
========================================================================
Received Prepare
Refreshing native plugins compatible for Editor in 1.85 ms, found 4 plugins.
Preloading 0 native plugins for Editor in 0.00 ms.
Unloading 13 Unused Serialized files (Serialized files now loaded: 0)
Unloading 6758 unused Assets / (5.0 MB). Loaded Objects now: 7800.
Memory consumption went from 154.9 MB to 149.9 MB.
Total: 9.700900 ms (FindLiveObjects: 0.722400 ms CreateObjectMapping: 0.727100 ms MarkObjects: 5.882300 ms  DeleteObjects: 2.367300 ms)

Prepare: number of updated asset objects reloaded= 0
========================================================================
Received Prepare
Begin MonoManager ReloadAssembly
[Licensing::Client] Successfully resolved entitlement details
[Licensing::Module] License group:
  Id: F4-559Z-ESNU-EWRH-PCGX-XXXX
  Product: Unity Personal
  Type: ULF
  Expiration: Unlimited
[Licensing::Module] License group:
  Id: 5773053068775-UnityPersXXXX
  Product: Unity Personal
  Type: Assigned
  Expiration: Unlimited
- Loaded All Assemblies, in  0.867 seconds
Refreshing native plugins compatible for Editor in 1.75 ms, found 4 plugins.
Native extension for WindowsStandalone target not found
[Package Manager] Failed to launch server process. Reason: Unity was launched with the -noUpm command-line argument
[Package Manager] Unable to send message (not connected to server process).
[Package Manager] Cannot connect to Unity Package Manager local server
Mono: successfully reloaded assembly
- Finished resetting the current domain, in  0.855 seconds
Domain Reload Profiling: 1720ms
	BeginReloadAssembly (245ms)
		ExecutionOrderSort (0ms)
		DisableScriptedObjects (20ms)
		BackupInstance (0ms)
		ReleaseScriptingObjects (0ms)
		CreateAndSetChildDomain (46ms)
	RebuildCommonClasses (39ms)
	RebuildNativeTypeToScriptingClass (14ms)
	initialDomainReloadingComplete (38ms)
	LoadAllAssembliesAndSetupDomain (529ms)
		LoadAssemblies (405ms)
		RebuildTransferFunctionScriptingTraits (0ms)
		AnalyzeDomain (234ms)
			TypeCache.Refresh (10ms)
				TypeCache.ScanAssembly (0ms)
			BuildScriptInfoCaches (207ms)
			ResolveRequiredComponents (13ms)
	FinalizeReload (855ms)
		ReleaseScriptCaches (0ms)
		RebuildScriptCaches (0ms)
		SetupLoadedEditorAssemblies (690ms)
			LogAssemblyErrors (0ms)
			InitializePlatformSupportModulesInManaged (2ms)
			SetLoadedEditorAssemblies (5ms)
			BeforeProcessingInitializeOnLoad (135ms)
			ProcessInitializeOnLoadAttributes (487ms)
			ProcessInitializeOnLoadMethodAttributes (54ms)
			AfterProcessingInitializeOnLoad (6ms)
			EditorAssembliesLoaded (0ms)
		ExecutionOrderSort2 (0ms)
		AwakeInstancesAfterBackupRestoration (15ms)
Refreshing native plugins compatible for Editor in 1.62 ms, found 4 plugins.
Preloading 0 native plugins for Editor in 0.00 ms.
Unloading 13 Unused Serialized files (Serialized files now loaded: 0)
Unloading 6768 unused Assets / (4.6 MB). Loaded Objects now: 7803.
Memory consumption went from 154.7 MB to 150.1 MB.
Total: 7.448200 ms (FindLiveObjects: 0.551000 ms CreateObjectMapping: 0.536400 ms MarkObjects: 4.260900 ms  DeleteObjects: 2.098800 ms)

Prepare: number of updated asset objects reloaded= 0
========================================================================
Received Prepare
Begin MonoManager ReloadAssembly
- Loaded All Assemblies, in  0.847 seconds
Refreshing native plugins compatible for Editor in 1.76 ms, found 4 plugins.
Native extension for WindowsStandalone target not found
[Package Manager] Failed to launch server process. Reason: Unity was launched with the -noUpm command-line argument
[Package Manager] Unable to send message (not connected to server process).
[Package Manager] Cannot connect to Unity Package Manager local server
Mono: successfully reloaded assembly
- Finished resetting the current domain, in  1.003 seconds
Domain Reload Profiling: 1847ms
	BeginReloadAssembly (226ms)
		ExecutionOrderSort (0ms)
		DisableScriptedObjects (16ms)
		BackupInstance (0ms)
		ReleaseScriptingObjects (0ms)
		CreateAndSetChildDomain (48ms)
	RebuildCommonClasses (36ms)
	RebuildNativeTypeToScriptingClass (12ms)
	initialDomainReloadingComplete (33ms)
	LoadAllAssembliesAndSetupDomain (535ms)
		LoadAssemblies (396ms)
		RebuildTransferFunctionScriptingTraits (0ms)
		AnalyzeDomain (237ms)
			TypeCache.Refresh (7ms)
				TypeCache.ScanAssembly (0ms)
			BuildScriptInfoCaches (215ms)
			ResolveRequiredComponents (11ms)
	FinalizeReload (1004ms)
		ReleaseScriptCaches (0ms)
		RebuildScriptCaches (0ms)
		SetupLoadedEditorAssemblies (821ms)
			LogAssemblyErrors (0ms)
			InitializePlatformSupportModulesInManaged (2ms)
			SetLoadedEditorAssemblies (6ms)
			BeforeProcessingInitializeOnLoad (146ms)
			ProcessInitializeOnLoadAttributes (570ms)
			ProcessInitializeOnLoadMethodAttributes (87ms)
			AfterProcessingInitializeOnLoad (10ms)
			EditorAssembliesLoaded (1ms)
		ExecutionOrderSort2 (0ms)
		AwakeInstancesAfterBackupRestoration (19ms)
Refreshing native plugins compatible for Editor in 1.95 ms, found 4 plugins.
Preloading 0 native plugins for Editor in 0.00 ms.
Unloading 13 Unused Serialized files (Serialized files now loaded: 0)
Unloading 6768 unused Assets / (4.5 MB). Loaded Objects now: 7806.
Memory consumption went from 154.8 MB to 150.3 MB.
Total: 9.876200 ms (FindLiveObjects: 0.703700 ms CreateObjectMapping: 0.896200 ms MarkObjects: 5.915600 ms  DeleteObjects: 2.359400 ms)

Prepare: number of updated asset objects reloaded= 0
========================================================================
Received Prepare
Refreshing native plugins compatible for Editor in 1.86 ms, found 4 plugins.
Preloading 0 native plugins for Editor in 0.00 ms.
Unloading 13 Unused Serialized files (Serialized files now loaded: 0)
Unloading 6758 unused Assets / (5.1 MB). Loaded Objects now: 7806.
Memory consumption went from 155.0 MB to 149.9 MB.
Total: 8.791900 ms (FindLiveObjects: 0.610600 ms CreateObjectMapping: 0.543400 ms MarkObjects: 5.102900 ms  DeleteObjects: 2.533600 ms)

Prepare: number of updated asset objects reloaded= 0
========================================================================
Received Prepare
Refreshing native plugins compatible for Editor in 2.74 ms, found 4 plugins.
Preloading 0 native plugins for Editor in 0.00 ms.
Unloading 13 Unused Serialized files (Serialized files now loaded: 0)
Unloading 6758 unused Assets / (5.1 MB). Loaded Objects now: 7806.
Memory consumption went from 155.0 MB to 149.9 MB.
Total: 12.187100 ms (FindLiveObjects: 0.727500 ms CreateObjectMapping: 1.216200 ms MarkObjects: 7.254100 ms  DeleteObjects: 2.987600 ms)

Prepare: number of updated asset objects reloaded= 0
========================================================================
Received Prepare
Begin MonoManager ReloadAssembly
[Licensing::Client] Successfully resolved entitlement details
[Licensing::Module] License group:
  Id: F4-559Z-ESNU-EWRH-PCGX-XXXX
  Product: Unity Personal
  Type: ULF
  Expiration: Unlimited
[Licensing::Module] License group:
  Id: 5773053068775-UnityPersXXXX
  Product: Unity Personal
  Type: Assigned
  Expiration: Unlimited
- Loaded All Assemblies, in  0.884 seconds
Refreshing native plugins compatible for Editor in 1.82 ms, found 4 plugins.
Native extension for WindowsStandalone target not found
[Package Manager] Failed to launch server process. Reason: Unity was launched with the -noUpm command-line argument
[Package Manager] Unable to send message (not connected to server process).
[Package Manager] Cannot connect to Unity Package Manager local server
Mono: successfully reloaded assembly
- Finished resetting the current domain, in  1.043 seconds
Domain Reload Profiling: 1926ms
	BeginReloadAssembly (252ms)
		ExecutionOrderSort (0ms)
		DisableScriptedObjects (18ms)
		BackupInstance (0ms)
		ReleaseScriptingObjects (0ms)
		CreateAndSetChildDomain (50ms)
	RebuildCommonClasses (43ms)
	RebuildNativeTypeToScriptingClass (17ms)
	initialDomainReloadingComplete (31ms)
	LoadAllAssembliesAndSetupDomain (538ms)
		LoadAssemblies (405ms)
		RebuildTransferFunctionScriptingTraits (0ms)
		AnalyzeDomain (246ms)
			TypeCache.Refresh (10ms)
				TypeCache.ScanAssembly (0ms)
			BuildScriptInfoCaches (222ms)
			ResolveRequiredComponents (10ms)
	FinalizeReload (1044ms)
		ReleaseScriptCaches (0ms)
		RebuildScriptCaches (0ms)
		SetupLoadedEditorAssemblies (868ms)
			LogAssemblyErrors (0ms)
			InitializePlatformSupportModulesInManaged (2ms)
			SetLoadedEditorAssemblies (4ms)
			BeforeProcessingInitializeOnLoad (165ms)
			ProcessInitializeOnLoadAttributes (625ms)
			ProcessInitializeOnLoadMethodAttributes (66ms)
			AfterProcessingInitializeOnLoad (5ms)
			EditorAssembliesLoaded (0ms)
		ExecutionOrderSort2 (0ms)
		AwakeInstancesAfterBackupRestoration (15ms)
Refreshing native plugins compatible for Editor in 1.63 ms, found 4 plugins.
Preloading 0 native plugins for Editor in 0.00 ms.
Unloading 13 Unused Serialized files (Serialized files now loaded: 0)
Unloading 6768 unused Assets / (5.4 MB). Loaded Objects now: 7809.
Memory consumption went from 154.9 MB to 149.5 MB.
Total: 9.392100 ms (FindLiveObjects: 0.546500 ms CreateObjectMapping: 0.850800 ms MarkObjects: 4.970100 ms  DeleteObjects: 3.023100 ms)

Prepare: number of updated asset objects reloaded= 0
========================================================================
Received Import Request.
  Time since last request: 360.242844 seconds.
  path: Assets/Prefabs/Enemies/FastTypeEnemy.prefab
  artifactKey: Guid(1f7080cd51344e44c8cce76297420b6e) Importer(815301076,1909f56bfc062723c751e8b465ee728b)
Start importing Assets/Prefabs/Enemies/FastTypeEnemy.prefab using Guid(1f7080cd51344e44c8cce76297420b6e) Importer(815301076,1909f56bfc062723c751e8b465ee728b) (PreviewImporter) -> (artifact id: 'f25074770f81e6a843350a9e5fab9f6e') in 0.525931 seconds
Number of updated asset objects reloaded before import = 0Number of asset objects unloaded after import = 65

========================================================================
Received Prepare
Begin MonoManager ReloadAssembly
[Licensing::Client] Successfully resolved entitlement details
[Licensing::Module] License group:
  Id: F4-559Z-ESNU-EWRH-PCGX-XXXX
  Product: Unity Personal
  Type: ULF
  Expiration: Unlimited
[Licensing::Module] License group:
  Id: 5773053068775-UnityPersXXXX
  Product: Unity Personal
  Type: Assigned
  Expiration: Unlimited
- Loaded All Assemblies, in  0.975 seconds
Refreshing native plugins compatible for Editor in 2.38 ms, found 4 plugins.
Native extension for WindowsStandalone target not found
[Package Manager] Failed to launch server process. Reason: Unity was launched with the -noUpm command-line argument
[Package Manager] Unable to send message (not connected to server process).
[Package Manager] Cannot connect to Unity Package Manager local server
Mono: successfully reloaded assembly
- Finished resetting the current domain, in  0.938 seconds
Domain Reload Profiling: 1911ms
	BeginReloadAssembly (294ms)
		ExecutionOrderSort (0ms)
		DisableScriptedObjects (32ms)
		BackupInstance (0ms)
		ReleaseScriptingObjects (0ms)
		CreateAndSetChildDomain (72ms)
	RebuildCommonClasses (41ms)
	RebuildNativeTypeToScriptingClass (13ms)
	initialDomainReloadingComplete (33ms)
	LoadAllAssembliesAndSetupDomain (591ms)
		LoadAssemblies (441ms)
		RebuildTransferFunctionScriptingTraits (0ms)
		AnalyzeDomain (268ms)
			TypeCache.Refresh (11ms)
				TypeCache.ScanAssembly (0ms)
			BuildScriptInfoCaches (241ms)
			ResolveRequiredComponents (12ms)
	FinalizeReload (939ms)
		ReleaseScriptCaches (0ms)
		RebuildScriptCaches (0ms)
		SetupLoadedEditorAssemblies (764ms)
			LogAssemblyErrors (0ms)
			InitializePlatformSupportModulesInManaged (2ms)
			SetLoadedEditorAssemblies (5ms)
			BeforeProcessingInitializeOnLoad (141ms)
			ProcessInitializeOnLoadAttributes (538ms)
			ProcessInitializeOnLoadMethodAttributes (71ms)
			AfterProcessingInitializeOnLoad (6ms)
			EditorAssembliesLoaded (0ms)
		ExecutionOrderSort2 (0ms)
		AwakeInstancesAfterBackupRestoration (17ms)
Refreshing native plugins compatible for Editor in 2.59 ms, found 4 plugins.
Preloading 0 native plugins for Editor in 0.00 ms.
Unloading 13 Unused Serialized files (Serialized files now loaded: 0)
Unloading 6768 unused Assets / (4.9 MB). Loaded Objects now: 7832.
Memory consumption went from 155.1 MB to 150.2 MB.
Total: 8.056100 ms (FindLiveObjects: 0.667900 ms CreateObjectMapping: 0.519300 ms MarkObjects: 4.558500 ms  DeleteObjects: 2.309100 ms)

Prepare: number of updated asset objects reloaded= 0
========================================================================
Received Prepare
Begin MonoManager ReloadAssembly
- Loaded All Assemblies, in  0.912 seconds
Refreshing native plugins compatible for Editor in 1.39 ms, found 4 plugins.
Native extension for WindowsStandalone target not found
[Package Manager] Failed to launch server process. Reason: Unity was launched with the -noUpm command-line argument
[Package Manager] Unable to send message (not connected to server process).
[Package Manager] Cannot connect to Unity Package Manager local server
Mono: successfully reloaded assembly
- Finished resetting the current domain, in  0.972 seconds
Domain Reload Profiling: 1884ms
	BeginReloadAssembly (249ms)
		ExecutionOrderSort (0ms)
		DisableScriptedObjects (17ms)
		BackupInstance (0ms)
		ReleaseScriptingObjects (0ms)
		CreateAndSetChildDomain (54ms)
	RebuildCommonClasses (48ms)
	RebuildNativeTypeToScriptingClass (11ms)
	initialDomainReloadingComplete (30ms)
	LoadAllAssembliesAndSetupDomain (573ms)
		LoadAssemblies (419ms)
		RebuildTransferFunctionScriptingTraits (0ms)
		AnalyzeDomain (260ms)
			TypeCache.Refresh (7ms)
				TypeCache.ScanAssembly (0ms)
			BuildScriptInfoCaches (235ms)
			ResolveRequiredComponents (12ms)
	FinalizeReload (973ms)
		ReleaseScriptCaches (0ms)
		RebuildScriptCaches (0ms)
		SetupLoadedEditorAssemblies (803ms)
			LogAssemblyErrors (0ms)
			InitializePlatformSupportModulesInManaged (3ms)
			SetLoadedEditorAssemblies (6ms)
			BeforeProcessingInitializeOnLoad (152ms)
			ProcessInitializeOnLoadAttributes (563ms)
			ProcessInitializeOnLoadMethodAttributes (72ms)
			AfterProcessingInitializeOnLoad (6ms)
			EditorAssembliesLoaded (0ms)
		ExecutionOrderSort2 (0ms)
		AwakeInstancesAfterBackupRestoration (18ms)
Refreshing native plugins compatible for Editor in 2.27 ms, found 4 plugins.
Preloading 0 native plugins for Editor in 0.00 ms.
Unloading 13 Unused Serialized files (Serialized files now loaded: 0)
Unloading 6768 unused Assets / (4.4 MB). Loaded Objects now: 7835.
Memory consumption went from 155.0 MB to 150.6 MB.
Total: 8.245000 ms (FindLiveObjects: 0.563600 ms CreateObjectMapping: 0.478900 ms MarkObjects: 5.044200 ms  DeleteObjects: 2.156900 ms)

Prepare: number of updated asset objects reloaded= 0
========================================================================
Received Prepare
Begin MonoManager ReloadAssembly
[Licensing::Client] Successfully resolved entitlement details
[Licensing::Module] License group:
  Id: F4-559Z-ESNU-EWRH-PCGX-XXXX
  Product: Unity Personal
  Type: ULF
  Expiration: Unlimited
[Licensing::Module] License group:
  Id: 5773053068775-UnityPersXXXX
  Product: Unity Personal
  Type: Assigned
  Expiration: Unlimited
- Loaded All Assemblies, in  0.863 seconds
Refreshing native plugins compatible for Editor in 1.96 ms, found 4 plugins.
Native extension for WindowsStandalone target not found
[Package Manager] Failed to launch server process. Reason: Unity was launched with the -noUpm command-line argument
[Package Manager] Unable to send message (not connected to server process).
[Package Manager] Cannot connect to Unity Package Manager local server
Mono: successfully reloaded assembly
- Finished resetting the current domain, in  0.914 seconds
Domain Reload Profiling: 1775ms
	BeginReloadAssembly (239ms)
		ExecutionOrderSort (0ms)
		DisableScriptedObjects (16ms)
		BackupInstance (0ms)
		ReleaseScriptingObjects (0ms)
		CreateAndSetChildDomain (55ms)
	RebuildCommonClasses (41ms)
	RebuildNativeTypeToScriptingClass (13ms)
	initialDomainReloadingComplete (31ms)
	LoadAllAssembliesAndSetupDomain (537ms)
		LoadAssemblies (395ms)
		RebuildTransferFunctionScriptingTraits (0ms)
		AnalyzeDomain (238ms)
			TypeCache.Refresh (7ms)
				TypeCache.ScanAssembly (0ms)
			BuildScriptInfoCaches (216ms)
			ResolveRequiredComponents (11ms)
	FinalizeReload (915ms)
		ReleaseScriptCaches (0ms)
		RebuildScriptCaches (0ms)
		SetupLoadedEditorAssemblies (737ms)
			LogAssemblyErrors (0ms)
			InitializePlatformSupportModulesInManaged (3ms)
			SetLoadedEditorAssemblies (4ms)
			BeforeProcessingInitializeOnLoad (148ms)
			ProcessInitializeOnLoadAttributes (510ms)
			ProcessInitializeOnLoadMethodAttributes (66ms)
			AfterProcessingInitializeOnLoad (5ms)
			EditorAssembliesLoaded (0ms)
		ExecutionOrderSort2 (0ms)
		AwakeInstancesAfterBackupRestoration (17ms)
Refreshing native plugins compatible for Editor in 2.51 ms, found 4 plugins.
Preloading 0 native plugins for Editor in 0.00 ms.
Unloading 13 Unused Serialized files (Serialized files now loaded: 0)
Unloading 6768 unused Assets / (5.1 MB). Loaded Objects now: 7838.
Memory consumption went from 154.9 MB to 149.9 MB.
Total: 9.980900 ms (FindLiveObjects: 0.680000 ms CreateObjectMapping: 0.756800 ms MarkObjects: 5.714100 ms  DeleteObjects: 2.828300 ms)

Prepare: number of updated asset objects reloaded= 0
========================================================================
Received Prepare
Refreshing native plugins compatible for Editor in 2.25 ms, found 4 plugins.
Preloading 0 native plugins for Editor in 0.00 ms.
Unloading 13 Unused Serialized files (Serialized files now loaded: 0)
Unloading 6758 unused Assets / (4.8 MB). Loaded Objects now: 7838.
Memory consumption went from 155.1 MB to 150.3 MB.
Total: 10.432600 ms (FindLiveObjects: 0.597900 ms CreateObjectMapping: 0.826000 ms MarkObjects: 6.102300 ms  DeleteObjects: 2.904800 ms)

Prepare: number of updated asset objects reloaded= 0
========================================================================
Received Prepare
Begin MonoManager ReloadAssembly
- Loaded All Assemblies, in  0.896 seconds
Refreshing native plugins compatible for Editor in 3.79 ms, found 4 plugins.
Native extension for WindowsStandalone target not found
[Package Manager] Failed to launch server process. Reason: Unity was launched with the -noUpm command-line argument
[Package Manager] Unable to send message (not connected to server process).
[Package Manager] Cannot connect to Unity Package Manager local server
Mono: successfully reloaded assembly
- Finished resetting the current domain, in  0.993 seconds
Domain Reload Profiling: 1885ms
	BeginReloadAssembly (251ms)
		ExecutionOrderSort (0ms)
		DisableScriptedObjects (21ms)
		BackupInstance (0ms)
		ReleaseScriptingObjects (0ms)
		CreateAndSetChildDomain (57ms)
	RebuildCommonClasses (37ms)
	RebuildNativeTypeToScriptingClass (16ms)
	initialDomainReloadingComplete (34ms)
	LoadAllAssembliesAndSetupDomain (553ms)
		LoadAssemblies (411ms)
		RebuildTransferFunctionScriptingTraits (0ms)
		AnalyzeDomain (249ms)
			TypeCache.Refresh (10ms)
				TypeCache.ScanAssembly (0ms)
			BuildScriptInfoCaches (225ms)
			ResolveRequiredComponents (10ms)
	FinalizeReload (994ms)
		ReleaseScriptCaches (0ms)
		RebuildScriptCaches (0ms)
		SetupLoadedEditorAssemblies (829ms)
			LogAssemblyErrors (0ms)
			InitializePlatformSupportModulesInManaged (3ms)
			SetLoadedEditorAssemblies (7ms)
			BeforeProcessingInitializeOnLoad (154ms)
			ProcessInitializeOnLoadAttributes (593ms)
			ProcessInitializeOnLoadMethodAttributes (66ms)
			AfterProcessingInitializeOnLoad (5ms)
			EditorAssembliesLoaded (0ms)
		ExecutionOrderSort2 (0ms)
		AwakeInstancesAfterBackupRestoration (19ms)
Refreshing native plugins compatible for Editor in 2.22 ms, found 4 plugins.
Preloading 0 native plugins for Editor in 0.00 ms.
Unloading 13 Unused Serialized files (Serialized files now loaded: 0)
Unloading 6768 unused Assets / (4.7 MB). Loaded Objects now: 7841.
Memory consumption went from 155.0 MB to 150.4 MB.
Total: 12.611600 ms (FindLiveObjects: 0.669400 ms CreateObjectMapping: 1.004300 ms MarkObjects: 8.013500 ms  DeleteObjects: 2.922100 ms)

Prepare: number of updated asset objects reloaded= 0
========================================================================
Received Prepare
Begin MonoManager ReloadAssembly
- Loaded All Assemblies, in  0.852 seconds
Refreshing native plugins compatible for Editor in 1.40 ms, found 4 plugins.
Native extension for WindowsStandalone target not found
[Package Manager] Failed to launch server process. Reason: Unity was launched with the -noUpm command-line argument
[Package Manager] Unable to send message (not connected to server process).
[Package Manager] Cannot connect to Unity Package Manager local server
Mono: successfully reloaded assembly
- Finished resetting the current domain, in  0.968 seconds
Domain Reload Profiling: 1820ms
	BeginReloadAssembly (232ms)
		ExecutionOrderSort (0ms)
		DisableScriptedObjects (15ms)
		BackupInstance (0ms)
		ReleaseScriptingObjects (0ms)
		CreateAndSetChildDomain (50ms)
	RebuildCommonClasses (37ms)
	RebuildNativeTypeToScriptingClass (14ms)
	initialDomainReloadingComplete (32ms)
	LoadAllAssembliesAndSetupDomain (536ms)
		LoadAssemblies (394ms)
		RebuildTransferFunctionScriptingTraits (0ms)
		AnalyzeDomain (244ms)
			TypeCache.Refresh (7ms)
				TypeCache.ScanAssembly (0ms)
			BuildScriptInfoCaches (222ms)
			ResolveRequiredComponents (11ms)
	FinalizeReload (969ms)
		ReleaseScriptCaches (0ms)
		RebuildScriptCaches (0ms)
		SetupLoadedEditorAssemblies (782ms)
			LogAssemblyErrors (0ms)
			InitializePlatformSupportModulesInManaged (3ms)
			SetLoadedEditorAssemblies (4ms)
			BeforeProcessingInitializeOnLoad (139ms)
			ProcessInitializeOnLoadAttributes (573ms)
			ProcessInitializeOnLoadMethodAttributes (57ms)
			AfterProcessingInitializeOnLoad (6ms)
			EditorAssembliesLoaded (0ms)
		ExecutionOrderSort2 (0ms)
		AwakeInstancesAfterBackupRestoration (17ms)
Refreshing native plugins compatible for Editor in 1.58 ms, found 4 plugins.
Preloading 0 native plugins for Editor in 0.00 ms.
Unloading 13 Unused Serialized files (Serialized files now loaded: 0)
Unloading 6768 unused Assets / (4.5 MB). Loaded Objects now: 7844.
Memory consumption went from 155.1 MB to 150.6 MB.
Total: 7.195000 ms (FindLiveObjects: 0.572900 ms CreateObjectMapping: 0.453100 ms MarkObjects: 4.279500 ms  DeleteObjects: 1.887300 ms)

Prepare: number of updated asset objects reloaded= 0
========================================================================
Received Prepare
Refreshing native plugins compatible for Editor in 2.28 ms, found 4 plugins.
Preloading 0 native plugins for Editor in 0.00 ms.
Unloading 13 Unused Serialized files (Serialized files now loaded: 0)
Unloading 6758 unused Assets / (5.0 MB). Loaded Objects now: 7844.
Memory consumption went from 155.2 MB to 150.3 MB.
Total: 11.597300 ms (FindLiveObjects: 0.943300 ms CreateObjectMapping: 0.877800 ms MarkObjects: 6.742500 ms  DeleteObjects: 3.032300 ms)

Prepare: number of updated asset objects reloaded= 0
========================================================================
Received Prepare
Begin MonoManager ReloadAssembly
[Licensing::Client] Successfully resolved entitlement details
[Licensing::Module] License group:
  Id: F4-559Z-ESNU-EWRH-PCGX-XXXX
  Product: Unity Personal
  Type: ULF
  Expiration: Unlimited
[Licensing::Module] License group:
  Id: 5773053068775-UnityPersXXXX
  Product: Unity Personal
  Type: Assigned
  Expiration: Unlimited
- Loaded All Assemblies, in  0.872 seconds
Refreshing native plugins compatible for Editor in 1.81 ms, found 4 plugins.
Native extension for WindowsStandalone target not found
[Package Manager] Failed to launch server process. Reason: Unity was launched with the -noUpm command-line argument
[Package Manager] Unable to send message (not connected to server process).
[Package Manager] Cannot connect to Unity Package Manager local server
Mono: successfully reloaded assembly
- Finished resetting the current domain, in  0.988 seconds
Domain Reload Profiling: 1858ms
	BeginReloadAssembly (247ms)
		ExecutionOrderSort (0ms)
		DisableScriptedObjects (19ms)
		BackupInstance (0ms)
		ReleaseScriptingObjects (0ms)
		CreateAndSetChildDomain (47ms)
	RebuildCommonClasses (38ms)
	RebuildNativeTypeToScriptingClass (17ms)
	initialDomainReloadingComplete (39ms)
	LoadAllAssembliesAndSetupDomain (529ms)
		LoadAssemblies (397ms)
		RebuildTransferFunctionScriptingTraits (0ms)
		AnalyzeDomain (237ms)
			TypeCache.Refresh (9ms)
				TypeCache.ScanAssembly (0ms)
			BuildScriptInfoCaches (214ms)
			ResolveRequiredComponents (10ms)
	FinalizeReload (988ms)
		ReleaseScriptCaches (0ms)
		RebuildScriptCaches (0ms)
		SetupLoadedEditorAssemblies (803ms)
			LogAssemblyErrors (0ms)
			InitializePlatformSupportModulesInManaged (2ms)
			SetLoadedEditorAssemblies (5ms)
			BeforeProcessingInitializeOnLoad (172ms)
			ProcessInitializeOnLoadAttributes (551ms)
			ProcessInitializeOnLoadMethodAttributes (64ms)
			AfterProcessingInitializeOnLoad (8ms)
			EditorAssembliesLoaded (0ms)
		ExecutionOrderSort2 (0ms)
		AwakeInstancesAfterBackupRestoration (17ms)
Refreshing native plugins compatible for Editor in 1.61 ms, found 4 plugins.
Preloading 0 native plugins for Editor in 0.00 ms.
Unloading 13 Unused Serialized files (Serialized files now loaded: 0)
Unloading 6768 unused Assets / (4.4 MB). Loaded Objects now: 7847.
Memory consumption went from 155.1 MB to 150.7 MB.
Total: 9.774800 ms (FindLiveObjects: 0.558000 ms CreateObjectMapping: 0.594000 ms MarkObjects: 6.456000 ms  DeleteObjects: 2.165100 ms)

Prepare: number of updated asset objects reloaded= 0
========================================================================
Received Prepare
Begin MonoManager ReloadAssembly
- Loaded All Assemblies, in  0.883 seconds
Refreshing native plugins compatible for Editor in 2.12 ms, found 4 plugins.
Native extension for WindowsStandalone target not found
[Package Manager] Failed to launch server process. Reason: Unity was launched with the -noUpm command-line argument
[Package Manager] Unable to send message (not connected to server process).
[Package Manager] Cannot connect to Unity Package Manager local server
Mono: successfully reloaded assembly
- Finished resetting the current domain, in  1.150 seconds
Domain Reload Profiling: 2030ms
	BeginReloadAssembly (237ms)
		ExecutionOrderSort (0ms)
		DisableScriptedObjects (20ms)
		BackupInstance (0ms)
		ReleaseScriptingObjects (0ms)
		CreateAndSetChildDomain (49ms)
	RebuildCommonClasses (47ms)
	RebuildNativeTypeToScriptingClass (12ms)
	initialDomainReloadingComplete (30ms)
	LoadAllAssembliesAndSetupDomain (554ms)
		LoadAssemblies (402ms)
		RebuildTransferFunctionScriptingTraits (0ms)
		AnalyzeDomain (255ms)
			TypeCache.Refresh (7ms)
				TypeCache.ScanAssembly (0ms)
			BuildScriptInfoCaches (233ms)
			ResolveRequiredComponents (10ms)
	FinalizeReload (1151ms)
		ReleaseScriptCaches (0ms)
		RebuildScriptCaches (0ms)
		SetupLoadedEditorAssemblies (949ms)
			LogAssemblyErrors (0ms)
			InitializePlatformSupportModulesInManaged (2ms)
			SetLoadedEditorAssemblies (5ms)
			BeforeProcessingInitializeOnLoad (149ms)
			ProcessInitializeOnLoadAttributes (656ms)
			ProcessInitializeOnLoadMethodAttributes (129ms)
			AfterProcessingInitializeOnLoad (9ms)
			EditorAssembliesLoaded (0ms)
		ExecutionOrderSort2 (0ms)
		AwakeInstancesAfterBackupRestoration (40ms)
Refreshing native plugins compatible for Editor in 2.04 ms, found 4 plugins.
Preloading 0 native plugins for Editor in 0.00 ms.
Unloading 13 Unused Serialized files (Serialized files now loaded: 0)
Unloading 6768 unused Assets / (4.7 MB). Loaded Objects now: 7850.
Memory consumption went from 155.1 MB to 150.5 MB.
Total: 11.129800 ms (FindLiveObjects: 0.557600 ms CreateObjectMapping: 0.764300 ms MarkObjects: 6.771100 ms  DeleteObjects: 3.035400 ms)

Prepare: number of updated asset objects reloaded= 0
========================================================================
Received Import Request.
  Time since last request: 594.757979 seconds.
  path: Assets/Prefabs/Turrets/Fire Turret.prefab
  artifactKey: Guid(435c9623361906945a6126111a2a041d) Importer(815301076,1909f56bfc062723c751e8b465ee728b)
Start importing Assets/Prefabs/Turrets/Fire Turret.prefab using Guid(435c9623361906945a6126111a2a041d) Importer(815301076,1909f56bfc062723c751e8b465ee728b) (PreviewImporter) -> (artifact id: '08d3be6417b815b6164a180eb73ee0f7') in 0.5156183 seconds
Number of updated asset objects reloaded before import = 0Number of asset objects unloaded after import = 34

========================================================================
Received Import Request.
  Time since last request: 0.000035 seconds.
  path: Assets/Prefabs/Turrets/Water Turret.prefab
  artifactKey: Guid(f61b40d45c764da44a0c14549cd46ed7) Importer(815301076,1909f56bfc062723c751e8b465ee728b)
Start importing Assets/Prefabs/Turrets/Water Turret.prefab using Guid(f61b40d45c764da44a0c14549cd46ed7) Importer(815301076,1909f56bfc062723c751e8b465ee728b) (PreviewImporter) -> (artifact id: '3aff8b61a9ef808798d68fad5ed2e752') in 0.0137475 seconds
Number of updated asset objects reloaded before import = 0Number of asset objects unloaded after import = 27

========================================================================
Received Prepare
Begin MonoManager ReloadAssembly
[Licensing::Client] Successfully resolved entitlement details
[Licensing::Module] License group:
  Id: F4-559Z-ESNU-EWRH-PCGX-XXXX
  Product: Unity Personal
  Type: ULF
  Expiration: Unlimited
[Licensing::Module] License group:
  Id: 5773053068775-UnityPersXXXX
  Product: Unity Personal
  Type: Assigned
  Expiration: Unlimited
- Loaded All Assemblies, in  0.986 seconds
Refreshing native plugins compatible for Editor in 1.88 ms, found 4 plugins.
Native extension for WindowsStandalone target not found
[Package Manager] Failed to launch server process. Reason: Unity was launched with the -noUpm command-line argument
[Package Manager] Unable to send message (not connected to server process).
[Package Manager] Cannot connect to Unity Package Manager local server
Mono: successfully reloaded assembly
- Finished resetting the current domain, in  0.983 seconds
Domain Reload Profiling: 1967ms
	BeginReloadAssembly (280ms)
		ExecutionOrderSort (0ms)
		DisableScriptedObjects (29ms)
		BackupInstance (0ms)
		ReleaseScriptingObjects (0ms)
		CreateAndSetChildDomain (65ms)
	RebuildCommonClasses (38ms)
	RebuildNativeTypeToScriptingClass (14ms)
	initialDomainReloadingComplete (35ms)
	LoadAllAssembliesAndSetupDomain (616ms)
		LoadAssemblies (446ms)
		RebuildTransferFunctionScriptingTraits (0ms)
		AnalyzeDomain (289ms)
			TypeCache.Refresh (7ms)
				TypeCache.ScanAssembly (0ms)
			BuildScriptInfoCaches (265ms)
			ResolveRequiredComponents (12ms)
	FinalizeReload (984ms)
		ReleaseScriptCaches (0ms)
		RebuildScriptCaches (0ms)
		SetupLoadedEditorAssemblies (809ms)
			LogAssemblyErrors (0ms)
			InitializePlatformSupportModulesInManaged (3ms)
			SetLoadedEditorAssemblies (5ms)
			BeforeProcessingInitializeOnLoad (149ms)
			ProcessInitializeOnLoadAttributes (558ms)
			ProcessInitializeOnLoadMethodAttributes (86ms)
			AfterProcessingInitializeOnLoad (8ms)
			EditorAssembliesLoaded (0ms)
		ExecutionOrderSort2 (0ms)
		AwakeInstancesAfterBackupRestoration (19ms)
Refreshing native plugins compatible for Editor in 2.04 ms, found 4 plugins.
Preloading 0 native plugins for Editor in 0.00 ms.
Unloading 13 Unused Serialized files (Serialized files now loaded: 0)
Unloading 6768 unused Assets / (4.4 MB). Loaded Objects now: 7873.
Memory consumption went from 155.3 MB to 150.9 MB.
Total: 10.519200 ms (FindLiveObjects: 0.738500 ms CreateObjectMapping: 0.761000 ms MarkObjects: 6.112100 ms  DeleteObjects: 2.906100 ms)

Prepare: number of updated asset objects reloaded= 0
========================================================================
Received Prepare
Begin MonoManager ReloadAssembly
- Loaded All Assemblies, in  1.122 seconds
Refreshing native plugins compatible for Editor in 2.54 ms, found 4 plugins.
Native extension for WindowsStandalone target not found
[Package Manager] Failed to launch server process. Reason: Unity was launched with the -noUpm command-line argument
[Package Manager] Unable to send message (not connected to server process).
[Package Manager] Cannot connect to Unity Package Manager local server
Mono: successfully reloaded assembly
- Finished resetting the current domain, in  1.009 seconds
Domain Reload Profiling: 2128ms
	BeginReloadAssembly (418ms)
		ExecutionOrderSort (0ms)
		DisableScriptedObjects (29ms)
		BackupInstance (0ms)
		ReleaseScriptingObjects (0ms)
		CreateAndSetChildDomain (69ms)
	RebuildCommonClasses (41ms)
	RebuildNativeTypeToScriptingClass (15ms)
	initialDomainReloadingComplete (38ms)
	LoadAllAssembliesAndSetupDomain (606ms)
		LoadAssemblies (535ms)
		RebuildTransferFunctionScriptingTraits (0ms)
		AnalyzeDomain (271ms)
			TypeCache.Refresh (8ms)
				TypeCache.ScanAssembly (0ms)
			BuildScriptInfoCaches (246ms)
			ResolveRequiredComponents (13ms)
	FinalizeReload (1009ms)
		ReleaseScriptCaches (0ms)
		RebuildScriptCaches (0ms)
		SetupLoadedEditorAssemblies (835ms)
			LogAssemblyErrors (0ms)
			InitializePlatformSupportModulesInManaged (3ms)
			SetLoadedEditorAssemblies (5ms)
			BeforeProcessingInitializeOnLoad (162ms)
			ProcessInitializeOnLoadAttributes (585ms)
			ProcessInitializeOnLoadMethodAttributes (74ms)
			AfterProcessingInitializeOnLoad (6ms)
			EditorAssembliesLoaded (0ms)
		ExecutionOrderSort2 (0ms)
		AwakeInstancesAfterBackupRestoration (20ms)
Refreshing native plugins compatible for Editor in 1.90 ms, found 4 plugins.
Preloading 0 native plugins for Editor in 0.00 ms.
Unloading 13 Unused Serialized files (Serialized files now loaded: 0)
Unloading 6768 unused Assets / (5.5 MB). Loaded Objects now: 7876.
Memory consumption went from 155.2 MB to 149.8 MB.
Total: 9.317200 ms (FindLiveObjects: 0.800700 ms CreateObjectMapping: 0.524000 ms MarkObjects: 4.832100 ms  DeleteObjects: 3.158300 ms)

Prepare: number of updated asset objects reloaded= 0
