[Licensing::Module] Trying to connect to existing licensing client channel...
Built from '6000.0/staging' branch; Version is '6000.0.67f1 (78a1c2bbeb6a) revision 7905730'; Using compiler version '193933523'; Build Type 'Release'
[Licensing::IpcConnector] Successfully connected to: "LicenseClient-my8uQ2d8YK6P-ybuuDvL4" at "2026-05-04T01:05:46.6330885Z"
OS: 'Windows 11  (10.0.26200) Core' Language: 'en' Physical Memory: 32621 MB
BatchMode: 1, IsHumanControllingUs: 0, StartBugReporterOnCrash: 0, Is64bit: 1
System  architecture: x64
Process architecture: x64
Date: 2026-05-04T01:05:46Z

COMMAND LINE ARGUMENTS:
C:\Program Files\Unity\Hub\Editor\6000.0.67f1\Editor\Unity.exe
-adb2
-batchMode
-noUpm
-name
AssetImportWorker4
-projectPath
C:/Users/louie/OneDrive/Documents/GitHub/GD-204-Realm-Defence/GD204
-logFile
Logs/AssetImportWorker4.log
-srvPort
61704
-licensingIpc
LicenseClient-my8uQ2d8YK6P-ybuuDvL4
-job-worker-count
5
-background-job-worker-count
8
-gc-helper-count
1
-name
AssetImport
Successfully changed project path to: C:/Users/louie/OneDrive/Documents/GitHub/GD-204-Realm-Defence/GD204
C:/Users/louie/OneDrive/Documents/GitHub/GD-204-Realm-Defence/GD204
[UnityMemory] Configuration Parameters - Can be set up in boot.config
    "memorysetup-bucket-allocator-granularity=16"
    "memorysetup-bucket-allocator-bucket-count=8"
    "memorysetup-bucket-allocator-block-size=33554432"
    "memorysetup-bucket-allocator-block-count=8"
    "memorysetup-main-allocator-block-size=16777216"
    "memorysetup-thread-allocator-block-size=16777216"
    "memorysetup-gfx-main-allocator-block-size=16777216"
    "memorysetup-gfx-thread-allocator-block-size=16777216"
    "memorysetup-cache-allocator-block-size=4194304"
    "memorysetup-typetree-allocator-block-size=2097152"
    "memorysetup-profiler-bucket-allocator-granularity=16"
    "memorysetup-profiler-bucket-allocator-bucket-count=8"
    "memorysetup-profiler-bucket-allocator-block-size=33554432"
    "memorysetup-profiler-bucket-allocator-block-count=8"
    "memorysetup-profiler-allocator-block-size=16777216"
    "memorysetup-profiler-editor-allocator-block-size=1048576"
    "memorysetup-temp-allocator-size-main=16777216"
    "memorysetup-job-temp-allocator-block-size=2097152"
    "memorysetup-job-temp-allocator-block-size-background=1048576"
    "memorysetup-job-temp-allocator-reduction-small-platforms=262144"
    "memorysetup-allocator-temp-initial-block-size-main=262144"
    "memorysetup-allocator-temp-initial-block-size-worker=262144"
    "memorysetup-temp-allocator-size-background-worker=32768"
    "memorysetup-temp-allocator-size-job-worker=262144"
    "memorysetup-temp-allocator-size-preload-manager=33554432"
    "memorysetup-temp-allocator-size-nav-mesh-worker=65536"
    "memorysetup-temp-allocator-size-audio-worker=65536"
    "memorysetup-temp-allocator-size-cloud-worker=32768"
    "memorysetup-temp-allocator-size-gi-baking-worker=262144"
    "memorysetup-temp-allocator-size-gi-baking-worker=262144"
    "memorysetup-temp-allocator-size-gi-baking-worker=262144"
    "memorysetup-temp-allocator-size-gi-baking-worker=262144"
    "memorysetup-temp-allocator-size-gi-baking-worker=262144"
    "memorysetup-temp-allocator-size-gfx=262144"
Player connection [42900]  Target information:

Player connection [42900]  * "[IP] 192.168.0.233 [Port] 0 [Flags] 2 [Guid] 203014716 [EditorId] 203014716 [Version] 1048832 [Id] WindowsEditor(7,Cyberpower) [Debug] 1 [PackageName] WindowsEditor [ProjectName] Editor" 

Player connection [42900]  * "[IP] 10.5.0.2 [Port] 0 [Flags] 2 [Guid] 203014716 [EditorId] 203014716 [Version] 1048832 [Id] WindowsEditor(7,Cyberpower) [Debug] 1 [PackageName] WindowsEditor [ProjectName] Editor" 

Player connection [42900] Host joined multi-casting on [225.0.0.222:54997]...
Player connection [42900] Host joined alternative multi-casting on [225.0.0.222:34997]...
JobSystem: Creating JobQueue using job-worker-count value 5
Input System module state changed to: Initialized.
[Physics::Module] Initialized fallback backend.
[Physics::Module] Id: 0xdecafbad
Library Redirect Path: Library/
[Physics::Module] Selected backend.
[Physics::Module] Name: PhysX
[Physics::Module] Id: 0xf2b8ea05
[Physics::Module] SDK Version: 4.1.2
[Physics::Module] Integration Version: 1.0.0
[Physics::Module] Threading Mode: Multi-Threaded
Refreshing native plugins compatible for Editor in 4.68 ms, found 4 plugins.
Preloading 0 native plugins for Editor in 0.00 ms.
Initialize engine version: 6000.0.67f1 (78a1c2bbeb6a)
[Subsystems] Discovering subsystems at path C:/Program Files/Unity/Hub/Editor/6000.0.67f1/Editor/Data/Resources/UnitySubsystems
[Subsystems] Discovering subsystems at path C:/Users/louie/OneDrive/Documents/GitHub/GD-204-Realm-Defence/GD204/Assets
GfxDevice: creating device client; kGfxThreadingModeNonThreaded
Direct3D:
    Version:  Direct3D 11.0 [level 11.1]
    Renderer: NVIDIA GeForce RTX 4060 Ti (ID=0x2803)
    Vendor:   NVIDIA
    VRAM:     7949 MB
    Driver:   32.0.15.8142
Initialize mono
Mono path[0] = 'C:/Program Files/Unity/Hub/Editor/6000.0.67f1/Editor/Data/Managed'
Mono path[1] = 'C:/Program Files/Unity/Hub/Editor/6000.0.67f1/Editor/Data/MonoBleedingEdge/lib/mono/unityjit-win32'
Mono config path = 'C:/Program Files/Unity/Hub/Editor/6000.0.67f1/Editor/Data/MonoBleedingEdge/etc'
Using monoOptions --debugger-agent=transport=dt_socket,embedding=1,server=y,suspend=n,address=127.0.0.1:56780
Begin MonoManager ReloadAssembly
Registering precompiled unity dll's ...
Register platform support module: C:/Program Files/Unity/Hub/Editor/6000.0.67f1/Editor/Data/PlaybackEngines/WindowsStandaloneSupport/UnityEditor.WindowsStandalone.Extensions.dll
Registered in 0.009859 seconds.
- Loaded All Assemblies, in  1.121 seconds
Native extension for WindowsStandalone target not found
[Licensing::Client] Error: HandshakeResponse reported an error:
	ResponseCode: 505
	ResponseStatus: Unsupported protocol version '1.17.4'.
[Licensing::Module] Error: Failed to handshake to channel: "LicenseClient-my8uQ2d8YK6P-ybuuDvL4"
[Licensing::IpcConnector] LicenseClient-my8uQ2d8YK6P-ybuuDvL4 channel disconnected successfully.
[Licensing::IpcConnector] Successfully connected to: "LicenseClient-louie-6000.0.67" at "2026-05-04T01:05:48.9090478Z"
Mono: successfully reloaded assembly
- Finished resetting the current domain, in  1.343 seconds
Domain Reload Profiling: 2458ms
	BeginReloadAssembly (319ms)
		ExecutionOrderSort (0ms)
		DisableScriptedObjects (0ms)
		BackupInstance (0ms)
		ReleaseScriptingObjects (0ms)
		CreateAndSetChildDomain (2ms)
	RebuildCommonClasses (70ms)
	RebuildNativeTypeToScriptingClass (42ms)
	initialDomainReloadingComplete (301ms)
	LoadAllAssembliesAndSetupDomain (382ms)
		LoadAssemblies (300ms)
		RebuildTransferFunctionScriptingTraits (0ms)
		AnalyzeDomain (378ms)
			TypeCache.Refresh (373ms)
				TypeCache.ScanAssembly (354ms)
			BuildScriptInfoCaches (4ms)
			ResolveRequiredComponents (1ms)
	FinalizeReload (1344ms)
		ReleaseScriptCaches (0ms)
		RebuildScriptCaches (0ms)
		SetupLoadedEditorAssemblies (1209ms)
			LogAssemblyErrors (0ms)
			InitializePlatformSupportModulesInManaged (107ms)
			SetLoadedEditorAssemblies (12ms)
			BeforeProcessingInitializeOnLoad (304ms)
			ProcessInitializeOnLoadAttributes (641ms)
			ProcessInitializeOnLoadMethodAttributes (144ms)
			AfterProcessingInitializeOnLoad (0ms)
			EditorAssembliesLoaded (0ms)
		ExecutionOrderSort2 (0ms)
		AwakeInstancesAfterBackupRestoration (0ms)
========================================================================
Worker process is ready to serve import requests
Import Worker Mode flag is 0x00
[Licensing::Client] Handshaking with LicensingClient:
  Version:                 1.17.4+4293ba1
  Session Id:              8290e9716d5842a891145143fc44f054
  Correlation Id:          8cfd584673697b5f11a00d34f211c46d
  External correlation Id: 309607631782883854
  Machine Id:              pVZcQ3UKKdYxOMQsziew8K9hM7s=
[Licensing::Module] Successfully connected to LicensingClient on channel: "LicenseClient-louie-6000.0.67" (connect: 0.00s, validation: 0.00s, handshake: 2.22s)
[Licensing::IpcConnector] Successfully connected to: "LicenseClient-louie-6000.0.67-notifications" at "2026-05-04T01:05:51.1329156Z"
[Licensing::Module] Licensing Background thread has ended after 4.50s
Begin MonoManager ReloadAssembly
[Licensing::Client] Successfully resolved entitlement details
[Licensing::Module] License group:
  Id: F4-559Z-ESNU-EWRH-PCGX-XXXX
  Product: Unity Personal
  Type: ULF
  Expiration: Unlimited
[Licensing::Module] License group:
  Id: 5773053068775-UnityPersXXXX
  Product: Unity Personal
  Type: Assigned
  Expiration: Unlimited
- Loaded All Assemblies, in  1.351 seconds
Refreshing native plugins compatible for Editor in 3.31 ms, found 4 plugins.
Native extension for WindowsStandalone target not found
Package Manager log level set to [2]
[Package Manager] Failed to launch server process. Reason: Unity was launched with the -noUpm command-line argument
[Package Manager] Unable to send message (not connected to server process).
[Package Manager] Cannot connect to Unity Package Manager local server
Mono: successfully reloaded assembly
- Finished resetting the current domain, in  1.698 seconds
Domain Reload Profiling: 3040ms
	BeginReloadAssembly (304ms)
		ExecutionOrderSort (0ms)
		DisableScriptedObjects (9ms)
		BackupInstance (0ms)
		ReleaseScriptingObjects (0ms)
		CreateAndSetChildDomain (43ms)
	RebuildCommonClasses (55ms)
	RebuildNativeTypeToScriptingClass (18ms)
	initialDomainReloadingComplete (56ms)
	LoadAllAssembliesAndSetupDomain (909ms)
		LoadAssemblies (533ms)
		RebuildTransferFunctionScriptingTraits (0ms)
		AnalyzeDomain (532ms)
			TypeCache.Refresh (308ms)
				TypeCache.ScanAssembly (284ms)
			BuildScriptInfoCaches (202ms)
			ResolveRequiredComponents (17ms)
	FinalizeReload (1698ms)
		ReleaseScriptCaches (0ms)
		RebuildScriptCaches (0ms)
		SetupLoadedEditorAssemblies (1436ms)
			LogAssemblyErrors (0ms)
			InitializePlatformSupportModulesInManaged (3ms)
			SetLoadedEditorAssemblies (5ms)
			BeforeProcessingInitializeOnLoad (240ms)
			ProcessInitializeOnLoadAttributes (978ms)
			ProcessInitializeOnLoadMethodAttributes (200ms)
			AfterProcessingInitializeOnLoad (9ms)
			EditorAssembliesLoaded (0ms)
		ExecutionOrderSort2 (0ms)
		AwakeInstancesAfterBackupRestoration (8ms)
Launched and connected shader compiler UnityShaderCompiler.exe after 0.02 seconds
Refreshing native plugins compatible for Editor in 3.50 ms, found 4 plugins.
Preloading 0 native plugins for Editor in 0.00 ms.
Unloading 13 Unused Serialized files (Serialized files now loaded: 0)
Unloading 6766 unused Assets / (5.1 MB). Loaded Objects now: 7488.
Memory consumption went from 145.4 MB to 140.2 MB.
Total: 13.047100 ms (FindLiveObjects: 0.867500 ms CreateObjectMapping: 1.223500 ms MarkObjects: 7.510600 ms  DeleteObjects: 3.444100 ms)

========================================================================
Received Import Request.
  Time since last request: 16211.587288 seconds.
  path: Assets/TurretTypes/ElectricUnit.asset
  artifactKey: Guid(6ffc6fd61f6289f4b911e8bb7e0645e8) Importer(815301076,1909f56bfc062723c751e8b465ee728b)
Start importing Assets/TurretTypes/ElectricUnit.asset using Guid(6ffc6fd61f6289f4b911e8bb7e0645e8) Importer(815301076,1909f56bfc062723c751e8b465ee728b) (PreviewImporter) -> (artifact id: '9d174cd01c1bf019703f99b782ea2915') in 0.0352329 seconds
Number of updated asset objects reloaded before import = 0Number of asset objects unloaded after import = 9

========================================================================
Received Import Request.
  Time since last request: 7.669508 seconds.
  path: Assets/Prefabs/Turrets/Turret Shoot.prefab
  artifactKey: Guid(4e18a7debc1e3bc4e8d9ac3186c36d0d) Importer(815301076,1909f56bfc062723c751e8b465ee728b)
Start importing Assets/Prefabs/Turrets/Turret Shoot.prefab using Guid(4e18a7debc1e3bc4e8d9ac3186c36d0d) Importer(815301076,1909f56bfc062723c751e8b465ee728b) (PreviewImporter) -> (artifact id: '9a3c05fbcc70ba86eb25495e9555ff06') in 0.4321401 seconds
Number of updated asset objects reloaded before import = 0Number of asset objects unloaded after import = 8

========================================================================
Received Import Request.
  Time since last request: 1.121768 seconds.
  path: Assets/Prefabs/Turrets/Turret Stand.prefab
  artifactKey: Guid(a25318d357f8e184690fc24c72284fef) Importer(815301076,1909f56bfc062723c751e8b465ee728b)
Start importing Assets/Prefabs/Turrets/Turret Stand.prefab using Guid(a25318d357f8e184690fc24c72284fef) Importer(815301076,1909f56bfc062723c751e8b465ee728b) (PreviewImporter) -> (artifact id: '5b6d528c67c10ef89fa9b943fc332c0f') in 0.0191642 seconds
Number of updated asset objects reloaded before import = 0Number of asset objects unloaded after import = 8

========================================================================
Received Import Request.
  Time since last request: 15.543287 seconds.
  path: Assets/Prefabs/Turrets/Standard Turret.prefab
  artifactKey: Guid(0fabeecabe058844b825ce0fdc6ed719) Importer(815301076,1909f56bfc062723c751e8b465ee728b)
Start importing Assets/Prefabs/Turrets/Standard Turret.prefab using Guid(0fabeecabe058844b825ce0fdc6ed719) Importer(815301076,1909f56bfc062723c751e8b465ee728b) (PreviewImporter) -> (artifact id: 'ccca0c91cafdbdba04212403556d35ae') in 0.0233063 seconds
Number of updated asset objects reloaded before import = 0Number of asset objects unloaded after import = 26

========================================================================
Received Import Request.
  Time since last request: 1.515971 seconds.
  path: Assets/Prefabs/Turrets/Standard Turret.prefab
  artifactKey: Guid(0fabeecabe058844b825ce0fdc6ed719) Importer(815301076,1909f56bfc062723c751e8b465ee728b)
Start importing Assets/Prefabs/Turrets/Standard Turret.prefab using Guid(0fabeecabe058844b825ce0fdc6ed719) Importer(815301076,1909f56bfc062723c751e8b465ee728b) (PreviewImporter) -> (artifact id: 'b5bdc6742622093540106e27638f47d9') in 0.058002 seconds
Number of updated asset objects reloaded before import = 0Number of asset objects unloaded after import = 33

========================================================================
Received Prepare
Begin MonoManager ReloadAssembly
[Licensing::Client] Successfully resolved entitlement details
[Licensing::Module] License group:
  Id: F4-559Z-ESNU-EWRH-PCGX-XXXX
  Product: Unity Personal
  Type: ULF
  Expiration: Unlimited
[Licensing::Module] License group:
  Id: 5773053068775-UnityPersXXXX
  Product: Unity Personal
  Type: Assigned
  Expiration: Unlimited
- Loaded All Assemblies, in  0.941 seconds
Refreshing native plugins compatible for Editor in 1.83 ms, found 4 plugins.
Native extension for WindowsStandalone target not found
[Package Manager] Failed to launch server process. Reason: Unity was launched with the -noUpm command-line argument
[Package Manager] Unable to send message (not connected to server process).
[Package Manager] Cannot connect to Unity Package Manager local server
Mono: successfully reloaded assembly
- Finished resetting the current domain, in  0.988 seconds
Domain Reload Profiling: 1928ms
	BeginReloadAssembly (266ms)
		ExecutionOrderSort (0ms)
		DisableScriptedObjects (32ms)
		BackupInstance (0ms)
		ReleaseScriptingObjects (0ms)
		CreateAndSetChildDomain (61ms)
	RebuildCommonClasses (34ms)
	RebuildNativeTypeToScriptingClass (13ms)
	initialDomainReloadingComplete (32ms)
	LoadAllAssembliesAndSetupDomain (595ms)
		LoadAssemblies (418ms)
		RebuildTransferFunctionScriptingTraits (0ms)
		AnalyzeDomain (281ms)
			TypeCache.Refresh (8ms)
				TypeCache.ScanAssembly (0ms)
			BuildScriptInfoCaches (255ms)
			ResolveRequiredComponents (13ms)
	FinalizeReload (988ms)
		ReleaseScriptCaches (0ms)
		RebuildScriptCaches (0ms)
		SetupLoadedEditorAssemblies (813ms)
			LogAssemblyErrors (0ms)
			InitializePlatformSupportModulesInManaged (3ms)
			SetLoadedEditorAssemblies (6ms)
			BeforeProcessingInitializeOnLoad (156ms)
			ProcessInitializeOnLoadAttributes (567ms)
			ProcessInitializeOnLoadMethodAttributes (75ms)
			AfterProcessingInitializeOnLoad (6ms)
			EditorAssembliesLoaded (0ms)
		ExecutionOrderSort2 (0ms)
		AwakeInstancesAfterBackupRestoration (16ms)
Refreshing native plugins compatible for Editor in 2.24 ms, found 4 plugins.
Preloading 0 native plugins for Editor in 0.00 ms.
Unloading 13 Unused Serialized files (Serialized files now loaded: 0)
Unloading 6764 unused Assets / (5.2 MB). Loaded Objects now: 7524.
Memory consumption went from 153.2 MB to 148.0 MB.
Total: 10.999100 ms (FindLiveObjects: 0.796500 ms CreateObjectMapping: 0.777400 ms MarkObjects: 6.478100 ms  DeleteObjects: 2.945200 ms)

Prepare: number of updated asset objects reloaded= 0
========================================================================
Received Import Request.
  Time since last request: 58.063952 seconds.
  path: Assets/Prefabs/Turrets/Standard Turret.prefab
  artifactKey: Guid(0fabeecabe058844b825ce0fdc6ed719) Importer(815301076,1909f56bfc062723c751e8b465ee728b)
Start importing Assets/Prefabs/Turrets/Standard Turret.prefab using Guid(0fabeecabe058844b825ce0fdc6ed719) Importer(815301076,1909f56bfc062723c751e8b465ee728b) (PreviewImporter) -> (artifact id: '19ed265da8927cd1b494cddb955941d9') in 0.4710039 seconds
Number of updated asset objects reloaded before import = 0Number of asset objects unloaded after import = 33

========================================================================
Received Import Request.
  Time since last request: 3.241902 seconds.
  path: Assets/Prefabs/Turrets/Standard Turret.prefab
  artifactKey: Guid(0fabeecabe058844b825ce0fdc6ed719) Importer(815301076,1909f56bfc062723c751e8b465ee728b)
Start importing Assets/Prefabs/Turrets/Standard Turret.prefab using Guid(0fabeecabe058844b825ce0fdc6ed719) Importer(815301076,1909f56bfc062723c751e8b465ee728b) (PreviewImporter) -> (artifact id: '3f58df440c60b2b166ec28f34e9143b7') in 0.0722144 seconds
Number of updated asset objects reloaded before import = 0Number of asset objects unloaded after import = 33

========================================================================
Received Prepare
Begin MonoManager ReloadAssembly
[Licensing::Client] Successfully resolved entitlement details
[Licensing::Module] License group:
  Id: F4-559Z-ESNU-EWRH-PCGX-XXXX
  Product: Unity Personal
  Type: ULF
  Expiration: Unlimited
[Licensing::Module] License group:
  Id: 5773053068775-UnityPersXXXX
  Product: Unity Personal
  Type: Assigned
  Expiration: Unlimited
- Loaded All Assemblies, in  0.843 seconds
Refreshing native plugins compatible for Editor in 2.14 ms, found 4 plugins.
Native extension for WindowsStandalone target not found
[Package Manager] Failed to launch server process. Reason: Unity was launched with the -noUpm command-line argument
[Package Manager] Unable to send message (not connected to server process).
[Package Manager] Cannot connect to Unity Package Manager local server
Mono: successfully reloaded assembly
- Finished resetting the current domain, in  0.982 seconds
Domain Reload Profiling: 1824ms
	BeginReloadAssembly (243ms)
		ExecutionOrderSort (0ms)
		DisableScriptedObjects (28ms)
		BackupInstance (0ms)
		ReleaseScriptingObjects (0ms)
		CreateAndSetChildDomain (58ms)
	RebuildCommonClasses (35ms)
	RebuildNativeTypeToScriptingClass (14ms)
	initialDomainReloadingComplete (35ms)
	LoadAllAssembliesAndSetupDomain (515ms)
		LoadAssemblies (365ms)
		RebuildTransferFunctionScriptingTraits (0ms)
		AnalyzeDomain (245ms)
			TypeCache.Refresh (8ms)
				TypeCache.ScanAssembly (0ms)
			BuildScriptInfoCaches (220ms)
			ResolveRequiredComponents (12ms)
	FinalizeReload (982ms)
		ReleaseScriptCaches (0ms)
		RebuildScriptCaches (0ms)
		SetupLoadedEditorAssemblies (810ms)
			LogAssemblyErrors (0ms)
			InitializePlatformSupportModulesInManaged (2ms)
			SetLoadedEditorAssemblies (5ms)
			BeforeProcessingInitializeOnLoad (142ms)
			ProcessInitializeOnLoadAttributes (583ms)
			ProcessInitializeOnLoadMethodAttributes (71ms)
			AfterProcessingInitializeOnLoad (6ms)
			EditorAssembliesLoaded (0ms)
		ExecutionOrderSort2 (0ms)
		AwakeInstancesAfterBackupRestoration (18ms)
Refreshing native plugins compatible for Editor in 1.81 ms, found 4 plugins.
Preloading 0 native plugins for Editor in 0.00 ms.
Unloading 13 Unused Serialized files (Serialized files now loaded: 0)
Unloading 6764 unused Assets / (4.5 MB). Loaded Objects now: 7547.
Memory consumption went from 153.2 MB to 148.7 MB.
Total: 10.971700 ms (FindLiveObjects: 0.908800 ms CreateObjectMapping: 0.848700 ms MarkObjects: 5.914900 ms  DeleteObjects: 3.298100 ms)

Prepare: number of updated asset objects reloaded= 0
========================================================================
Received Import Request.
  Time since last request: 71.285862 seconds.
  path: Assets/Prefabs/Turrets/Standard Turret.prefab
  artifactKey: Guid(0fabeecabe058844b825ce0fdc6ed719) Importer(815301076,1909f56bfc062723c751e8b465ee728b)
Start importing Assets/Prefabs/Turrets/Standard Turret.prefab using Guid(0fabeecabe058844b825ce0fdc6ed719) Importer(815301076,1909f56bfc062723c751e8b465ee728b) (PreviewImporter) -> (artifact id: '83b81e2b48df09645f89e77ece791122') in 0.4218844 seconds
Number of updated asset objects reloaded before import = 0Number of asset objects unloaded after import = 31

========================================================================
Received Prepare
Refreshing native plugins compatible for Editor in 1.97 ms, found 4 plugins.
Preloading 0 native plugins for Editor in 0.00 ms.
Unloading 13 Unused Serialized files (Serialized files now loaded: 0)
Unloading 6754 unused Assets / (5.0 MB). Loaded Objects now: 7671.
Memory consumption went from 153.9 MB to 148.9 MB.
Total: 16.411900 ms (FindLiveObjects: 1.358500 ms CreateObjectMapping: 1.036800 ms MarkObjects: 9.614300 ms  DeleteObjects: 4.400500 ms)

Prepare: number of updated asset objects reloaded= 0
========================================================================
Received Import Request.
  Time since last request: 47.501778 seconds.
  path: Assets/Prefabs/Turrets/Standard Turret.prefab
  artifactKey: Guid(0fabeecabe058844b825ce0fdc6ed719) Importer(815301076,1909f56bfc062723c751e8b465ee728b)
Start importing Assets/Prefabs/Turrets/Standard Turret.prefab using Guid(0fabeecabe058844b825ce0fdc6ed719) Importer(815301076,1909f56bfc062723c751e8b465ee728b) (PreviewImporter) -> (artifact id: '2bc497df066461a2e3f90240874374e8') in 0.0206337 seconds
Number of updated asset objects reloaded before import = 0Number of asset objects unloaded after import = 31

========================================================================
Received Import Request.
  Time since last request: 0.000033 seconds.
  path: Assets/Prefabs/Turrets/Electric Turret.prefab
  artifactKey: Guid(aae537c2f92013746a402db5116df460) Importer(815301076,1909f56bfc062723c751e8b465ee728b)
Start importing Assets/Prefabs/Turrets/Electric Turret.prefab using Guid(aae537c2f92013746a402db5116df460) Importer(815301076,1909f56bfc062723c751e8b465ee728b) (PreviewImporter) -> (artifact id: '5990f9aed1deb8fcc0b2fb8e2a735076') in 0.0123139 seconds
Number of updated asset objects reloaded before import = 0Number of asset objects unloaded after import = 19

========================================================================
Received Import Request.
  Time since last request: 0.000035 seconds.
  path: Assets/Prefabs/Turrets/Fire Turret.prefab
  artifactKey: Guid(435c9623361906945a6126111a2a041d) Importer(815301076,1909f56bfc062723c751e8b465ee728b)
Start importing Assets/Prefabs/Turrets/Fire Turret.prefab using Guid(435c9623361906945a6126111a2a041d) Importer(815301076,1909f56bfc062723c751e8b465ee728b) (PreviewImporter) -> (artifact id: 'e621bccf07dd5abf0b03e0c430b09dc7') in 0.0370792 seconds
Number of updated asset objects reloaded before import = 0Number of asset objects unloaded after import = 26

========================================================================
Received Prepare
Begin MonoManager ReloadAssembly
[Licensing::Client] Successfully resolved entitlement details
[Licensing::Module] License group:
  Id: F4-559Z-ESNU-EWRH-PCGX-XXXX
  Product: Unity Personal
  Type: ULF
  Expiration: Unlimited
[Licensing::Module] License group:
  Id: 5773053068775-UnityPersXXXX
  Product: Unity Personal
  Type: Assigned
  Expiration: Unlimited
- Loaded All Assemblies, in  0.910 seconds
Refreshing native plugins compatible for Editor in 1.79 ms, found 4 plugins.
Native extension for WindowsStandalone target not found
[Package Manager] Failed to launch server process. Reason: Unity was launched with the -noUpm command-line argument
[Package Manager] Unable to send message (not connected to server process).
[Package Manager] Cannot connect to Unity Package Manager local server
Mono: successfully reloaded assembly
- Finished resetting the current domain, in  1.023 seconds
Domain Reload Profiling: 1932ms
	BeginReloadAssembly (262ms)
		ExecutionOrderSort (0ms)
		DisableScriptedObjects (32ms)
		BackupInstance (0ms)
		ReleaseScriptingObjects (0ms)
		CreateAndSetChildDomain (63ms)
	RebuildCommonClasses (38ms)
	RebuildNativeTypeToScriptingClass (14ms)
	initialDomainReloadingComplete (33ms)
	LoadAllAssembliesAndSetupDomain (561ms)
		LoadAssemblies (398ms)
		RebuildTransferFunctionScriptingTraits (0ms)
		AnalyzeDomain (261ms)
			TypeCache.Refresh (11ms)
				TypeCache.ScanAssembly (0ms)
			BuildScriptInfoCaches (233ms)
			ResolveRequiredComponents (12ms)
	FinalizeReload (1024ms)
		ReleaseScriptCaches (0ms)
		RebuildScriptCaches (0ms)
		SetupLoadedEditorAssemblies (861ms)
			LogAssemblyErrors (0ms)
			InitializePlatformSupportModulesInManaged (3ms)
			SetLoadedEditorAssemblies (5ms)
			BeforeProcessingInitializeOnLoad (143ms)
			ProcessInitializeOnLoadAttributes (645ms)
			ProcessInitializeOnLoadMethodAttributes (61ms)
			AfterProcessingInitializeOnLoad (4ms)
			EditorAssembliesLoaded (0ms)
		ExecutionOrderSort2 (0ms)
		AwakeInstancesAfterBackupRestoration (14ms)
Refreshing native plugins compatible for Editor in 2.21 ms, found 4 plugins.
Preloading 0 native plugins for Editor in 0.00 ms.
Unloading 13 Unused Serialized files (Serialized files now loaded: 0)
Unloading 6764 unused Assets / (5.0 MB). Loaded Objects now: 7570.
Memory consumption went from 153.3 MB to 148.3 MB.
Total: 8.840800 ms (FindLiveObjects: 0.732900 ms CreateObjectMapping: 0.780300 ms MarkObjects: 4.999700 ms  DeleteObjects: 2.326500 ms)

Prepare: number of updated asset objects reloaded= 0
========================================================================
Received Prepare
Begin MonoManager ReloadAssembly
- Loaded All Assemblies, in  0.845 seconds
Refreshing native plugins compatible for Editor in 1.32 ms, found 4 plugins.
Native extension for WindowsStandalone target not found
[Package Manager] Failed to launch server process. Reason: Unity was launched with the -noUpm command-line argument
[Package Manager] Unable to send message (not connected to server process).
[Package Manager] Cannot connect to Unity Package Manager local server
Mono: successfully reloaded assembly
- Finished resetting the current domain, in  0.930 seconds
Domain Reload Profiling: 1773ms
	BeginReloadAssembly (220ms)
		ExecutionOrderSort (0ms)
		DisableScriptedObjects (14ms)
		BackupInstance (0ms)
		ReleaseScriptingObjects (0ms)
		CreateAndSetChildDomain (49ms)
	RebuildCommonClasses (34ms)
	RebuildNativeTypeToScriptingClass (12ms)
	initialDomainReloadingComplete (34ms)
	LoadAllAssembliesAndSetupDomain (542ms)
		LoadAssemblies (382ms)
		RebuildTransferFunctionScriptingTraits (0ms)
		AnalyzeDomain (255ms)
			TypeCache.Refresh (7ms)
				TypeCache.ScanAssembly (0ms)
			BuildScriptInfoCaches (233ms)
			ResolveRequiredComponents (11ms)
	FinalizeReload (931ms)
		ReleaseScriptCaches (0ms)
		RebuildScriptCaches (0ms)
		SetupLoadedEditorAssemblies (764ms)
			LogAssemblyErrors (0ms)
			InitializePlatformSupportModulesInManaged (3ms)
			SetLoadedEditorAssemblies (6ms)
			BeforeProcessingInitializeOnLoad (142ms)
			ProcessInitializeOnLoadAttributes (540ms)
			ProcessInitializeOnLoadMethodAttributes (67ms)
			AfterProcessingInitializeOnLoad (5ms)
			EditorAssembliesLoaded (0ms)
		ExecutionOrderSort2 (0ms)
		AwakeInstancesAfterBackupRestoration (18ms)
Refreshing native plugins compatible for Editor in 2.46 ms, found 4 plugins.
Preloading 0 native plugins for Editor in 0.00 ms.
Unloading 13 Unused Serialized files (Serialized files now loaded: 0)
Unloading 6764 unused Assets / (4.6 MB). Loaded Objects now: 7573.
Memory consumption went from 153.2 MB to 148.6 MB.
Total: 10.960700 ms (FindLiveObjects: 0.714400 ms CreateObjectMapping: 0.602200 ms MarkObjects: 6.280200 ms  DeleteObjects: 3.361900 ms)

Prepare: number of updated asset objects reloaded= 0
========================================================================
Received Prepare
Refreshing native plugins compatible for Editor in 14.59 ms, found 4 plugins.
Preloading 0 native plugins for Editor in 0.00 ms.
Unloading 13 Unused Serialized files (Serialized files now loaded: 0)
Unloading 6754 unused Assets / (3.3 MB). Loaded Objects now: 7573.
Memory consumption went from 153.3 MB to 150.0 MB.
Total: 36.177200 ms (FindLiveObjects: 2.565300 ms CreateObjectMapping: 1.546200 ms MarkObjects: 24.766900 ms  DeleteObjects: 7.296700 ms)

Prepare: number of updated asset objects reloaded= 0
========================================================================
Received Import Request.
  Time since last request: 175.165693 seconds.
  path: Assets/Prefabs/Turrets/Standard Turret.prefab
  artifactKey: Guid(0fabeecabe058844b825ce0fdc6ed719) Importer(815301076,1909f56bfc062723c751e8b465ee728b)
Start importing Assets/Prefabs/Turrets/Standard Turret.prefab using Guid(0fabeecabe058844b825ce0fdc6ed719) Importer(815301076,1909f56bfc062723c751e8b465ee728b) (PreviewImporter) -> (artifact id: '9bfefaf4803c5e4d966c693b9319bfd9') in 0.6173 seconds
Number of updated asset objects reloaded before import = 0Number of asset objects unloaded after import = 31

========================================================================
Received Prepare
Begin MonoManager ReloadAssembly
[Licensing::Client] Successfully resolved entitlement details
[Licensing::Module] License group:
  Id: F4-559Z-ESNU-EWRH-PCGX-XXXX
  Product: Unity Personal
  Type: ULF
  Expiration: Unlimited
[Licensing::Module] License group:
  Id: 5773053068775-UnityPersXXXX
  Product: Unity Personal
  Type: Assigned
  Expiration: Unlimited
- Loaded All Assemblies, in  1.042 seconds
Refreshing native plugins compatible for Editor in 1.78 ms, found 4 plugins.
Native extension for WindowsStandalone target not found
[Package Manager] Failed to launch server process. Reason: Unity was launched with the -noUpm command-line argument
[Package Manager] Unable to send message (not connected to server process).
[Package Manager] Cannot connect to Unity Package Manager local server
Mono: successfully reloaded assembly
- Finished resetting the current domain, in  1.031 seconds
Domain Reload Profiling: 2071ms
	BeginReloadAssembly (279ms)
		ExecutionOrderSort (0ms)
		DisableScriptedObjects (28ms)
		BackupInstance (0ms)
		ReleaseScriptingObjects (0ms)
		CreateAndSetChildDomain (60ms)
	RebuildCommonClasses (38ms)
	RebuildNativeTypeToScriptingClass (14ms)
	initialDomainReloadingComplete (29ms)
	LoadAllAssembliesAndSetupDomain (679ms)
		LoadAssemblies (424ms)
		RebuildTransferFunctionScriptingTraits (0ms)
		AnalyzeDomain (378ms)
			TypeCache.Refresh (12ms)
				TypeCache.ScanAssembly (0ms)
			BuildScriptInfoCaches (350ms)
			ResolveRequiredComponents (10ms)
	FinalizeReload (1032ms)
		ReleaseScriptCaches (0ms)
		RebuildScriptCaches (0ms)
		SetupLoadedEditorAssemblies (859ms)
			LogAssemblyErrors (0ms)
			InitializePlatformSupportModulesInManaged (2ms)
			SetLoadedEditorAssemblies (7ms)
			BeforeProcessingInitializeOnLoad (167ms)
			ProcessInitializeOnLoadAttributes (605ms)
			ProcessInitializeOnLoadMethodAttributes (71ms)
			AfterProcessingInitializeOnLoad (5ms)
			EditorAssembliesLoaded (0ms)
		ExecutionOrderSort2 (0ms)
		AwakeInstancesAfterBackupRestoration (16ms)
Refreshing native plugins compatible for Editor in 2.08 ms, found 4 plugins.
Preloading 0 native plugins for Editor in 0.00 ms.
Unloading 13 Unused Serialized files (Serialized files now loaded: 0)
Unloading 6764 unused Assets / (4.5 MB). Loaded Objects now: 7596.
Memory consumption went from 153.3 MB to 148.8 MB.
Total: 11.352500 ms (FindLiveObjects: 0.936500 ms CreateObjectMapping: 0.928500 ms MarkObjects: 6.756600 ms  DeleteObjects: 2.729200 ms)

Prepare: number of updated asset objects reloaded= 0
========================================================================
Received Prepare
Begin MonoManager ReloadAssembly
- Loaded All Assemblies, in  0.881 seconds
Refreshing native plugins compatible for Editor in 1.42 ms, found 4 plugins.
Native extension for WindowsStandalone target not found
[Package Manager] Failed to launch server process. Reason: Unity was launched with the -noUpm command-line argument
[Package Manager] Unable to send message (not connected to server process).
[Package Manager] Cannot connect to Unity Package Manager local server
Mono: successfully reloaded assembly
- Finished resetting the current domain, in  0.939 seconds
Domain Reload Profiling: 1820ms
	BeginReloadAssembly (220ms)
		ExecutionOrderSort (0ms)
		DisableScriptedObjects (14ms)
		BackupInstance (0ms)
		ReleaseScriptingObjects (0ms)
		CreateAndSetChildDomain (47ms)
	RebuildCommonClasses (38ms)
	RebuildNativeTypeToScriptingClass (11ms)
	initialDomainReloadingComplete (32ms)
	LoadAllAssembliesAndSetupDomain (579ms)
		LoadAssemblies (390ms)
		RebuildTransferFunctionScriptingTraits (0ms)
		AnalyzeDomain (285ms)
			TypeCache.Refresh (11ms)
				TypeCache.ScanAssembly (0ms)
			BuildScriptInfoCaches (258ms)
			ResolveRequiredComponents (12ms)
	FinalizeReload (939ms)
		ReleaseScriptCaches (0ms)
		RebuildScriptCaches (0ms)
		SetupLoadedEditorAssemblies (763ms)
			LogAssemblyErrors (0ms)
			InitializePlatformSupportModulesInManaged (3ms)
			SetLoadedEditorAssemblies (5ms)
			BeforeProcessingInitializeOnLoad (136ms)
			ProcessInitializeOnLoadAttributes (545ms)
			ProcessInitializeOnLoadMethodAttributes (68ms)
			AfterProcessingInitializeOnLoad (5ms)
			EditorAssembliesLoaded (0ms)
		ExecutionOrderSort2 (0ms)
		AwakeInstancesAfterBackupRestoration (18ms)
Refreshing native plugins compatible for Editor in 1.67 ms, found 4 plugins.
Preloading 0 native plugins for Editor in 0.00 ms.
Unloading 13 Unused Serialized files (Serialized files now loaded: 0)
Unloading 6764 unused Assets / (4.4 MB). Loaded Objects now: 7599.
Memory consumption went from 153.3 MB to 148.9 MB.
Total: 10.193500 ms (FindLiveObjects: 0.623000 ms CreateObjectMapping: 1.004800 ms MarkObjects: 6.326500 ms  DeleteObjects: 2.237300 ms)

Prepare: number of updated asset objects reloaded= 0
========================================================================
Received Import Request.
  Time since last request: 11.879411 seconds.
  path: Assets/Prefabs/Turrets/Electric Turret.prefab
  artifactKey: Guid(aae537c2f92013746a402db5116df460) Importer(815301076,1909f56bfc062723c751e8b465ee728b)
Start importing Assets/Prefabs/Turrets/Electric Turret.prefab using Guid(aae537c2f92013746a402db5116df460) Importer(815301076,1909f56bfc062723c751e8b465ee728b) (PreviewImporter) -> (artifact id: '94792fba9ea8ff625d70b4d7d41bec53') in 0.4654359 seconds
Number of updated asset objects reloaded before import = 0Number of asset objects unloaded after import = 19

========================================================================
Received Import Request.
  Time since last request: 43.663293 seconds.
  path: Assets/Prefabs/Turrets/Standard Turret.prefab
  artifactKey: Guid(0fabeecabe058844b825ce0fdc6ed719) Importer(815301076,1909f56bfc062723c751e8b465ee728b)
Start importing Assets/Prefabs/Turrets/Standard Turret.prefab using Guid(0fabeecabe058844b825ce0fdc6ed719) Importer(815301076,1909f56bfc062723c751e8b465ee728b) (PreviewImporter) -> (artifact id: '6d5ed01c2f92cdac7dca97547e7727cc') in 0.0257029 seconds
Number of updated asset objects reloaded before import = 0Number of asset objects unloaded after import = 31

========================================================================
Received Import Request.
  Time since last request: 6.162369 seconds.
  path: Assets/Prefabs/Turrets/Standard Turret.prefab
  artifactKey: Guid(0fabeecabe058844b825ce0fdc6ed719) Importer(815301076,1909f56bfc062723c751e8b465ee728b)
Start importing Assets/Prefabs/Turrets/Standard Turret.prefab using Guid(0fabeecabe058844b825ce0fdc6ed719) Importer(815301076,1909f56bfc062723c751e8b465ee728b) (PreviewImporter) -> (artifact id: '92d4c08d19a92d088789ead32591affa') in 0.0262171 seconds
Number of updated asset objects reloaded before import = 0Number of asset objects unloaded after import = 31

========================================================================
Received Import Request.
  Time since last request: 18.901330 seconds.
  path: Assets/Prefabs/Turrets/Standard Turret.prefab
  artifactKey: Guid(0fabeecabe058844b825ce0fdc6ed719) Importer(815301076,1909f56bfc062723c751e8b465ee728b)
Start importing Assets/Prefabs/Turrets/Standard Turret.prefab using Guid(0fabeecabe058844b825ce0fdc6ed719) Importer(815301076,1909f56bfc062723c751e8b465ee728b) (PreviewImporter) -> (artifact id: '9a486580aa228384b9b85085d0a50090') in 0.029045 seconds
Number of updated asset objects reloaded before import = 0Number of asset objects unloaded after import = 31

========================================================================
Received Import Request.
  Time since last request: 6.925383 seconds.
  path: Assets/Prefabs/Turrets/Standard Turret.prefab
  artifactKey: Guid(0fabeecabe058844b825ce0fdc6ed719) Importer(815301076,1909f56bfc062723c751e8b465ee728b)
Start importing Assets/Prefabs/Turrets/Standard Turret.prefab using Guid(0fabeecabe058844b825ce0fdc6ed719) Importer(815301076,1909f56bfc062723c751e8b465ee728b) (PreviewImporter) -> (artifact id: '816897d71d410bc32207d1f9d1e31e53') in 0.0181853 seconds
Number of updated asset objects reloaded before import = 0Number of asset objects unloaded after import = 31

========================================================================
Received Import Request.
  Time since last request: 2.029537 seconds.
  path: Assets/Prefabs/Turrets/Standard Turret.prefab
  artifactKey: Guid(0fabeecabe058844b825ce0fdc6ed719) Importer(815301076,1909f56bfc062723c751e8b465ee728b)
Start importing Assets/Prefabs/Turrets/Standard Turret.prefab using Guid(0fabeecabe058844b825ce0fdc6ed719) Importer(815301076,1909f56bfc062723c751e8b465ee728b) (PreviewImporter) -> (artifact id: 'd4e14ee4a626f1a88ece71d30ac3a68a') in 0.0157008 seconds
Number of updated asset objects reloaded before import = 0Number of asset objects unloaded after import = 31

========================================================================
Received Import Request.
  Time since last request: 27.536169 seconds.
  path: Assets/Prefabs/Turrets/Standard Turret.prefab
  artifactKey: Guid(0fabeecabe058844b825ce0fdc6ed719) Importer(815301076,1909f56bfc062723c751e8b465ee728b)
Start importing Assets/Prefabs/Turrets/Standard Turret.prefab using Guid(0fabeecabe058844b825ce0fdc6ed719) Importer(815301076,1909f56bfc062723c751e8b465ee728b) (PreviewImporter) -> (artifact id: '288a51006f7c432f49a10a0546509bf2') in 0.0155738 seconds
Number of updated asset objects reloaded before import = 0Number of asset objects unloaded after import = 31

========================================================================
Received Import Request.
  Time since last request: 8.755110 seconds.
  path: Assets/Prefabs/Turrets/Standard Turret.prefab
  artifactKey: Guid(0fabeecabe058844b825ce0fdc6ed719) Importer(815301076,1909f56bfc062723c751e8b465ee728b)
Start importing Assets/Prefabs/Turrets/Standard Turret.prefab using Guid(0fabeecabe058844b825ce0fdc6ed719) Importer(815301076,1909f56bfc062723c751e8b465ee728b) (PreviewImporter) -> (artifact id: '4a36275269c9c4e6a4a9ba2ca2144ba2') in 0.0187881 seconds
Number of updated asset objects reloaded before import = 0Number of asset objects unloaded after import = 31

========================================================================
Received Import Request.
  Time since last request: 4.161431 seconds.
  path: Assets/Prefabs/Turrets/Standard Turret.prefab
  artifactKey: Guid(0fabeecabe058844b825ce0fdc6ed719) Importer(815301076,1909f56bfc062723c751e8b465ee728b)
Start importing Assets/Prefabs/Turrets/Standard Turret.prefab using Guid(0fabeecabe058844b825ce0fdc6ed719) Importer(815301076,1909f56bfc062723c751e8b465ee728b) (PreviewImporter) -> (artifact id: 'b660a6735e1a923cb3c4c3ec792a1ff4') in 0.0202029 seconds
Number of updated asset objects reloaded before import = 0Number of asset objects unloaded after import = 31

========================================================================
Received Prepare
Begin MonoManager ReloadAssembly
[Licensing::Client] Successfully resolved entitlement details
[Licensing::Module] License group:
  Id: F4-559Z-ESNU-EWRH-PCGX-XXXX
  Product: Unity Personal
  Type: ULF
  Expiration: Unlimited
[Licensing::Module] License group:
  Id: 5773053068775-UnityPersXXXX
  Product: Unity Personal
  Type: Assigned
  Expiration: Unlimited
- Loaded All Assemblies, in  1.004 seconds
Refreshing native plugins compatible for Editor in 2.24 ms, found 4 plugins.
Native extension for WindowsStandalone target not found
[Package Manager] Failed to launch server process. Reason: Unity was launched with the -noUpm command-line argument
[Package Manager] Unable to send message (not connected to server process).
[Package Manager] Cannot connect to Unity Package Manager local server
Mono: successfully reloaded assembly
- Finished resetting the current domain, in  1.302 seconds
Domain Reload Profiling: 2303ms
	BeginReloadAssembly (263ms)
		ExecutionOrderSort (0ms)
		DisableScriptedObjects (27ms)
		BackupInstance (0ms)
		ReleaseScriptingObjects (0ms)
		CreateAndSetChildDomain (69ms)
	RebuildCommonClasses (39ms)
	RebuildNativeTypeToScriptingClass (15ms)
	initialDomainReloadingComplete (34ms)
	LoadAllAssembliesAndSetupDomain (648ms)
		LoadAssemblies (431ms)
		RebuildTransferFunctionScriptingTraits (0ms)
		AnalyzeDomain (319ms)
			TypeCache.Refresh (10ms)
				TypeCache.ScanAssembly (0ms)
			BuildScriptInfoCaches (289ms)
			ResolveRequiredComponents (13ms)
	FinalizeReload (1303ms)
		ReleaseScriptCaches (0ms)
		RebuildScriptCaches (0ms)
		SetupLoadedEditorAssemblies (1076ms)
			LogAssemblyErrors (0ms)
			InitializePlatformSupportModulesInManaged (4ms)
			SetLoadedEditorAssemblies (7ms)
			BeforeProcessingInitializeOnLoad (174ms)
			ProcessInitializeOnLoadAttributes (798ms)
			ProcessInitializeOnLoadMethodAttributes (86ms)
			AfterProcessingInitializeOnLoad (6ms)
			EditorAssembliesLoaded (0ms)
		ExecutionOrderSort2 (0ms)
		AwakeInstancesAfterBackupRestoration (25ms)
Refreshing native plugins compatible for Editor in 3.56 ms, found 4 plugins.
Preloading 0 native plugins for Editor in 0.00 ms.
Unloading 13 Unused Serialized files (Serialized files now loaded: 0)
Unloading 6764 unused Assets / (4.5 MB). Loaded Objects now: 7622.
Memory consumption went from 153.5 MB to 148.9 MB.
Total: 13.882300 ms (FindLiveObjects: 0.794000 ms CreateObjectMapping: 1.064200 ms MarkObjects: 8.386000 ms  DeleteObjects: 3.636500 ms)

Prepare: number of updated asset objects reloaded= 0
========================================================================
Received Prepare
Refreshing native plugins compatible for Editor in 2.80 ms, found 4 plugins.
Preloading 0 native plugins for Editor in 0.00 ms.
Unloading 13 Unused Serialized files (Serialized files now loaded: 0)
Unloading 6754 unused Assets / (5.1 MB). Loaded Objects now: 7622.
Memory consumption went from 153.5 MB to 148.3 MB.
Total: 12.295300 ms (FindLiveObjects: 0.602100 ms CreateObjectMapping: 0.667000 ms MarkObjects: 7.651700 ms  DeleteObjects: 3.372800 ms)

Prepare: number of updated asset objects reloaded= 0
========================================================================
Received Import Request.
  Time since last request: 64.606801 seconds.
  path: Assets/Prefabs/Turrets/Standard Turret.prefab
  artifactKey: Guid(0fabeecabe058844b825ce0fdc6ed719) Importer(815301076,1909f56bfc062723c751e8b465ee728b)
Start importing Assets/Prefabs/Turrets/Standard Turret.prefab using Guid(0fabeecabe058844b825ce0fdc6ed719) Importer(815301076,1909f56bfc062723c751e8b465ee728b) (PreviewImporter) -> (artifact id: 'a2ec9438329170be9b1629539525a09d') in 0.7381914 seconds
Number of updated asset objects reloaded before import = 0Number of asset objects unloaded after import = 31

========================================================================
Received Prepare
Begin MonoManager ReloadAssembly
[Licensing::Client] Successfully resolved entitlement details
[Licensing::Module] License group:
  Id: F4-559Z-ESNU-EWRH-PCGX-XXXX
  Product: Unity Personal
  Type: ULF
  Expiration: Unlimited
[Licensing::Module] License group:
  Id: 5773053068775-UnityPersXXXX
  Product: Unity Personal
  Type: Assigned
  Expiration: Unlimited
- Loaded All Assemblies, in  1.133 seconds
Refreshing native plugins compatible for Editor in 1.44 ms, found 4 plugins.
Native extension for WindowsStandalone target not found
[Package Manager] Failed to launch server process. Reason: Unity was launched with the -noUpm command-line argument
[Package Manager] Unable to send message (not connected to server process).
[Package Manager] Cannot connect to Unity Package Manager local server
Mono: successfully reloaded assembly
- Finished resetting the current domain, in  1.073 seconds
Domain Reload Profiling: 2203ms
	BeginReloadAssembly (300ms)
		ExecutionOrderSort (0ms)
		DisableScriptedObjects (35ms)
		BackupInstance (0ms)
		ReleaseScriptingObjects (0ms)
		CreateAndSetChildDomain (68ms)
	RebuildCommonClasses (49ms)
	RebuildNativeTypeToScriptingClass (17ms)
	initialDomainReloadingComplete (41ms)
	LoadAllAssembliesAndSetupDomain (722ms)
		LoadAssemblies (583ms)
		RebuildTransferFunctionScriptingTraits (0ms)
		AnalyzeDomain (263ms)
			TypeCache.Refresh (18ms)
				TypeCache.ScanAssembly (1ms)
			BuildScriptInfoCaches (229ms)
			ResolveRequiredComponents (12ms)
	FinalizeReload (1073ms)
		ReleaseScriptCaches (0ms)
		RebuildScriptCaches (0ms)
		SetupLoadedEditorAssemblies (864ms)
			LogAssemblyErrors (0ms)
			InitializePlatformSupportModulesInManaged (3ms)
			SetLoadedEditorAssemblies (7ms)
			BeforeProcessingInitializeOnLoad (170ms)
			ProcessInitializeOnLoadAttributes (611ms)
			ProcessInitializeOnLoadMethodAttributes (67ms)
			AfterProcessingInitializeOnLoad (5ms)
			EditorAssembliesLoaded (0ms)
		ExecutionOrderSort2 (0ms)
		AwakeInstancesAfterBackupRestoration (15ms)
Refreshing native plugins compatible for Editor in 2.64 ms, found 4 plugins.
Preloading 0 native plugins for Editor in 0.00 ms.
Unloading 13 Unused Serialized files (Serialized files now loaded: 0)
Unloading 6764 unused Assets / (4.2 MB). Loaded Objects now: 7645.
Memory consumption went from 153.5 MB to 149.3 MB.
Total: 10.859000 ms (FindLiveObjects: 0.723300 ms CreateObjectMapping: 0.800500 ms MarkObjects: 6.885200 ms  DeleteObjects: 2.448600 ms)

Prepare: number of updated asset objects reloaded= 0
========================================================================
Received Import Request.
  Time since last request: 7.316670 seconds.
  path: Assets/Prefabs/Turrets/Fire Turret.prefab
  artifactKey: Guid(435c9623361906945a6126111a2a041d) Importer(815301076,1909f56bfc062723c751e8b465ee728b)
Start importing Assets/Prefabs/Turrets/Fire Turret.prefab using Guid(435c9623361906945a6126111a2a041d) Importer(815301076,1909f56bfc062723c751e8b465ee728b) (PreviewImporter) -> (artifact id: '188644a1429e8aa8ec561324d887c62d') in 0.4244774 seconds
Number of updated asset objects reloaded before import = 0Number of asset objects unloaded after import = 26

========================================================================
Received Prepare
Begin MonoManager ReloadAssembly
- Loaded All Assemblies, in  0.899 seconds
Refreshing native plugins compatible for Editor in 1.99 ms, found 4 plugins.
Native extension for WindowsStandalone target not found
[Package Manager] Failed to launch server process. Reason: Unity was launched with the -noUpm command-line argument
[Package Manager] Unable to send message (not connected to server process).
[Package Manager] Cannot connect to Unity Package Manager local server
Mono: successfully reloaded assembly
- Finished resetting the current domain, in  0.991 seconds
Domain Reload Profiling: 1887ms
	BeginReloadAssembly (260ms)
		ExecutionOrderSort (0ms)
		DisableScriptedObjects (27ms)
		BackupInstance (0ms)
		ReleaseScriptingObjects (0ms)
		CreateAndSetChildDomain (61ms)
	RebuildCommonClasses (39ms)
	RebuildNativeTypeToScriptingClass (11ms)
	initialDomainReloadingComplete (31ms)
	LoadAllAssembliesAndSetupDomain (555ms)
		LoadAssemblies (400ms)
		RebuildTransferFunctionScriptingTraits (0ms)
		AnalyzeDomain (262ms)
			TypeCache.Refresh (7ms)
				TypeCache.ScanAssembly (0ms)
			BuildScriptInfoCaches (238ms)
			ResolveRequiredComponents (11ms)
	FinalizeReload (991ms)
		ReleaseScriptCaches (0ms)
		RebuildScriptCaches (0ms)
		SetupLoadedEditorAssemblies (810ms)
			LogAssemblyErrors (0ms)
			InitializePlatformSupportModulesInManaged (4ms)
			SetLoadedEditorAssemblies (6ms)
			BeforeProcessingInitializeOnLoad (137ms)
			ProcessInitializeOnLoadAttributes (579ms)
			ProcessInitializeOnLoadMethodAttributes (79ms)
			AfterProcessingInitializeOnLoad (5ms)
			EditorAssembliesLoaded (0ms)
		ExecutionOrderSort2 (0ms)
		AwakeInstancesAfterBackupRestoration (20ms)
Refreshing native plugins compatible for Editor in 2.17 ms, found 4 plugins.
Preloading 0 native plugins for Editor in 0.00 ms.
Unloading 13 Unused Serialized files (Serialized files now loaded: 0)
Unloading 6764 unused Assets / (4.3 MB). Loaded Objects now: 7668.
Memory consumption went from 153.6 MB to 149.3 MB.
Total: 11.245600 ms (FindLiveObjects: 0.668800 ms CreateObjectMapping: 0.853800 ms MarkObjects: 7.331700 ms  DeleteObjects: 2.390000 ms)

Prepare: number of updated asset objects reloaded= 0
========================================================================
Received Import Request.
  Time since last request: 26.189895 seconds.
  path: Assets/Prefabs/Turrets/Standard Turret.prefab
  artifactKey: Guid(0fabeecabe058844b825ce0fdc6ed719) Importer(815301076,1909f56bfc062723c751e8b465ee728b)
Start importing Assets/Prefabs/Turrets/Standard Turret.prefab using Guid(0fabeecabe058844b825ce0fdc6ed719) Importer(815301076,1909f56bfc062723c751e8b465ee728b) (PreviewImporter) -> (artifact id: 'edfd5ae9e1d9be8d99e89fecb632e1db') in 0.5837036 seconds
Number of updated asset objects reloaded before import = 0Number of asset objects unloaded after import = 31

========================================================================
Received Import Request.
  Time since last request: 2.918906 seconds.
  path: Assets/Prefabs/Turrets/Standard Turret.prefab
  artifactKey: Guid(0fabeecabe058844b825ce0fdc6ed719) Importer(815301076,1909f56bfc062723c751e8b465ee728b)
Start importing Assets/Prefabs/Turrets/Standard Turret.prefab using Guid(0fabeecabe058844b825ce0fdc6ed719) Importer(815301076,1909f56bfc062723c751e8b465ee728b) (PreviewImporter) -> (artifact id: 'bfccf0fe4e9ebf138296b38c455b46d1') in 0.0209672 seconds
Number of updated asset objects reloaded before import = 0Number of asset objects unloaded after import = 31

========================================================================
Received Import Request.
  Time since last request: 71.840789 seconds.
  path: Assets/Prefabs/Turrets/Standard Turret.prefab
  artifactKey: Guid(0fabeecabe058844b825ce0fdc6ed719) Importer(815301076,1909f56bfc062723c751e8b465ee728b)
Start importing Assets/Prefabs/Turrets/Standard Turret.prefab using Guid(0fabeecabe058844b825ce0fdc6ed719) Importer(815301076,1909f56bfc062723c751e8b465ee728b) (PreviewImporter) -> (artifact id: '04666fb10ca8a21086439d5e91866145') in 0.0178318 seconds
Number of updated asset objects reloaded before import = 0Number of asset objects unloaded after import = 33

========================================================================
Received Prepare
Begin MonoManager ReloadAssembly
[Licensing::Client] Successfully resolved entitlement details
[Licensing::Module] License group:
  Id: F4-559Z-ESNU-EWRH-PCGX-XXXX
  Product: Unity Personal
  Type: ULF
  Expiration: Unlimited
[Licensing::Module] License group:
  Id: 5773053068775-UnityPersXXXX
  Product: Unity Personal
  Type: Assigned
  Expiration: Unlimited
- Loaded All Assemblies, in  0.881 seconds
Refreshing native plugins compatible for Editor in 2.32 ms, found 4 plugins.
Native extension for WindowsStandalone target not found
[Package Manager] Failed to launch server process. Reason: Unity was launched with the -noUpm command-line argument
[Package Manager] Unable to send message (not connected to server process).
[Package Manager] Cannot connect to Unity Package Manager local server
Mono: successfully reloaded assembly
- Finished resetting the current domain, in  0.986 seconds
Domain Reload Profiling: 1871ms
	BeginReloadAssembly (253ms)
		ExecutionOrderSort (0ms)
		DisableScriptedObjects (27ms)
		BackupInstance (0ms)
		ReleaseScriptingObjects (0ms)
		CreateAndSetChildDomain (63ms)
	RebuildCommonClasses (41ms)
	RebuildNativeTypeToScriptingClass (14ms)
	initialDomainReloadingComplete (30ms)
	LoadAllAssembliesAndSetupDomain (546ms)
		LoadAssemblies (388ms)
		RebuildTransferFunctionScriptingTraits (0ms)
		AnalyzeDomain (249ms)
			TypeCache.Refresh (7ms)
				TypeCache.ScanAssembly (0ms)
			BuildScriptInfoCaches (224ms)
			ResolveRequiredComponents (13ms)
	FinalizeReload (987ms)
		ReleaseScriptCaches (0ms)
		RebuildScriptCaches (0ms)
		SetupLoadedEditorAssemblies (814ms)
			LogAssemblyErrors (0ms)
			InitializePlatformSupportModulesInManaged (2ms)
			SetLoadedEditorAssemblies (5ms)
			BeforeProcessingInitializeOnLoad (138ms)
			ProcessInitializeOnLoadAttributes (590ms)
			ProcessInitializeOnLoadMethodAttributes (73ms)
			AfterProcessingInitializeOnLoad (6ms)
			EditorAssembliesLoaded (0ms)
		ExecutionOrderSort2 (0ms)
		AwakeInstancesAfterBackupRestoration (18ms)
Refreshing native plugins compatible for Editor in 2.34 ms, found 4 plugins.
Preloading 0 native plugins for Editor in 0.00 ms.
Unloading 13 Unused Serialized files (Serialized files now loaded: 0)
Unloading 6764 unused Assets / (4.7 MB). Loaded Objects now: 7691.
Memory consumption went from 153.5 MB to 148.8 MB.
Total: 13.147500 ms (FindLiveObjects: 0.823300 ms CreateObjectMapping: 1.037700 ms MarkObjects: 7.726800 ms  DeleteObjects: 3.558000 ms)

Prepare: number of updated asset objects reloaded= 0
========================================================================
Received Prepare
Begin MonoManager ReloadAssembly
[Licensing::Client] Successfully resolved entitlement details
[Licensing::Module] License group:
  Id: F4-559Z-ESNU-EWRH-PCGX-XXXX
  Product: Unity Personal
  Type: ULF
  Expiration: Unlimited
[Licensing::Module] License group:
  Id: 5773053068775-UnityPersXXXX
  Product: Unity Personal
  Type: Assigned
  Expiration: Unlimited
- Loaded All Assemblies, in  0.925 seconds
Refreshing native plugins compatible for Editor in 1.51 ms, found 4 plugins.
Native extension for WindowsStandalone target not found
[Package Manager] Failed to launch server process. Reason: Unity was launched with the -noUpm command-line argument
[Package Manager] Unable to send message (not connected to server process).
[Package Manager] Cannot connect to Unity Package Manager local server
Mono: successfully reloaded assembly
- Finished resetting the current domain, in  1.044 seconds
Domain Reload Profiling: 1967ms
	BeginReloadAssembly (233ms)
		ExecutionOrderSort (0ms)
		DisableScriptedObjects (20ms)
		BackupInstance (0ms)
		ReleaseScriptingObjects (0ms)
		CreateAndSetChildDomain (51ms)
	RebuildCommonClasses (35ms)
	RebuildNativeTypeToScriptingClass (14ms)
	initialDomainReloadingComplete (34ms)
	LoadAllAssembliesAndSetupDomain (607ms)
		LoadAssemblies (406ms)
		RebuildTransferFunctionScriptingTraits (0ms)
		AnalyzeDomain (295ms)
			TypeCache.Refresh (9ms)
				TypeCache.ScanAssembly (0ms)
			BuildScriptInfoCaches (267ms)
			ResolveRequiredComponents (15ms)
	FinalizeReload (1044ms)
		ReleaseScriptCaches (0ms)
		RebuildScriptCaches (0ms)
		SetupLoadedEditorAssemblies (864ms)
			LogAssemblyErrors (0ms)
			InitializePlatformSupportModulesInManaged (3ms)
			SetLoadedEditorAssemblies (6ms)
			BeforeProcessingInitializeOnLoad (137ms)
			ProcessInitializeOnLoadAttributes (621ms)
			ProcessInitializeOnLoadMethodAttributes (92ms)
			AfterProcessingInitializeOnLoad (5ms)
			EditorAssembliesLoaded (0ms)
		ExecutionOrderSort2 (0ms)
		AwakeInstancesAfterBackupRestoration (24ms)
Refreshing native plugins compatible for Editor in 26.03 ms, found 4 plugins.
Preloading 0 native plugins for Editor in 0.00 ms.
Unloading 13 Unused Serialized files (Serialized files now loaded: 0)
Unloading 6764 unused Assets / (4.6 MB). Loaded Objects now: 7694.
Memory consumption went from 153.5 MB to 148.9 MB.
Total: 14.787200 ms (FindLiveObjects: 2.019500 ms CreateObjectMapping: 1.324500 ms MarkObjects: 7.271300 ms  DeleteObjects: 4.170000 ms)

Prepare: number of updated asset objects reloaded= 0
========================================================================
Received Prepare
Begin MonoManager ReloadAssembly
[Licensing::Client] Successfully resolved entitlement details
[Licensing::Module] License group:
  Id: F4-559Z-ESNU-EWRH-PCGX-XXXX
  Product: Unity Personal
  Type: ULF
  Expiration: Unlimited
[Licensing::Module] License group:
  Id: 5773053068775-UnityPersXXXX
  Product: Unity Personal
  Type: Assigned
  Expiration: Unlimited
- Loaded All Assemblies, in  1.075 seconds
Refreshing native plugins compatible for Editor in 2.71 ms, found 4 plugins.
Native extension for WindowsStandalone target not found
[Package Manager] Failed to launch server process. Reason: Unity was launched with the -noUpm command-line argument
[Package Manager] Unable to send message (not connected to server process).
[Package Manager] Cannot connect to Unity Package Manager local server
Mono: successfully reloaded assembly
- Finished resetting the current domain, in  1.166 seconds
Domain Reload Profiling: 2231ms
	BeginReloadAssembly (254ms)
		ExecutionOrderSort (0ms)
		DisableScriptedObjects (20ms)
		BackupInstance (0ms)
		ReleaseScriptingObjects (0ms)
		CreateAndSetChildDomain (55ms)
	RebuildCommonClasses (43ms)
	RebuildNativeTypeToScriptingClass (15ms)
	initialDomainReloadingComplete (40ms)
	LoadAllAssembliesAndSetupDomain (711ms)
		LoadAssemblies (507ms)
		RebuildTransferFunctionScriptingTraits (0ms)
		AnalyzeDomain (314ms)
			TypeCache.Refresh (9ms)
				TypeCache.ScanAssembly (0ms)
			BuildScriptInfoCaches (284ms)
			ResolveRequiredComponents (15ms)
	FinalizeReload (1168ms)
		ReleaseScriptCaches (0ms)
		RebuildScriptCaches (0ms)
		SetupLoadedEditorAssemblies (884ms)
			LogAssemblyErrors (0ms)
			InitializePlatformSupportModulesInManaged (3ms)
			SetLoadedEditorAssemblies (5ms)
			BeforeProcessingInitializeOnLoad (157ms)
			ProcessInitializeOnLoadAttributes (629ms)
			ProcessInitializeOnLoadMethodAttributes (83ms)
			AfterProcessingInitializeOnLoad (6ms)
			EditorAssembliesLoaded (1ms)
		ExecutionOrderSort2 (0ms)
		AwakeInstancesAfterBackupRestoration (23ms)
Refreshing native plugins compatible for Editor in 2.43 ms, found 4 plugins.
Preloading 0 native plugins for Editor in 0.00 ms.
Unloading 13 Unused Serialized files (Serialized files now loaded: 0)
Unloading 6764 unused Assets / (5.5 MB). Loaded Objects now: 7697.
Memory consumption went from 153.5 MB to 148.1 MB.
Total: 12.253800 ms (FindLiveObjects: 0.939600 ms CreateObjectMapping: 0.783100 ms MarkObjects: 6.956300 ms  DeleteObjects: 3.573500 ms)

Prepare: number of updated asset objects reloaded= 0
========================================================================
Received Import Request.
  Time since last request: 397.338502 seconds.
  path: Assets/Prefabs/Turrets/Standard Turret.prefab
  artifactKey: Guid(0fabeecabe058844b825ce0fdc6ed719) Importer(815301076,1909f56bfc062723c751e8b465ee728b)
Start importing Assets/Prefabs/Turrets/Standard Turret.prefab using Guid(0fabeecabe058844b825ce0fdc6ed719) Importer(815301076,1909f56bfc062723c751e8b465ee728b) (PreviewImporter) -> (artifact id: 'a9dd8b1d447e3db5ae7fdce6314882db') in 0.4378394 seconds
Number of updated asset objects reloaded before import = 0Number of asset objects unloaded after import = 38

========================================================================
Received Import Request.
  Time since last request: 3.447861 seconds.
  path: Assets/Prefabs/Turrets/Standard Turret.prefab
  artifactKey: Guid(0fabeecabe058844b825ce0fdc6ed719) Importer(815301076,1909f56bfc062723c751e8b465ee728b)
Start importing Assets/Prefabs/Turrets/Standard Turret.prefab using Guid(0fabeecabe058844b825ce0fdc6ed719) Importer(815301076,1909f56bfc062723c751e8b465ee728b) (PreviewImporter) -> (artifact id: 'fe8112e35bb8054f193429131c3c8b52') in 0.0206556 seconds
Number of updated asset objects reloaded before import = 0Number of asset objects unloaded after import = 43

========================================================================
Received Import Request.
  Time since last request: 3.695677 seconds.
  path: Assets/Prefabs/Turrets/Standard Turret.prefab
  artifactKey: Guid(0fabeecabe058844b825ce0fdc6ed719) Importer(815301076,1909f56bfc062723c751e8b465ee728b)
Start importing Assets/Prefabs/Turrets/Standard Turret.prefab using Guid(0fabeecabe058844b825ce0fdc6ed719) Importer(815301076,1909f56bfc062723c751e8b465ee728b) (PreviewImporter) -> (artifact id: 'b46c6d4463845a14c242965a2e640cc6') in 0.0230722 seconds
Number of updated asset objects reloaded before import = 0Number of asset objects unloaded after import = 43

========================================================================
Received Import Request.
  Time since last request: 3.585176 seconds.
  path: Assets/Prefabs/Turrets/Standard Turret.prefab
  artifactKey: Guid(0fabeecabe058844b825ce0fdc6ed719) Importer(815301076,1909f56bfc062723c751e8b465ee728b)
Start importing Assets/Prefabs/Turrets/Standard Turret.prefab using Guid(0fabeecabe058844b825ce0fdc6ed719) Importer(815301076,1909f56bfc062723c751e8b465ee728b) (PreviewImporter) -> (artifact id: '54ddbf3ba70902b39d7fc343c0cb9f30') in 0.0212774 seconds
Number of updated asset objects reloaded before import = 0Number of asset objects unloaded after import = 43

========================================================================
Received Import Request.
  Time since last request: 4.570022 seconds.
  path: Assets/Prefabs/Turrets/Standard Turret.prefab
  artifactKey: Guid(0fabeecabe058844b825ce0fdc6ed719) Importer(815301076,1909f56bfc062723c751e8b465ee728b)
Start importing Assets/Prefabs/Turrets/Standard Turret.prefab using Guid(0fabeecabe058844b825ce0fdc6ed719) Importer(815301076,1909f56bfc062723c751e8b465ee728b) (PreviewImporter) -> (artifact id: '65ab5277ce0bb3349b0c8c7ff03cfd31') in 0.0191818 seconds
Number of updated asset objects reloaded before import = 0Number of asset objects unloaded after import = 43

========================================================================
Received Import Request.
  Time since last request: 2.170171 seconds.
  path: Assets/Prefabs/Turrets/Standard Turret.prefab
  artifactKey: Guid(0fabeecabe058844b825ce0fdc6ed719) Importer(815301076,1909f56bfc062723c751e8b465ee728b)
Start importing Assets/Prefabs/Turrets/Standard Turret.prefab using Guid(0fabeecabe058844b825ce0fdc6ed719) Importer(815301076,1909f56bfc062723c751e8b465ee728b) (PreviewImporter) -> (artifact id: 'b889e6bfee2e16954ff443c4cf4649d0') in 0.0211593 seconds
Number of updated asset objects reloaded before import = 0Number of asset objects unloaded after import = 43

========================================================================
Received Import Request.
  Time since last request: 1.569274 seconds.
  path: Assets/Prefabs/Turrets/Standard Turret.prefab
  artifactKey: Guid(0fabeecabe058844b825ce0fdc6ed719) Importer(815301076,1909f56bfc062723c751e8b465ee728b)
Start importing Assets/Prefabs/Turrets/Standard Turret.prefab using Guid(0fabeecabe058844b825ce0fdc6ed719) Importer(815301076,1909f56bfc062723c751e8b465ee728b) (PreviewImporter) -> (artifact id: '62e42e36777943147e24d6ece669e39a') in 0.0203139 seconds
Number of updated asset objects reloaded before import = 0Number of asset objects unloaded after import = 43

========================================================================
Received Import Request.
  Time since last request: 1.333378 seconds.
  path: Assets/Prefabs/Turrets/Standard Turret.prefab
  artifactKey: Guid(0fabeecabe058844b825ce0fdc6ed719) Importer(815301076,1909f56bfc062723c751e8b465ee728b)
Start importing Assets/Prefabs/Turrets/Standard Turret.prefab using Guid(0fabeecabe058844b825ce0fdc6ed719) Importer(815301076,1909f56bfc062723c751e8b465ee728b) (PreviewImporter) -> (artifact id: '3bae81394637b53dc2fcc53b5b97ee87') in 0.0219781 seconds
Number of updated asset objects reloaded before import = 0Number of asset objects unloaded after import = 43

========================================================================
Received Import Request.
  Time since last request: 6.789301 seconds.
  path: Assets/Prefabs/Turrets/Standard Turret.prefab
  artifactKey: Guid(0fabeecabe058844b825ce0fdc6ed719) Importer(815301076,1909f56bfc062723c751e8b465ee728b)
Start importing Assets/Prefabs/Turrets/Standard Turret.prefab using Guid(0fabeecabe058844b825ce0fdc6ed719) Importer(815301076,1909f56bfc062723c751e8b465ee728b) (PreviewImporter) -> (artifact id: '40169f5fb1f82e96d35a265f698b4ca0') in 0.0188738 seconds
Number of updated asset objects reloaded before import = 0Number of asset objects unloaded after import = 43

========================================================================
Received Import Request.
  Time since last request: 2.955522 seconds.
  path: Assets/Prefabs/Turrets/Standard Turret.prefab
  artifactKey: Guid(0fabeecabe058844b825ce0fdc6ed719) Importer(815301076,1909f56bfc062723c751e8b465ee728b)
Start importing Assets/Prefabs/Turrets/Standard Turret.prefab using Guid(0fabeecabe058844b825ce0fdc6ed719) Importer(815301076,1909f56bfc062723c751e8b465ee728b) (PreviewImporter) -> (artifact id: '817f3889068fbd219dde72e1da4cda6c') in 0.0242299 seconds
Number of updated asset objects reloaded before import = 0Number of asset objects unloaded after import = 43

========================================================================
Received Prepare
Begin MonoManager ReloadAssembly
[Licensing::Client] Successfully resolved entitlement details
[Licensing::Module] License group:
  Id: F4-559Z-ESNU-EWRH-PCGX-XXXX
  Product: Unity Personal
  Type: ULF
  Expiration: Unlimited
[Licensing::Module] License group:
  Id: 5773053068775-UnityPersXXXX
  Product: Unity Personal
  Type: Assigned
  Expiration: Unlimited
- Loaded All Assemblies, in  0.909 seconds
Refreshing native plugins compatible for Editor in 1.80 ms, found 4 plugins.
Native extension for WindowsStandalone target not found
[Package Manager] Failed to launch server process. Reason: Unity was launched with the -noUpm command-line argument
[Package Manager] Unable to send message (not connected to server process).
[Package Manager] Cannot connect to Unity Package Manager local server
Mono: successfully reloaded assembly
- Finished resetting the current domain, in  0.986 seconds
Domain Reload Profiling: 1892ms
	BeginReloadAssembly (264ms)
		ExecutionOrderSort (0ms)
		DisableScriptedObjects (30ms)
		BackupInstance (0ms)
		ReleaseScriptingObjects (0ms)
		CreateAndSetChildDomain (75ms)
	RebuildCommonClasses (38ms)
	RebuildNativeTypeToScriptingClass (13ms)
	initialDomainReloadingComplete (30ms)
	LoadAllAssembliesAndSetupDomain (560ms)
		LoadAssemblies (387ms)
		RebuildTransferFunctionScriptingTraits (0ms)
		AnalyzeDomain (267ms)
			TypeCache.Refresh (7ms)
				TypeCache.ScanAssembly (0ms)
			BuildScriptInfoCaches (244ms)
			ResolveRequiredComponents (12ms)
	FinalizeReload (987ms)
		ReleaseScriptCaches (0ms)
		RebuildScriptCaches (0ms)
		SetupLoadedEditorAssemblies (804ms)
			LogAssemblyErrors (0ms)
			InitializePlatformSupportModulesInManaged (3ms)
			SetLoadedEditorAssemblies (8ms)
			BeforeProcessingInitializeOnLoad (145ms)
			ProcessInitializeOnLoadAttributes (564ms)
			ProcessInitializeOnLoadMethodAttributes (78ms)
			AfterProcessingInitializeOnLoad (6ms)
			EditorAssembliesLoaded (0ms)
		ExecutionOrderSort2 (0ms)
		AwakeInstancesAfterBackupRestoration (19ms)
Refreshing native plugins compatible for Editor in 2.37 ms, found 4 plugins.
Preloading 0 native plugins for Editor in 0.00 ms.
Unloading 13 Unused Serialized files (Serialized files now loaded: 0)
Unloading 6764 unused Assets / (4.3 MB). Loaded Objects now: 7720.
Memory consumption went from 153.8 MB to 149.5 MB.
Total: 12.391500 ms (FindLiveObjects: 1.204100 ms CreateObjectMapping: 1.427200 ms MarkObjects: 7.243400 ms  DeleteObjects: 2.515300 ms)

Prepare: number of updated asset objects reloaded= 0
========================================================================
Received Prepare
Refreshing native plugins compatible for Editor in 1.83 ms, found 4 plugins.
Preloading 0 native plugins for Editor in 0.00 ms.
Unloading 13 Unused Serialized files (Serialized files now loaded: 0)
Unloading 6754 unused Assets / (4.1 MB). Loaded Objects now: 7720.
Memory consumption went from 153.8 MB to 149.7 MB.
Total: 11.033300 ms (FindLiveObjects: 0.961900 ms CreateObjectMapping: 0.658500 ms MarkObjects: 6.997800 ms  DeleteObjects: 2.413500 ms)

Prepare: number of updated asset objects reloaded= 0
========================================================================
Received Import Request.
  Time since last request: 39.648030 seconds.
  path: Assets/Prefabs/Turrets/Standard Turret.prefab
  artifactKey: Guid(0fabeecabe058844b825ce0fdc6ed719) Importer(815301076,1909f56bfc062723c751e8b465ee728b)
Start importing Assets/Prefabs/Turrets/Standard Turret.prefab using Guid(0fabeecabe058844b825ce0fdc6ed719) Importer(815301076,1909f56bfc062723c751e8b465ee728b) (PreviewImporter) -> (artifact id: '08ea0f130ac188c8c2cba560d978ef5c') in 0.6665152 seconds
Number of updated asset objects reloaded before import = 0Number of asset objects unloaded after import = 43

========================================================================
Received Prepare
Begin MonoManager ReloadAssembly
- Loaded All Assemblies, in  0.941 seconds
Refreshing native plugins compatible for Editor in 1.63 ms, found 4 plugins.
Native extension for WindowsStandalone target not found
[Package Manager] Failed to launch server process. Reason: Unity was launched with the -noUpm command-line argument
[Package Manager] Unable to send message (not connected to server process).
[Package Manager] Cannot connect to Unity Package Manager local server
Mono: successfully reloaded assembly
- Finished resetting the current domain, in  1.079 seconds
Domain Reload Profiling: 2019ms
	BeginReloadAssembly (274ms)
		ExecutionOrderSort (0ms)
		DisableScriptedObjects (31ms)
		BackupInstance (0ms)
		ReleaseScriptingObjects (0ms)
		CreateAndSetChildDomain (59ms)
	RebuildCommonClasses (36ms)
	RebuildNativeTypeToScriptingClass (14ms)
	initialDomainReloadingComplete (36ms)
	LoadAllAssembliesAndSetupDomain (580ms)
		LoadAssemblies (410ms)
		RebuildTransferFunctionScriptingTraits (0ms)
		AnalyzeDomain (284ms)
			TypeCache.Refresh (12ms)
				TypeCache.ScanAssembly (1ms)
			BuildScriptInfoCaches (253ms)
			ResolveRequiredComponents (14ms)
	FinalizeReload (1080ms)
		ReleaseScriptCaches (0ms)
		RebuildScriptCaches (0ms)
		SetupLoadedEditorAssemblies (879ms)
			LogAssemblyErrors (0ms)
			InitializePlatformSupportModulesInManaged (3ms)
			SetLoadedEditorAssemblies (6ms)
			BeforeProcessingInitializeOnLoad (155ms)
			ProcessInitializeOnLoadAttributes (623ms)
			ProcessInitializeOnLoadMethodAttributes (83ms)
			AfterProcessingInitializeOnLoad (8ms)
			EditorAssembliesLoaded (0ms)
		ExecutionOrderSort2 (0ms)
		AwakeInstancesAfterBackupRestoration (25ms)
Refreshing native plugins compatible for Editor in 2.31 ms, found 4 plugins.
Preloading 0 native plugins for Editor in 0.00 ms.
Unloading 13 Unused Serialized files (Serialized files now loaded: 0)
Unloading 6764 unused Assets / (4.2 MB). Loaded Objects now: 7743.
Memory consumption went from 153.8 MB to 149.6 MB.
Total: 9.038400 ms (FindLiveObjects: 0.887000 ms CreateObjectMapping: 0.614000 ms MarkObjects: 5.195600 ms  DeleteObjects: 2.340200 ms)

Prepare: number of updated asset objects reloaded= 0
========================================================================
Received Prepare
Begin MonoManager ReloadAssembly
- Loaded All Assemblies, in  0.825 seconds
Refreshing native plugins compatible for Editor in 1.99 ms, found 4 plugins.
Native extension for WindowsStandalone target not found
[Package Manager] Failed to launch server process. Reason: Unity was launched with the -noUpm command-line argument
[Package Manager] Unable to send message (not connected to server process).
[Package Manager] Cannot connect to Unity Package Manager local server
Mono: successfully reloaded assembly
- Finished resetting the current domain, in  0.968 seconds
Domain Reload Profiling: 1791ms
	BeginReloadAssembly (225ms)
		ExecutionOrderSort (0ms)
		DisableScriptedObjects (17ms)
		BackupInstance (0ms)
		ReleaseScriptingObjects (0ms)
		CreateAndSetChildDomain (50ms)
	RebuildCommonClasses (43ms)
	RebuildNativeTypeToScriptingClass (11ms)
	initialDomainReloadingComplete (31ms)
	LoadAllAssembliesAndSetupDomain (512ms)
		LoadAssemblies (378ms)
		RebuildTransferFunctionScriptingTraits (0ms)
		AnalyzeDomain (233ms)
			TypeCache.Refresh (7ms)
				TypeCache.ScanAssembly (0ms)
			BuildScriptInfoCaches (210ms)
			ResolveRequiredComponents (11ms)
	FinalizeReload (968ms)
		ReleaseScriptCaches (0ms)
		RebuildScriptCaches (0ms)
		SetupLoadedEditorAssemblies (791ms)
			LogAssemblyErrors (0ms)
			InitializePlatformSupportModulesInManaged (3ms)
			SetLoadedEditorAssemblies (7ms)
			BeforeProcessingInitializeOnLoad (136ms)
			ProcessInitializeOnLoadAttributes (575ms)
			ProcessInitializeOnLoadMethodAttributes (65ms)
			AfterProcessingInitializeOnLoad (5ms)
			EditorAssembliesLoaded (0ms)
		ExecutionOrderSort2 (0ms)
		AwakeInstancesAfterBackupRestoration (20ms)
Refreshing native plugins compatible for Editor in 2.09 ms, found 4 plugins.
Preloading 0 native plugins for Editor in 0.00 ms.
Unloading 13 Unused Serialized files (Serialized files now loaded: 0)
Unloading 6764 unused Assets / (4.2 MB). Loaded Objects now: 7746.
Memory consumption went from 153.6 MB to 149.4 MB.
Total: 9.181800 ms (FindLiveObjects: 0.558600 ms CreateObjectMapping: 0.571900 ms MarkObjects: 5.621100 ms  DeleteObjects: 2.428600 ms)

Prepare: number of updated asset objects reloaded= 0
========================================================================
Received Import Request.
  Time since last request: 12.318173 seconds.
  path: Assets/Prefabs/Turrets/Fire Turret.prefab
  artifactKey: Guid(435c9623361906945a6126111a2a041d) Importer(815301076,1909f56bfc062723c751e8b465ee728b)
Start importing Assets/Prefabs/Turrets/Fire Turret.prefab using Guid(435c9623361906945a6126111a2a041d) Importer(815301076,1909f56bfc062723c751e8b465ee728b) (PreviewImporter) -> (artifact id: '4dd883441225a656116756e7df8ffeaa') in 0.5042953 seconds
Number of updated asset objects reloaded before import = 0Number of asset objects unloaded after import = 26

========================================================================
Received Prepare
Refreshing native plugins compatible for Editor in 2.25 ms, found 4 plugins.
Preloading 0 native plugins for Editor in 0.00 ms.
Unloading 13 Unused Serialized files (Serialized files now loaded: 0)
Unloading 6754 unused Assets / (2.1 MB). Loaded Objects now: 7870.
Memory consumption went from 154.4 MB to 152.3 MB.
Total: 35.146200 ms (FindLiveObjects: 0.734000 ms CreateObjectMapping: 0.528600 ms MarkObjects: 22.812900 ms  DeleteObjects: 11.068900 ms)

Prepare: number of updated asset objects reloaded= 0
========================================================================
Received Import Request.
  Time since last request: 25.013307 seconds.
  path: Assets/Prefabs/Turrets/Standard Turret.prefab
  artifactKey: Guid(0fabeecabe058844b825ce0fdc6ed719) Importer(815301076,1909f56bfc062723c751e8b465ee728b)
Start importing Assets/Prefabs/Turrets/Standard Turret.prefab using Guid(0fabeecabe058844b825ce0fdc6ed719) Importer(815301076,1909f56bfc062723c751e8b465ee728b) (PreviewImporter) -> (artifact id: 'fb397037d6b4a2d2330eaada0cdb8d50') in 0.068508 seconds
Number of updated asset objects reloaded before import = 0Number of asset objects unloaded after import = 43

========================================================================
Received Import Request.
  Time since last request: 0.000022 seconds.
  path: Assets/Prefabs/Turrets/Fire Turret.prefab
  artifactKey: Guid(435c9623361906945a6126111a2a041d) Importer(815301076,1909f56bfc062723c751e8b465ee728b)
Start importing Assets/Prefabs/Turrets/Fire Turret.prefab using Guid(435c9623361906945a6126111a2a041d) Importer(815301076,1909f56bfc062723c751e8b465ee728b) (PreviewImporter) -> (artifact id: '61ce66fd667a23b8168595593cfabe60') in 0.0277848 seconds
Number of updated asset objects reloaded before import = 0Number of asset objects unloaded after import = 26

========================================================================
Received Prepare
Begin MonoManager ReloadAssembly
[Licensing::Client] Successfully resolved entitlement details
[Licensing::Module] License group:
  Id: F4-559Z-ESNU-EWRH-PCGX-XXXX
  Product: Unity Personal
  Type: ULF
  Expiration: Unlimited
[Licensing::Module] License group:
  Id: 5773053068775-UnityPersXXXX
  Product: Unity Personal
  Type: Assigned
  Expiration: Unlimited
- Loaded All Assemblies, in  0.889 seconds
Refreshing native plugins compatible for Editor in 1.55 ms, found 4 plugins.
Native extension for WindowsStandalone target not found
[Package Manager] Failed to launch server process. Reason: Unity was launched with the -noUpm command-line argument
[Package Manager] Unable to send message (not connected to server process).
[Package Manager] Cannot connect to Unity Package Manager local server
Mono: successfully reloaded assembly
- Finished resetting the current domain, in  0.907 seconds
Domain Reload Profiling: 1798ms
	BeginReloadAssembly (253ms)
		ExecutionOrderSort (0ms)
		DisableScriptedObjects (30ms)
		BackupInstance (0ms)
		ReleaseScriptingObjects (0ms)
		CreateAndSetChildDomain (56ms)
	RebuildCommonClasses (49ms)
	RebuildNativeTypeToScriptingClass (15ms)
	initialDomainReloadingComplete (37ms)
	LoadAllAssembliesAndSetupDomain (537ms)
		LoadAssemblies (377ms)
		RebuildTransferFunctionScriptingTraits (0ms)
		AnalyzeDomain (263ms)
			TypeCache.Refresh (9ms)
				TypeCache.ScanAssembly (0ms)
			BuildScriptInfoCaches (230ms)
			ResolveRequiredComponents (18ms)
	FinalizeReload (908ms)
		ReleaseScriptCaches (0ms)
		RebuildScriptCaches (0ms)
		SetupLoadedEditorAssemblies (715ms)
			LogAssemblyErrors (0ms)
			InitializePlatformSupportModulesInManaged (3ms)
			SetLoadedEditorAssemblies (5ms)
			BeforeProcessingInitializeOnLoad (145ms)
			ProcessInitializeOnLoadAttributes (497ms)
			ProcessInitializeOnLoadMethodAttributes (60ms)
			AfterProcessingInitializeOnLoad (5ms)
			EditorAssembliesLoaded (0ms)
		ExecutionOrderSort2 (0ms)
		AwakeInstancesAfterBackupRestoration (20ms)
Refreshing native plugins compatible for Editor in 3.08 ms, found 4 plugins.
Preloading 0 native plugins for Editor in 0.00 ms.
Unloading 13 Unused Serialized files (Serialized files now loaded: 0)
Unloading 6764 unused Assets / (4.9 MB). Loaded Objects now: 7769.
Memory consumption went from 153.9 MB to 149.0 MB.
Total: 10.892300 ms (FindLiveObjects: 0.592200 ms CreateObjectMapping: 0.533400 ms MarkObjects: 6.553200 ms  DeleteObjects: 3.211700 ms)

Prepare: number of updated asset objects reloaded= 0
========================================================================
Received Prepare
Refreshing native plugins compatible for Editor in 1.93 ms, found 4 plugins.
Preloading 0 native plugins for Editor in 0.00 ms.
Unloading 13 Unused Serialized files (Serialized files now loaded: 0)
Unloading 6754 unused Assets / (4.6 MB). Loaded Objects now: 7769.
Memory consumption went from 153.9 MB to 149.2 MB.
Total: 10.816400 ms (FindLiveObjects: 0.578500 ms CreateObjectMapping: 0.592500 ms MarkObjects: 7.197300 ms  DeleteObjects: 2.446700 ms)

Prepare: number of updated asset objects reloaded= 0
========================================================================
Received Import Request.
  Time since last request: 31.139575 seconds.
  path: Assets/Prefabs/Turrets/Standard Turret.prefab
  artifactKey: Guid(0fabeecabe058844b825ce0fdc6ed719) Importer(815301076,1909f56bfc062723c751e8b465ee728b)
Start importing Assets/Prefabs/Turrets/Standard Turret.prefab using Guid(0fabeecabe058844b825ce0fdc6ed719) Importer(815301076,1909f56bfc062723c751e8b465ee728b) (PreviewImporter) -> (artifact id: '03bf95882932064735691ad1015cf7ab') in 0.6913719 seconds
Number of updated asset objects reloaded before import = 0Number of asset objects unloaded after import = 43

========================================================================
Received Prepare
Begin MonoManager ReloadAssembly
- Loaded All Assemblies, in  0.901 seconds
Refreshing native plugins compatible for Editor in 2.18 ms, found 4 plugins.
Native extension for WindowsStandalone target not found
[Package Manager] Failed to launch server process. Reason: Unity was launched with the -noUpm command-line argument
[Package Manager] Unable to send message (not connected to server process).
[Package Manager] Cannot connect to Unity Package Manager local server
Mono: successfully reloaded assembly
- Finished resetting the current domain, in  0.991 seconds
Domain Reload Profiling: 1893ms
	BeginReloadAssembly (247ms)
		ExecutionOrderSort (0ms)
		DisableScriptedObjects (24ms)
		BackupInstance (0ms)
		ReleaseScriptingObjects (0ms)
		CreateAndSetChildDomain (58ms)
	RebuildCommonClasses (35ms)
	RebuildNativeTypeToScriptingClass (12ms)
	initialDomainReloadingComplete (33ms)
	LoadAllAssembliesAndSetupDomain (574ms)
		LoadAssemblies (395ms)
		RebuildTransferFunctionScriptingTraits (0ms)
		AnalyzeDomain (279ms)
			TypeCache.Refresh (11ms)
				TypeCache.ScanAssembly (0ms)
			BuildScriptInfoCaches (247ms)
			ResolveRequiredComponents (17ms)
	FinalizeReload (992ms)
		ReleaseScriptCaches (0ms)
		RebuildScriptCaches (0ms)
		SetupLoadedEditorAssemblies (793ms)
			LogAssemblyErrors (0ms)
			InitializePlatformSupportModulesInManaged (2ms)
			SetLoadedEditorAssemblies (5ms)
			BeforeProcessingInitializeOnLoad (156ms)
			ProcessInitializeOnLoadAttributes (559ms)
			ProcessInitializeOnLoadMethodAttributes (65ms)
			AfterProcessingInitializeOnLoad (5ms)
			EditorAssembliesLoaded (0ms)
		ExecutionOrderSort2 (0ms)
		AwakeInstancesAfterBackupRestoration (28ms)
Refreshing native plugins compatible for Editor in 3.42 ms, found 4 plugins.
Preloading 0 native plugins for Editor in 0.00 ms.
Unloading 13 Unused Serialized files (Serialized files now loaded: 0)
Unloading 6764 unused Assets / (4.5 MB). Loaded Objects now: 7792.
Memory consumption went from 153.9 MB to 149.5 MB.
Total: 13.661900 ms (FindLiveObjects: 1.017700 ms CreateObjectMapping: 0.853000 ms MarkObjects: 7.902000 ms  DeleteObjects: 3.887500 ms)

Prepare: number of updated asset objects reloaded= 0
========================================================================
Received Prepare
Begin MonoManager ReloadAssembly
- Loaded All Assemblies, in  0.819 seconds
Refreshing native plugins compatible for Editor in 2.72 ms, found 4 plugins.
Native extension for WindowsStandalone target not found
[Package Manager] Failed to launch server process. Reason: Unity was launched with the -noUpm command-line argument
[Package Manager] Unable to send message (not connected to server process).
[Package Manager] Cannot connect to Unity Package Manager local server
Mono: successfully reloaded assembly
- Finished resetting the current domain, in  0.988 seconds
Domain Reload Profiling: 1804ms
	BeginReloadAssembly (218ms)
		ExecutionOrderSort (0ms)
		DisableScriptedObjects (15ms)
		BackupInstance (0ms)
		ReleaseScriptingObjects (0ms)
		CreateAndSetChildDomain (44ms)
	RebuildCommonClasses (37ms)
	RebuildNativeTypeToScriptingClass (12ms)
	initialDomainReloadingComplete (29ms)
	LoadAllAssembliesAndSetupDomain (520ms)
		LoadAssemblies (373ms)
		RebuildTransferFunctionScriptingTraits (0ms)
		AnalyzeDomain (244ms)
			TypeCache.Refresh (8ms)
				TypeCache.ScanAssembly (0ms)
			BuildScriptInfoCaches (220ms)
			ResolveRequiredComponents (12ms)
	FinalizeReload (989ms)
		ReleaseScriptCaches (0ms)
		RebuildScriptCaches (0ms)
		SetupLoadedEditorAssemblies (796ms)
			LogAssemblyErrors (0ms)
			InitializePlatformSupportModulesInManaged (3ms)
			SetLoadedEditorAssemblies (6ms)
			BeforeProcessingInitializeOnLoad (148ms)
			ProcessInitializeOnLoadAttributes (566ms)
			ProcessInitializeOnLoadMethodAttributes (67ms)
			AfterProcessingInitializeOnLoad (6ms)
			EditorAssembliesLoaded (0ms)
		ExecutionOrderSort2 (0ms)
		AwakeInstancesAfterBackupRestoration (20ms)
Refreshing native plugins compatible for Editor in 2.21 ms, found 4 plugins.
Preloading 0 native plugins for Editor in 0.00 ms.
Unloading 13 Unused Serialized files (Serialized files now loaded: 0)
Unloading 6764 unused Assets / (4.5 MB). Loaded Objects now: 7795.
Memory consumption went from 153.8 MB to 149.3 MB.
Total: 10.456500 ms (FindLiveObjects: 0.821200 ms CreateObjectMapping: 0.707500 ms MarkObjects: 5.875900 ms  DeleteObjects: 3.050100 ms)

Prepare: number of updated asset objects reloaded= 0
========================================================================
Received Import Request.
  Time since last request: 12.267367 seconds.
  path: Assets/Prefabs/Turrets/Electric Turret.prefab
  artifactKey: Guid(aae537c2f92013746a402db5116df460) Importer(815301076,1909f56bfc062723c751e8b465ee728b)
Start importing Assets/Prefabs/Turrets/Electric Turret.prefab using Guid(aae537c2f92013746a402db5116df460) Importer(815301076,1909f56bfc062723c751e8b465ee728b) (PreviewImporter) -> (artifact id: '0ee767a8536625cfda456e7a7e913b52') in 0.4911034 seconds
Number of updated asset objects reloaded before import = 0Number of asset objects unloaded after import = 19

========================================================================
Received Import Request.
  Time since last request: 11.694562 seconds.
  path: Assets/Prefabs/Turrets/Standard Turret.prefab
  artifactKey: Guid(0fabeecabe058844b825ce0fdc6ed719) Importer(815301076,1909f56bfc062723c751e8b465ee728b)
Start importing Assets/Prefabs/Turrets/Standard Turret.prefab using Guid(0fabeecabe058844b825ce0fdc6ed719) Importer(815301076,1909f56bfc062723c751e8b465ee728b) (PreviewImporter) -> (artifact id: 'f4542768b066df8e3ab339bc4977341b') in 0.0156382 seconds
Number of updated asset objects reloaded before import = 0Number of asset objects unloaded after import = 43

========================================================================
Received Import Request.
  Time since last request: 16.295879 seconds.
  path: Assets/Prefabs/Turrets/Standard Turret.prefab
  artifactKey: Guid(0fabeecabe058844b825ce0fdc6ed719) Importer(815301076,1909f56bfc062723c751e8b465ee728b)
Start importing Assets/Prefabs/Turrets/Standard Turret.prefab using Guid(0fabeecabe058844b825ce0fdc6ed719) Importer(815301076,1909f56bfc062723c751e8b465ee728b) (PreviewImporter) -> (artifact id: '2739c35c40f3261b9afac181e9560873') in 0.0332545 seconds
Number of updated asset objects reloaded before import = 0Number of asset objects unloaded after import = 43

========================================================================
Received Import Request.
  Time since last request: 0.492495 seconds.
  path: Assets/Prefabs/Turrets/Standard Turret.prefab
  artifactKey: Guid(0fabeecabe058844b825ce0fdc6ed719) Importer(815301076,1909f56bfc062723c751e8b465ee728b)
Start importing Assets/Prefabs/Turrets/Standard Turret.prefab using Guid(0fabeecabe058844b825ce0fdc6ed719) Importer(815301076,1909f56bfc062723c751e8b465ee728b) (PreviewImporter) -> (artifact id: 'eb30d582f921b1197004d8d92a55038a') in 0.0191787 seconds
Number of updated asset objects reloaded before import = 0Number of asset objects unloaded after import = 43

========================================================================
Received Import Request.
  Time since last request: 29.272020 seconds.
  path: Assets/Prefabs/Turrets/Standard Turret.prefab
  artifactKey: Guid(0fabeecabe058844b825ce0fdc6ed719) Importer(815301076,1909f56bfc062723c751e8b465ee728b)
Start importing Assets/Prefabs/Turrets/Standard Turret.prefab using Guid(0fabeecabe058844b825ce0fdc6ed719) Importer(815301076,1909f56bfc062723c751e8b465ee728b) (PreviewImporter) -> (artifact id: '1a77298b3e6f465e1a2c32b5a372def0') in 0.0224007 seconds
Number of updated asset objects reloaded before import = 0Number of asset objects unloaded after import = 43

========================================================================
Received Import Request.
  Time since last request: 4.176735 seconds.
  path: Assets/Prefabs/Turrets/Standard Turret.prefab
  artifactKey: Guid(0fabeecabe058844b825ce0fdc6ed719) Importer(815301076,1909f56bfc062723c751e8b465ee728b)
Start importing Assets/Prefabs/Turrets/Standard Turret.prefab using Guid(0fabeecabe058844b825ce0fdc6ed719) Importer(815301076,1909f56bfc062723c751e8b465ee728b) (PreviewImporter) -> (artifact id: 'ceb2058dcd6e2100ac4a5db2d38ee7b8') in 0.0246541 seconds
Number of updated asset objects reloaded before import = 0Number of asset objects unloaded after import = 43

========================================================================
Received Import Request.
  Time since last request: 0.324455 seconds.
  path: Assets/Prefabs/Turrets/Standard Turret.prefab
  artifactKey: Guid(0fabeecabe058844b825ce0fdc6ed719) Importer(815301076,1909f56bfc062723c751e8b465ee728b)
Start importing Assets/Prefabs/Turrets/Standard Turret.prefab using Guid(0fabeecabe058844b825ce0fdc6ed719) Importer(815301076,1909f56bfc062723c751e8b465ee728b) (PreviewImporter) -> (artifact id: 'abab9b27f8a96ba0dab22ea696bfb6e0') in 0.0263304 seconds
Number of updated asset objects reloaded before import = 0Number of asset objects unloaded after import = 43

========================================================================
Received Import Request.
  Time since last request: 8.401892 seconds.
  path: Assets/Prefabs/Turrets/Standard Turret.prefab
  artifactKey: Guid(0fabeecabe058844b825ce0fdc6ed719) Importer(815301076,1909f56bfc062723c751e8b465ee728b)
Start importing Assets/Prefabs/Turrets/Standard Turret.prefab using Guid(0fabeecabe058844b825ce0fdc6ed719) Importer(815301076,1909f56bfc062723c751e8b465ee728b) (PreviewImporter) -> (artifact id: 'bb46c45e2871022f9de9dd107bd01d39') in 0.0167229 seconds
Number of updated asset objects reloaded before import = 0Number of asset objects unloaded after import = 43

========================================================================
Received Import Request.
  Time since last request: 1.161741 seconds.
  path: Assets/Prefabs/Turrets/Standard Turret.prefab
  artifactKey: Guid(0fabeecabe058844b825ce0fdc6ed719) Importer(815301076,1909f56bfc062723c751e8b465ee728b)
Start importing Assets/Prefabs/Turrets/Standard Turret.prefab using Guid(0fabeecabe058844b825ce0fdc6ed719) Importer(815301076,1909f56bfc062723c751e8b465ee728b) (PreviewImporter) -> (artifact id: '17900fe51de8282bbec10b31ca4489fa') in 0.013796 seconds
Number of updated asset objects reloaded before import = 0Number of asset objects unloaded after import = 43

========================================================================
Received Import Request.
  Time since last request: 1.855021 seconds.
  path: Assets/Prefabs/Turrets/Standard Turret.prefab
  artifactKey: Guid(0fabeecabe058844b825ce0fdc6ed719) Importer(815301076,1909f56bfc062723c751e8b465ee728b)
Start importing Assets/Prefabs/Turrets/Standard Turret.prefab using Guid(0fabeecabe058844b825ce0fdc6ed719) Importer(815301076,1909f56bfc062723c751e8b465ee728b) (PreviewImporter) -> (artifact id: 'f0e32adbcbdd60b801a3f0456cd54cc7') in 0.0159021 seconds
Number of updated asset objects reloaded before import = 0Number of asset objects unloaded after import = 43

========================================================================
Received Import Request.
  Time since last request: 4.517895 seconds.
  path: Assets/Prefabs/Turrets/Standard Turret.prefab
  artifactKey: Guid(0fabeecabe058844b825ce0fdc6ed719) Importer(815301076,1909f56bfc062723c751e8b465ee728b)
Start importing Assets/Prefabs/Turrets/Standard Turret.prefab using Guid(0fabeecabe058844b825ce0fdc6ed719) Importer(815301076,1909f56bfc062723c751e8b465ee728b) (PreviewImporter) -> (artifact id: 'aa4626172e31dbc05810e5150f89a4f0') in 0.0276772 seconds
Number of updated asset objects reloaded before import = 0Number of asset objects unloaded after import = 43

========================================================================
Received Import Request.
  Time since last request: 3.166482 seconds.
  path: Assets/Prefabs/Turrets/Standard Turret.prefab
  artifactKey: Guid(0fabeecabe058844b825ce0fdc6ed719) Importer(815301076,1909f56bfc062723c751e8b465ee728b)
Start importing Assets/Prefabs/Turrets/Standard Turret.prefab using Guid(0fabeecabe058844b825ce0fdc6ed719) Importer(815301076,1909f56bfc062723c751e8b465ee728b) (PreviewImporter) -> (artifact id: '7c72555f57c657928facb7065933ab78') in 0.0206389 seconds
Number of updated asset objects reloaded before import = 0Number of asset objects unloaded after import = 43

========================================================================
Received Prepare
Refreshing native plugins compatible for Editor in 1.85 ms, found 4 plugins.
Preloading 0 native plugins for Editor in 0.00 ms.
Unloading 13 Unused Serialized files (Serialized files now loaded: 0)
Unloading 6754 unused Assets / (4.6 MB). Loaded Objects now: 7919.
Memory consumption went from 154.7 MB to 150.1 MB.
Total: 12.961800 ms (FindLiveObjects: 0.752200 ms CreateObjectMapping: 0.678700 ms MarkObjects: 8.877400 ms  DeleteObjects: 2.651600 ms)

Prepare: number of updated asset objects reloaded= 0
========================================================================
Received Import Request.
  Time since last request: 17.897188 seconds.
  path: Assets/Prefabs/Turrets/Standard Turret.prefab
  artifactKey: Guid(0fabeecabe058844b825ce0fdc6ed719) Importer(815301076,1909f56bfc062723c751e8b465ee728b)
Start importing Assets/Prefabs/Turrets/Standard Turret.prefab using Guid(0fabeecabe058844b825ce0fdc6ed719) Importer(815301076,1909f56bfc062723c751e8b465ee728b) (PreviewImporter) -> (artifact id: '492351c2538d7ec96b7f71a0f94f33ca') in 0.024904 seconds
Number of updated asset objects reloaded before import = 0Number of asset objects unloaded after import = 43

========================================================================
Received Import Request.
  Time since last request: 0.000049 seconds.
  path: Assets/Prefabs/Turrets/Electric Turret.prefab
  artifactKey: Guid(aae537c2f92013746a402db5116df460) Importer(815301076,1909f56bfc062723c751e8b465ee728b)
Start importing Assets/Prefabs/Turrets/Electric Turret.prefab using Guid(aae537c2f92013746a402db5116df460) Importer(815301076,1909f56bfc062723c751e8b465ee728b) (PreviewImporter) -> (artifact id: 'c905fa9af54fcf3cb95b3830f3a45107') in 0.011784 seconds
Number of updated asset objects reloaded before import = 0Number of asset objects unloaded after import = 19

========================================================================
Received Prepare
Begin MonoManager ReloadAssembly
[Licensing::Client] Successfully resolved entitlement details
[Licensing::Module] License group:
  Id: F4-559Z-ESNU-EWRH-PCGX-XXXX
  Product: Unity Personal
  Type: ULF
  Expiration: Unlimited
[Licensing::Module] License group:
  Id: 5773053068775-UnityPersXXXX
  Product: Unity Personal
  Type: Assigned
  Expiration: Unlimited
- Loaded All Assemblies, in  0.895 seconds
Refreshing native plugins compatible for Editor in 2.65 ms, found 4 plugins.
Native extension for WindowsStandalone target not found
[Package Manager] Failed to launch server process. Reason: Unity was launched with the -noUpm command-line argument
[Package Manager] Unable to send message (not connected to server process).
[Package Manager] Cannot connect to Unity Package Manager local server
Mono: successfully reloaded assembly
- Finished resetting the current domain, in  1.054 seconds
Domain Reload Profiling: 1949ms
	BeginReloadAssembly (255ms)
		ExecutionOrderSort (0ms)
		DisableScriptedObjects (29ms)
		BackupInstance (0ms)
		ReleaseScriptingObjects (0ms)
		CreateAndSetChildDomain (59ms)
	RebuildCommonClasses (43ms)
	RebuildNativeTypeToScriptingClass (12ms)
	initialDomainReloadingComplete (30ms)
	LoadAllAssembliesAndSetupDomain (555ms)
		LoadAssemblies (386ms)
		RebuildTransferFunctionScriptingTraits (0ms)
		AnalyzeDomain (265ms)
			TypeCache.Refresh (11ms)
				TypeCache.ScanAssembly (0ms)
			BuildScriptInfoCaches (235ms)
			ResolveRequiredComponents (14ms)
	FinalizeReload (1054ms)
		ReleaseScriptCaches (0ms)
		RebuildScriptCaches (0ms)
		SetupLoadedEditorAssemblies (854ms)
			LogAssemblyErrors (0ms)
			InitializePlatformSupportModulesInManaged (4ms)
			SetLoadedEditorAssemblies (6ms)
			BeforeProcessingInitializeOnLoad (159ms)
			ProcessInitializeOnLoadAttributes (611ms)
			ProcessInitializeOnLoadMethodAttributes (68ms)
			AfterProcessingInitializeOnLoad (5ms)
			EditorAssembliesLoaded (0ms)
		ExecutionOrderSort2 (0ms)
		AwakeInstancesAfterBackupRestoration (19ms)
Refreshing native plugins compatible for Editor in 2.68 ms, found 4 plugins.
Preloading 0 native plugins for Editor in 0.00 ms.
Unloading 13 Unused Serialized files (Serialized files now loaded: 0)
Unloading 6764 unused Assets / (4.4 MB). Loaded Objects now: 7818.
Memory consumption went from 154.0 MB to 149.6 MB.
Total: 10.978000 ms (FindLiveObjects: 1.265900 ms CreateObjectMapping: 1.074500 ms MarkObjects: 6.381000 ms  DeleteObjects: 2.255000 ms)

Prepare: number of updated asset objects reloaded= 0
========================================================================
Received Prepare
Begin MonoManager ReloadAssembly
- Loaded All Assemblies, in  0.821 seconds
Refreshing native plugins compatible for Editor in 1.70 ms, found 4 plugins.
Native extension for WindowsStandalone target not found
[Package Manager] Failed to launch server process. Reason: Unity was launched with the -noUpm command-line argument
[Package Manager] Unable to send message (not connected to server process).
[Package Manager] Cannot connect to Unity Package Manager local server
Mono: successfully reloaded assembly
- Finished resetting the current domain, in  0.959 seconds
Domain Reload Profiling: 1781ms
	BeginReloadAssembly (216ms)
		ExecutionOrderSort (0ms)
		DisableScriptedObjects (15ms)
		BackupInstance (0ms)
		ReleaseScriptingObjects (0ms)
		CreateAndSetChildDomain (49ms)
	RebuildCommonClasses (41ms)
	RebuildNativeTypeToScriptingClass (13ms)
	initialDomainReloadingComplete (30ms)
	LoadAllAssembliesAndSetupDomain (520ms)
		LoadAssemblies (370ms)
		RebuildTransferFunctionScriptingTraits (0ms)
		AnalyzeDomain (242ms)
			TypeCache.Refresh (7ms)
				TypeCache.ScanAssembly (0ms)
			BuildScriptInfoCaches (218ms)
			ResolveRequiredComponents (12ms)
	FinalizeReload (960ms)
		ReleaseScriptCaches (0ms)
		RebuildScriptCaches (0ms)
		SetupLoadedEditorAssemblies (792ms)
			LogAssemblyErrors (0ms)
			InitializePlatformSupportModulesInManaged (2ms)
			SetLoadedEditorAssemblies (5ms)
			BeforeProcessingInitializeOnLoad (133ms)
			ProcessInitializeOnLoadAttributes (575ms)
			ProcessInitializeOnLoadMethodAttributes (71ms)
			AfterProcessingInitializeOnLoad (5ms)
			EditorAssembliesLoaded (0ms)
		ExecutionOrderSort2 (0ms)
		AwakeInstancesAfterBackupRestoration (19ms)
Refreshing native plugins compatible for Editor in 3.48 ms, found 4 plugins.
Preloading 0 native plugins for Editor in 0.00 ms.
Unloading 13 Unused Serialized files (Serialized files now loaded: 0)
Unloading 6764 unused Assets / (4.6 MB). Loaded Objects now: 7821.
Memory consumption went from 153.9 MB to 149.2 MB.
Total: 11.712900 ms (FindLiveObjects: 0.708900 ms CreateObjectMapping: 0.842300 ms MarkObjects: 6.551800 ms  DeleteObjects: 3.608500 ms)

Prepare: number of updated asset objects reloaded= 0
========================================================================
Received Import Request.
  Time since last request: 71.450168 seconds.
  path: Assets/Prefabs/Turrets/Standard Turret.prefab
  artifactKey: Guid(0fabeecabe058844b825ce0fdc6ed719) Importer(815301076,1909f56bfc062723c751e8b465ee728b)
Start importing Assets/Prefabs/Turrets/Standard Turret.prefab using Guid(0fabeecabe058844b825ce0fdc6ed719) Importer(815301076,1909f56bfc062723c751e8b465ee728b) (PreviewImporter) -> (artifact id: 'd9f996cce9e799863d2eb00282421080') in 0.4053763 seconds
Number of updated asset objects reloaded before import = 0Number of asset objects unloaded after import = 43

========================================================================
Received Import Request.
  Time since last request: 4.941839 seconds.
  path: Assets/Prefabs/Turrets/Standard Turret.prefab
  artifactKey: Guid(0fabeecabe058844b825ce0fdc6ed719) Importer(815301076,1909f56bfc062723c751e8b465ee728b)
Start importing Assets/Prefabs/Turrets/Standard Turret.prefab using Guid(0fabeecabe058844b825ce0fdc6ed719) Importer(815301076,1909f56bfc062723c751e8b465ee728b) (PreviewImporter) -> (artifact id: 'fa73b80c45364441c5ff7108cc26d11a') in 0.0274774 seconds
Number of updated asset objects reloaded before import = 0Number of asset objects unloaded after import = 43

========================================================================
Received Import Request.
  Time since last request: 2.376911 seconds.
  path: Assets/Prefabs/Turrets/Standard Turret.prefab
  artifactKey: Guid(0fabeecabe058844b825ce0fdc6ed719) Importer(815301076,1909f56bfc062723c751e8b465ee728b)
Start importing Assets/Prefabs/Turrets/Standard Turret.prefab using Guid(0fabeecabe058844b825ce0fdc6ed719) Importer(815301076,1909f56bfc062723c751e8b465ee728b) (PreviewImporter) -> (artifact id: '4fdb557899cd4232971076c0ed644053') in 0.0143238 seconds
Number of updated asset objects reloaded before import = 0Number of asset objects unloaded after import = 43

========================================================================
Received Import Request.
  Time since last request: 13.293244 seconds.
  path: Assets/Prefabs/Turrets/Standard Turret.prefab
  artifactKey: Guid(0fabeecabe058844b825ce0fdc6ed719) Importer(815301076,1909f56bfc062723c751e8b465ee728b)
Start importing Assets/Prefabs/Turrets/Standard Turret.prefab using Guid(0fabeecabe058844b825ce0fdc6ed719) Importer(815301076,1909f56bfc062723c751e8b465ee728b) (PreviewImporter) -> (artifact id: 'e6734f59ddb1de65959339320e52b0a8') in 0.0221533 seconds
Number of updated asset objects reloaded before import = 0Number of asset objects unloaded after import = 48

========================================================================
Received Import Request.
  Time since last request: 2.575919 seconds.
  path: Assets/Prefabs/Turrets/Standard Turret.prefab
  artifactKey: Guid(0fabeecabe058844b825ce0fdc6ed719) Importer(815301076,1909f56bfc062723c751e8b465ee728b)
Start importing Assets/Prefabs/Turrets/Standard Turret.prefab using Guid(0fabeecabe058844b825ce0fdc6ed719) Importer(815301076,1909f56bfc062723c751e8b465ee728b) (PreviewImporter) -> (artifact id: 'e8ade85e4a1a53974cb05748ef75f290') in 0.0195243 seconds
Number of updated asset objects reloaded before import = 0Number of asset objects unloaded after import = 43

========================================================================
Received Import Request.
  Time since last request: 5.197804 seconds.
  path: Assets/Prefabs/Turrets/Standard Turret.prefab
  artifactKey: Guid(0fabeecabe058844b825ce0fdc6ed719) Importer(815301076,1909f56bfc062723c751e8b465ee728b)
Start importing Assets/Prefabs/Turrets/Standard Turret.prefab using Guid(0fabeecabe058844b825ce0fdc6ed719) Importer(815301076,1909f56bfc062723c751e8b465ee728b) (PreviewImporter) -> (artifact id: '83f0b323eedd83ceedc26a0c8045ad48') in 0.0797177 seconds
Number of updated asset objects reloaded before import = 0Number of asset objects unloaded after import = 43

========================================================================
Received Import Request.
  Time since last request: 0.244687 seconds.
  path: Assets/Prefabs/Turrets/Standard Turret.prefab
  artifactKey: Guid(0fabeecabe058844b825ce0fdc6ed719) Importer(815301076,1909f56bfc062723c751e8b465ee728b)
Start importing Assets/Prefabs/Turrets/Standard Turret.prefab using Guid(0fabeecabe058844b825ce0fdc6ed719) Importer(815301076,1909f56bfc062723c751e8b465ee728b) (PreviewImporter) -> (artifact id: '998b9a4638446edc0e0b2e02354e67f5') in 0.014844 seconds
Number of updated asset objects reloaded before import = 0Number of asset objects unloaded after import = 43

========================================================================
Received Import Request.
  Time since last request: 1.162371 seconds.
  path: Assets/Prefabs/Turrets/Standard Turret.prefab
  artifactKey: Guid(0fabeecabe058844b825ce0fdc6ed719) Importer(815301076,1909f56bfc062723c751e8b465ee728b)
Start importing Assets/Prefabs/Turrets/Standard Turret.prefab using Guid(0fabeecabe058844b825ce0fdc6ed719) Importer(815301076,1909f56bfc062723c751e8b465ee728b) (PreviewImporter) -> (artifact id: '1c3ccb7ebe5bc29f05bbcd713ddd4bb2') in 0.018939 seconds
Number of updated asset objects reloaded before import = 0Number of asset objects unloaded after import = 43

========================================================================
Received Import Request.
  Time since last request: 1.150086 seconds.
  path: Assets/Prefabs/Turrets/Standard Turret.prefab
  artifactKey: Guid(0fabeecabe058844b825ce0fdc6ed719) Importer(815301076,1909f56bfc062723c751e8b465ee728b)
Start importing Assets/Prefabs/Turrets/Standard Turret.prefab using Guid(0fabeecabe058844b825ce0fdc6ed719) Importer(815301076,1909f56bfc062723c751e8b465ee728b) (PreviewImporter) -> (artifact id: 'a260d15316fdb7567b2d29ea82446873') in 0.0195761 seconds
Number of updated asset objects reloaded before import = 0Number of asset objects unloaded after import = 43

========================================================================
Received Import Request.
  Time since last request: 1.382436 seconds.
  path: Assets/Prefabs/Turrets/Standard Turret.prefab
  artifactKey: Guid(0fabeecabe058844b825ce0fdc6ed719) Importer(815301076,1909f56bfc062723c751e8b465ee728b)
Start importing Assets/Prefabs/Turrets/Standard Turret.prefab using Guid(0fabeecabe058844b825ce0fdc6ed719) Importer(815301076,1909f56bfc062723c751e8b465ee728b) (PreviewImporter) -> (artifact id: '4196c5970bd8f49082547981b4ecfffb') in 0.0224096 seconds
Number of updated asset objects reloaded before import = 0Number of asset objects unloaded after import = 43

========================================================================
Received Import Request.
  Time since last request: 1.104662 seconds.
  path: Assets/Prefabs/Turrets/Standard Turret.prefab
  artifactKey: Guid(0fabeecabe058844b825ce0fdc6ed719) Importer(815301076,1909f56bfc062723c751e8b465ee728b)
Start importing Assets/Prefabs/Turrets/Standard Turret.prefab using Guid(0fabeecabe058844b825ce0fdc6ed719) Importer(815301076,1909f56bfc062723c751e8b465ee728b) (PreviewImporter) -> (artifact id: '36ef01fad3c55bbda9e914f2b7d0a347') in 0.0223308 seconds
Number of updated asset objects reloaded before import = 0Number of asset objects unloaded after import = 43

========================================================================
Received Import Request.
  Time since last request: 1.067427 seconds.
  path: Assets/Prefabs/Turrets/Standard Turret.prefab
  artifactKey: Guid(0fabeecabe058844b825ce0fdc6ed719) Importer(815301076,1909f56bfc062723c751e8b465ee728b)
Start importing Assets/Prefabs/Turrets/Standard Turret.prefab using Guid(0fabeecabe058844b825ce0fdc6ed719) Importer(815301076,1909f56bfc062723c751e8b465ee728b) (PreviewImporter) -> (artifact id: 'a8897acefbe01b5b928b3675aa9e9b71') in 0.0296898 seconds
Number of updated asset objects reloaded before import = 0Number of asset objects unloaded after import = 43

========================================================================
Received Import Request.
  Time since last request: 3.895957 seconds.
  path: Assets/Prefabs/Turrets/Standard Turret.prefab
  artifactKey: Guid(0fabeecabe058844b825ce0fdc6ed719) Importer(815301076,1909f56bfc062723c751e8b465ee728b)
Start importing Assets/Prefabs/Turrets/Standard Turret.prefab using Guid(0fabeecabe058844b825ce0fdc6ed719) Importer(815301076,1909f56bfc062723c751e8b465ee728b) (PreviewImporter) -> (artifact id: 'f98ee42983951d8b7b29b580401a5464') in 0.0320234 seconds
Number of updated asset objects reloaded before import = 0Number of asset objects unloaded after import = 43

========================================================================
Received Import Request.
  Time since last request: 2.618696 seconds.
  path: Assets/Prefabs/Turrets/Standard Turret.prefab
  artifactKey: Guid(0fabeecabe058844b825ce0fdc6ed719) Importer(815301076,1909f56bfc062723c751e8b465ee728b)
Start importing Assets/Prefabs/Turrets/Standard Turret.prefab using Guid(0fabeecabe058844b825ce0fdc6ed719) Importer(815301076,1909f56bfc062723c751e8b465ee728b) (PreviewImporter) -> (artifact id: '24b249229e1e75c2dea6be3793271025') in 0.0758145 seconds
Number of updated asset objects reloaded before import = 0Number of asset objects unloaded after import = 43

========================================================================
Received Import Request.
  Time since last request: 8.829133 seconds.
  path: Assets/Prefabs/Turrets/Standard Turret.prefab
  artifactKey: Guid(0fabeecabe058844b825ce0fdc6ed719) Importer(815301076,1909f56bfc062723c751e8b465ee728b)
Start importing Assets/Prefabs/Turrets/Standard Turret.prefab using Guid(0fabeecabe058844b825ce0fdc6ed719) Importer(815301076,1909f56bfc062723c751e8b465ee728b) (PreviewImporter) -> (artifact id: '22ca91d95dfcca77bcbb01d17a26cf4f') in 0.0277974 seconds
Number of updated asset objects reloaded before import = 0Number of asset objects unloaded after import = 43

========================================================================
Received Prepare
Begin MonoManager ReloadAssembly
[Licensing::Client] Successfully resolved entitlement details
[Licensing::Module] License group:
  Id: F4-559Z-ESNU-EWRH-PCGX-XXXX
  Product: Unity Personal
  Type: ULF
  Expiration: Unlimited
[Licensing::Module] License group:
  Id: 5773053068775-UnityPersXXXX
  Product: Unity Personal
  Type: Assigned
  Expiration: Unlimited
- Loaded All Assemblies, in  0.943 seconds
Refreshing native plugins compatible for Editor in 1.56 ms, found 4 plugins.
Native extension for WindowsStandalone target not found
[Package Manager] Failed to launch server process. Reason: Unity was launched with the -noUpm command-line argument
[Package Manager] Unable to send message (not connected to server process).
[Package Manager] Cannot connect to Unity Package Manager local server
Mono: successfully reloaded assembly
- Finished resetting the current domain, in  1.056 seconds
Domain Reload Profiling: 2000ms
	BeginReloadAssembly (272ms)
		ExecutionOrderSort (0ms)
		DisableScriptedObjects (29ms)
		BackupInstance (0ms)
		ReleaseScriptingObjects (0ms)
		CreateAndSetChildDomain (59ms)
	RebuildCommonClasses (40ms)
	RebuildNativeTypeToScriptingClass (14ms)
	initialDomainReloadingComplete (30ms)
	LoadAllAssembliesAndSetupDomain (588ms)
		LoadAssemblies (407ms)
		RebuildTransferFunctionScriptingTraits (0ms)
		AnalyzeDomain (288ms)
			TypeCache.Refresh (7ms)
				TypeCache.ScanAssembly (0ms)
			BuildScriptInfoCaches (255ms)
			ResolveRequiredComponents (22ms)
	FinalizeReload (1057ms)
		ReleaseScriptCaches (0ms)
		RebuildScriptCaches (0ms)
		SetupLoadedEditorAssemblies (855ms)
			LogAssemblyErrors (0ms)
			InitializePlatformSupportModulesInManaged (2ms)
			SetLoadedEditorAssemblies (6ms)
			BeforeProcessingInitializeOnLoad (157ms)
			ProcessInitializeOnLoadAttributes (606ms)
			ProcessInitializeOnLoadMethodAttributes (76ms)
			AfterProcessingInitializeOnLoad (7ms)
			EditorAssembliesLoaded (1ms)
		ExecutionOrderSort2 (0ms)
		AwakeInstancesAfterBackupRestoration (25ms)
Refreshing native plugins compatible for Editor in 2.76 ms, found 4 plugins.
Preloading 0 native plugins for Editor in 0.00 ms.
Unloading 13 Unused Serialized files (Serialized files now loaded: 0)
Unloading 6764 unused Assets / (5.0 MB). Loaded Objects now: 7844.
Memory consumption went from 154.1 MB to 149.1 MB.
Total: 10.550100 ms (FindLiveObjects: 1.158100 ms CreateObjectMapping: 0.916700 ms MarkObjects: 5.122100 ms  DeleteObjects: 3.352100 ms)

Prepare: number of updated asset objects reloaded= 0
========================================================================
Received Import Request.
  Time since last request: 32.576155 seconds.
  path: Assets/Prefabs/Turrets/Standard Turret.prefab
  artifactKey: Guid(0fabeecabe058844b825ce0fdc6ed719) Importer(815301076,1909f56bfc062723c751e8b465ee728b)
Start importing Assets/Prefabs/Turrets/Standard Turret.prefab using Guid(0fabeecabe058844b825ce0fdc6ed719) Importer(815301076,1909f56bfc062723c751e8b465ee728b) (PreviewImporter) -> (artifact id: '57f01632161e47e6cc62821b267820f1') in 0.401837 seconds
Number of updated asset objects reloaded before import = 0Number of asset objects unloaded after import = 43

========================================================================
Received Import Request.
  Time since last request: 45.127567 seconds.
  path: Assets/Prefabs/Turrets/Standard Turret.prefab
  artifactKey: Guid(0fabeecabe058844b825ce0fdc6ed719) Importer(815301076,1909f56bfc062723c751e8b465ee728b)
Start importing Assets/Prefabs/Turrets/Standard Turret.prefab using Guid(0fabeecabe058844b825ce0fdc6ed719) Importer(815301076,1909f56bfc062723c751e8b465ee728b) (PreviewImporter) -> (artifact id: '46ba91da189e0be66bde18ff264e4417') in 0.0255146 seconds
Number of updated asset objects reloaded before import = 0Number of asset objects unloaded after import = 43

========================================================================
Received Import Request.
  Time since last request: 1.507693 seconds.
  path: Assets/Prefabs/Turrets/Standard Turret.prefab
  artifactKey: Guid(0fabeecabe058844b825ce0fdc6ed719) Importer(815301076,1909f56bfc062723c751e8b465ee728b)
Start importing Assets/Prefabs/Turrets/Standard Turret.prefab using Guid(0fabeecabe058844b825ce0fdc6ed719) Importer(815301076,1909f56bfc062723c751e8b465ee728b) (PreviewImporter) -> (artifact id: '06fb8abcc59229e1b26fa75899ab7996') in 0.0273302 seconds
Number of updated asset objects reloaded before import = 0Number of asset objects unloaded after import = 43

========================================================================
Received Import Request.
  Time since last request: 22.420645 seconds.
  path: Assets/Prefabs/Turrets/Standard Turret.prefab
  artifactKey: Guid(0fabeecabe058844b825ce0fdc6ed719) Importer(815301076,1909f56bfc062723c751e8b465ee728b)
Start importing Assets/Prefabs/Turrets/Standard Turret.prefab using Guid(0fabeecabe058844b825ce0fdc6ed719) Importer(815301076,1909f56bfc062723c751e8b465ee728b) (PreviewImporter) -> (artifact id: 'e2d5650ce9b8f73340b9af39f1db913b') in 0.0177925 seconds
Number of updated asset objects reloaded before import = 0Number of asset objects unloaded after import = 38

========================================================================
Received Import Request.
  Time since last request: 0.700339 seconds.
  path: Assets/Prefabs/Turrets/Standard Turret.prefab
  artifactKey: Guid(0fabeecabe058844b825ce0fdc6ed719) Importer(815301076,1909f56bfc062723c751e8b465ee728b)
Start importing Assets/Prefabs/Turrets/Standard Turret.prefab using Guid(0fabeecabe058844b825ce0fdc6ed719) Importer(815301076,1909f56bfc062723c751e8b465ee728b) (PreviewImporter) -> (artifact id: '809da3844e055f6ffd83e28ac1604d1b') in 0.0141317 seconds
Number of updated asset objects reloaded before import = 0Number of asset objects unloaded after import = 33

========================================================================
Received Import Request.
  Time since last request: 5.908430 seconds.
  path: Assets/Prefabs/Turrets/Standard Turret.prefab
  artifactKey: Guid(0fabeecabe058844b825ce0fdc6ed719) Importer(815301076,1909f56bfc062723c751e8b465ee728b)
Start importing Assets/Prefabs/Turrets/Standard Turret.prefab using Guid(0fabeecabe058844b825ce0fdc6ed719) Importer(815301076,1909f56bfc062723c751e8b465ee728b) (PreviewImporter) -> (artifact id: '1df0487c0c16893ccf0f3bedc8e78c77') in 0.0469575 seconds
Number of updated asset objects reloaded before import = 0Number of asset objects unloaded after import = 38

========================================================================
Received Import Request.
  Time since last request: 7.808150 seconds.
  path: Assets/Prefabs/Turrets/Standard Turret.prefab
  artifactKey: Guid(0fabeecabe058844b825ce0fdc6ed719) Importer(815301076,1909f56bfc062723c751e8b465ee728b)
Start importing Assets/Prefabs/Turrets/Standard Turret.prefab using Guid(0fabeecabe058844b825ce0fdc6ed719) Importer(815301076,1909f56bfc062723c751e8b465ee728b) (PreviewImporter) -> (artifact id: '19894a0aab3599cdb6001a91f471bcfd') in 0.0193527 seconds
Number of updated asset objects reloaded before import = 0Number of asset objects unloaded after import = 43

========================================================================
Received Import Request.
  Time since last request: 2.081409 seconds.
  path: Assets/Prefabs/Turrets/Standard Turret.prefab
  artifactKey: Guid(0fabeecabe058844b825ce0fdc6ed719) Importer(815301076,1909f56bfc062723c751e8b465ee728b)
Start importing Assets/Prefabs/Turrets/Standard Turret.prefab using Guid(0fabeecabe058844b825ce0fdc6ed719) Importer(815301076,1909f56bfc062723c751e8b465ee728b) (PreviewImporter) -> (artifact id: '96313ce7e636ad8fd74accbd95b50f8c') in 0.0165856 seconds
Number of updated asset objects reloaded before import = 0Number of asset objects unloaded after import = 43

========================================================================
Received Import Request.
  Time since last request: 29.383310 seconds.
  path: Assets/Artwork/free-plus-icon-3107-thumb.png
  artifactKey: Guid(e07f58bcef780ac4080d77950f33330a) Importer(2089858483,192608db42251d675da83286b1cce702)
Start importing Assets/Artwork/free-plus-icon-3107-thumb.png using Guid(e07f58bcef780ac4080d77950f33330a) Importer(2089858483,192608db42251d675da83286b1cce702) (ScriptedImporter) -> (artifact id: 'd3747214be36d1f4388e57370464c0fb') in 0.4761705 seconds
Number of updated asset objects reloaded before import = 0Number of asset objects unloaded after import = 3

========================================================================
Received Import Request.
  Time since last request: 0.000031 seconds.
  path: Assets/Artwork/UI/Realm Defence - Play Button - Pressed.png
  artifactKey: Guid(a61d120d39335734cb0204347e14855a) Importer(2089858483,192608db42251d675da83286b1cce702)
Start importing Assets/Artwork/UI/Realm Defence - Play Button - Pressed.png using Guid(a61d120d39335734cb0204347e14855a) Importer(2089858483,192608db42251d675da83286b1cce702) (ScriptedImporter) -> (artifact id: 'd23f76347e799d0a8dbc2bd42e191e0a') in 0.0249577 seconds
Number of updated asset objects reloaded before import = 0Number of asset objects unloaded after import = 3

========================================================================
Received Import Request.
  Time since last request: 0.000042 seconds.
  path: Assets/Artwork/UI/Realm Defence - Pause Button - Normal.png
  artifactKey: Guid(ed2c4664459285042b4126237d65fea0) Importer(2089858483,192608db42251d675da83286b1cce702)
Start importing Assets/Artwork/UI/Realm Defence - Pause Button - Normal.png using Guid(ed2c4664459285042b4126237d65fea0) Importer(2089858483,192608db42251d675da83286b1cce702) (ScriptedImporter) -> (artifact id: '98181923a8324a15b238a94effcc3b7c') in 0.0475029 seconds
Number of updated asset objects reloaded before import = 0Number of asset objects unloaded after import = 3

========================================================================
Received Import Request.
  Time since last request: 0.000027 seconds.
  path: Assets/Scenes/Hub.unity
  artifactKey: Guid(173e8d7d1d8c136428182a2aabb01865) Importer(2089858483,192608db42251d675da83286b1cce702)
Start importing Assets/Scenes/Hub.unity using Guid(173e8d7d1d8c136428182a2aabb01865) Importer(2089858483,192608db42251d675da83286b1cce702) (ScriptedImporter) -> (artifact id: 'c87fb1d0d0f8c0fae8b1f4c8847053aa') in 0.0814085 seconds
Number of updated asset objects reloaded before import = 0Number of asset objects unloaded after import = 1

========================================================================
Received Import Request.
  Time since last request: 0.000029 seconds.
  path: Assets/Scripts/EnemySpawner.cs
  artifactKey: Guid(6340390dcf7675b43bf7c2ab93ed23a7) Importer(2089858483,192608db42251d675da83286b1cce702)
Start importing Assets/Scripts/EnemySpawner.cs using Guid(6340390dcf7675b43bf7c2ab93ed23a7) Importer(2089858483,192608db42251d675da83286b1cce702) (ScriptedImporter) -> (artifact id: 'c9e61b53b70b98ce10fb9e07f39f7fa2') in 0.0358533 seconds
Number of updated asset objects reloaded before import = 0Number of asset objects unloaded after import = 0

========================================================================
Received Import Request.
  Time since last request: 0.000045 seconds.
  path: Assets/Artwork/UI/Realm Defence - Fire Element.png
  artifactKey: Guid(c73e6a0879c011b4089bd98774e5d0fb) Importer(2089858483,192608db42251d675da83286b1cce702)
Start importing Assets/Artwork/UI/Realm Defence - Fire Element.png using Guid(c73e6a0879c011b4089bd98774e5d0fb) Importer(2089858483,192608db42251d675da83286b1cce702) (ScriptedImporter) -> (artifact id: '94f3061edc03b874dbcec9bf65316e1e') in 0.0304474 seconds
Number of updated asset objects reloaded before import = 0Number of asset objects unloaded after import = 3

========================================================================
Received Import Request.
  Time since last request: 0.000025 seconds.
  path: Assets/Settings/UniversalRP.asset
  artifactKey: Guid(681886c5eb7344803b6206f758bf0b1c) Importer(2089858483,192608db42251d675da83286b1cce702)
Start importing Assets/Settings/UniversalRP.asset using Guid(681886c5eb7344803b6206f758bf0b1c) Importer(2089858483,192608db42251d675da83286b1cce702) (ScriptedImporter) -> (artifact id: 'aaa562382fbede288009d48dc73783fe') in 0.1145662 seconds
Number of updated asset objects reloaded before import = 0Number of asset objects unloaded after import = 1

========================================================================
Received Import Request.
  Time since last request: 0.000044 seconds.
  path: Assets/Plaaceholders/elderscrolls-1745339694084.jpg
  artifactKey: Guid(ff3d53cb3e07d524d8a4cc7a858ed745) Importer(2089858483,192608db42251d675da83286b1cce702)
Start importing Assets/Plaaceholders/elderscrolls-1745339694084.jpg using Guid(ff3d53cb3e07d524d8a4cc7a858ed745) Importer(2089858483,192608db42251d675da83286b1cce702) (ScriptedImporter) -> (artifact id: '2cabe036990d26c8a65baa212006b3f4') in 0.0325167 seconds
Number of updated asset objects reloaded before import = 0Number of asset objects unloaded after import = 3

========================================================================
Received Import Request.
  Time since last request: 0.000068 seconds.
  path: Assets/Artwork/UI/Realm Defence - Retry Button - Normal.png
  artifactKey: Guid(e6b4dd67d12875f4abc91d4fb7ecf1fe) Importer(2089858483,192608db42251d675da83286b1cce702)
Start importing Assets/Artwork/UI/Realm Defence - Retry Button - Normal.png using Guid(e6b4dd67d12875f4abc91d4fb7ecf1fe) Importer(2089858483,192608db42251d675da83286b1cce702) (ScriptedImporter) -> (artifact id: '11f9ae837a4641d2a0f36cd81724dde5') in 0.0292404 seconds
Number of updated asset objects reloaded before import = 0Number of asset objects unloaded after import = 3

========================================================================
Received Import Request.
  Time since last request: 0.000027 seconds.
  path: Assets/Artwork/UI/Realm Defence - Back Button - Normal.png
  artifactKey: Guid(d214a7621964c0c4188ee0f132e91726) Importer(2089858483,192608db42251d675da83286b1cce702)
Start importing Assets/Artwork/UI/Realm Defence - Back Button - Normal.png using Guid(d214a7621964c0c4188ee0f132e91726) Importer(2089858483,192608db42251d675da83286b1cce702) (ScriptedImporter) -> (artifact id: 'c9e883b7a2b229ca2b64869fece757f8') in 0.0492242 seconds
Number of updated asset objects reloaded before import = 0Number of asset objects unloaded after import = 3

========================================================================
Received Import Request.
  Time since last request: 0.000028 seconds.
  path: Assets/TurretTypes/WaterUnit.asset
  artifactKey: Guid(5377487df9ecdee48931f5fb485c2fba) Importer(2089858483,192608db42251d675da83286b1cce702)
Start importing Assets/TurretTypes/WaterUnit.asset using Guid(5377487df9ecdee48931f5fb485c2fba) Importer(2089858483,192608db42251d675da83286b1cce702) (ScriptedImporter) -> (artifact id: '13901681b08729ea23f49d32976cfaf1') in 0.0553901 seconds
Number of updated asset objects reloaded before import = 0Number of asset objects unloaded after import = 9

========================================================================
Received Import Request.
  Time since last request: 0.000037 seconds.
  path: Assets/TurretTypes/FireUnit.asset
  artifactKey: Guid(e714ac12414ee4840808d0098cc31a1f) Importer(2089858483,192608db42251d675da83286b1cce702)
Start importing Assets/TurretTypes/FireUnit.asset using Guid(e714ac12414ee4840808d0098cc31a1f) Importer(2089858483,192608db42251d675da83286b1cce702) (ScriptedImporter) -> (artifact id: '12504daf33886606dc20a689653ebdf4') in 0.0370018 seconds
Number of updated asset objects reloaded before import = 0Number of asset objects unloaded after import = 16

========================================================================
Received Import Request.
  Time since last request: 0.000030 seconds.
  path: Assets/Artwork/Realm Defence - Frozen Lake - Snow Piles.png
  artifactKey: Guid(996825853d4c464479cf6786e4e46b83) Importer(2089858483,192608db42251d675da83286b1cce702)
Start importing Assets/Artwork/Realm Defence - Frozen Lake - Snow Piles.png using Guid(996825853d4c464479cf6786e4e46b83) Importer(2089858483,192608db42251d675da83286b1cce702) (ScriptedImporter) -> (artifact id: 'd12892b7812d665bf91db3df65092437') in 0.1044685 seconds
Number of updated asset objects reloaded before import = 0Number of asset objects unloaded after import = 4

========================================================================
Received Import Request.
  Time since last request: 0.000030 seconds.
  path: Assets/Prefabs/Enemies/FastTypeEnemy.prefab
  artifactKey: Guid(1f7080cd51344e44c8cce76297420b6e) Importer(2089858483,192608db42251d675da83286b1cce702)
Start importing Assets/Prefabs/Enemies/FastTypeEnemy.prefab using Guid(1f7080cd51344e44c8cce76297420b6e) Importer(2089858483,192608db42251d675da83286b1cce702) (ScriptedImporter) -> (artifact id: '5ff518e9671450daa155aa1041d7d054') in 0.1204031 seconds
Number of updated asset objects reloaded before import = 0Number of asset objects unloaded after import = 44

========================================================================
Received Import Request.
  Time since last request: 0.000054 seconds.
  path: Assets/Artwork/UI/Realm Defence - Castle Health - Critical.png
  artifactKey: Guid(d4662b0e58a8118458e0fd653b3a4a2f) Importer(2089858483,192608db42251d675da83286b1cce702)
Start importing Assets/Artwork/UI/Realm Defence - Castle Health - Critical.png using Guid(d4662b0e58a8118458e0fd653b3a4a2f) Importer(2089858483,192608db42251d675da83286b1cce702) (ScriptedImporter) -> (artifact id: '7567bd43e6d39020ac8f9769808f51f1') in 0.0467287 seconds
Number of updated asset objects reloaded before import = 0Number of asset objects unloaded after import = 3

========================================================================
Received Import Request.
  Time since last request: 0.000028 seconds.
  path: Assets/Plaaceholders/5859499.png
  artifactKey: Guid(0219728420c762544bdfc7681cd1e6e5) Importer(2089858483,192608db42251d675da83286b1cce702)
Start importing Assets/Plaaceholders/5859499.png using Guid(0219728420c762544bdfc7681cd1e6e5) Importer(2089858483,192608db42251d675da83286b1cce702) (ScriptedImporter) -> (artifact id: '3d9d93c8f82edadd2871abb2b51173c0') in 0.0299083 seconds
Number of updated asset objects reloaded before import = 0Number of asset objects unloaded after import = 3

========================================================================
Received Import Request.
  Time since last request: 0.000027 seconds.
  path: Assets/Scripts/LevelManager.cs
  artifactKey: Guid(7fc6e0229f244e040b29d257ff5ec6cb) Importer(2089858483,192608db42251d675da83286b1cce702)
Start importing Assets/Scripts/LevelManager.cs using Guid(7fc6e0229f244e040b29d257ff5ec6cb) Importer(2089858483,192608db42251d675da83286b1cce702) (ScriptedImporter) -> (artifact id: 'a54251a55fa81cbc475b3dcf76436674') in 0.0261442 seconds
Number of updated asset objects reloaded before import = 0Number of asset objects unloaded after import = 0

========================================================================
Received Import Request.
  Time since last request: 0.000044 seconds.
  path: Assets/Artwork/UI/Realm Defence - Fire Status Effect.png
  artifactKey: Guid(3620fdd6173ab324487b1c2041a19547) Importer(2089858483,192608db42251d675da83286b1cce702)
Start importing Assets/Artwork/UI/Realm Defence - Fire Status Effect.png using Guid(3620fdd6173ab324487b1c2041a19547) Importer(2089858483,192608db42251d675da83286b1cce702) (ScriptedImporter) -> (artifact id: '2a9fc05e67c09888e0db3440a1dd4bcb') in 0.0300686 seconds
Number of updated asset objects reloaded before import = 0Number of asset objects unloaded after import = 3

========================================================================
Received Import Request.
  Time since last request: 0.000029 seconds.
  path: Assets/Scripts/UnitData.cs
  artifactKey: Guid(1458bd135f34b014095bc79b5e45406e) Importer(2089858483,192608db42251d675da83286b1cce702)
Start importing Assets/Scripts/UnitData.cs using Guid(1458bd135f34b014095bc79b5e45406e) Importer(2089858483,192608db42251d675da83286b1cce702) (ScriptedImporter) -> (artifact id: 'a7a133eda8433d6d3652a9a5ad9719d2') in 0.013894 seconds
Number of updated asset objects reloaded before import = 0Number of asset objects unloaded after import = 0

========================================================================
Received Import Request.
  Time since last request: 0.000025 seconds.
  path: Assets/Artwork/UI/Realm Defence - Electric Element.png
  artifactKey: Guid(33652766bb4696648be163e9f0f59a6c) Importer(2089858483,192608db42251d675da83286b1cce702)
Start importing Assets/Artwork/UI/Realm Defence - Electric Element.png using Guid(33652766bb4696648be163e9f0f59a6c) Importer(2089858483,192608db42251d675da83286b1cce702) (ScriptedImporter) -> (artifact id: 'f695f0f8da092aa4d84c1a5a87175a4c') in 0.0227878 seconds
Number of updated asset objects reloaded before import = 0Number of asset objects unloaded after import = 3

========================================================================
Received Import Request.
  Time since last request: 0.000034 seconds.
  path: Assets/Artwork/UI/Realm Defence - Pause Button - Pressed.png
  artifactKey: Guid(067adc0cc94d92446a7e53a80c7bae12) Importer(2089858483,192608db42251d675da83286b1cce702)
Start importing Assets/Artwork/UI/Realm Defence - Pause Button - Pressed.png using Guid(067adc0cc94d92446a7e53a80c7bae12) Importer(2089858483,192608db42251d675da83286b1cce702) (ScriptedImporter) -> (artifact id: 'e7de18649c129601dc9e299ed263d66e') in 0.0306656 seconds
Number of updated asset objects reloaded before import = 0Number of asset objects unloaded after import = 3

========================================================================
Received Import Request.
  Time since last request: 0.000042 seconds.
  path: Assets/Scenes/Level.unity
  artifactKey: Guid(c071d64e453a69545b1fabd782193e05) Importer(2089858483,192608db42251d675da83286b1cce702)
Start importing Assets/Scenes/Level.unity using Guid(c071d64e453a69545b1fabd782193e05) Importer(2089858483,192608db42251d675da83286b1cce702) (ScriptedImporter) -> (artifact id: '74c17e64d65b3a373d32cfbd2174e4b9') in 0.0232749 seconds
Number of updated asset objects reloaded before import = 0Number of asset objects unloaded after import = 1

========================================================================
Received Import Request.
  Time since last request: 0.000049 seconds.
  path: Assets/Settings/InputSystem_Actions.inputactions
  artifactKey: Guid(2bcd2660ca9b64942af0de543d8d7100) Importer(2089858483,192608db42251d675da83286b1cce702)
Start importing Assets/Settings/InputSystem_Actions.inputactions using Guid(2bcd2660ca9b64942af0de543d8d7100) Importer(2089858483,192608db42251d675da83286b1cce702) (ScriptedImporter) -> (artifact id: '840d6c451e7cd4f0334639c3d62ad6bf') in 0.3136947 seconds
Number of updated asset objects reloaded before import = 0Number of asset objects unloaded after import = 21

========================================================================
Received Import Request.
  Time since last request: 0.000034 seconds.
  path: Assets/Artwork/UI/Realm Defence - Shop Button - Inactive.png
  artifactKey: Guid(0db068d0f5fd20747a7ff90e896b8ca6) Importer(2089858483,192608db42251d675da83286b1cce702)
Start importing Assets/Artwork/UI/Realm Defence - Shop Button - Inactive.png using Guid(0db068d0f5fd20747a7ff90e896b8ca6) Importer(2089858483,192608db42251d675da83286b1cce702) (ScriptedImporter) -> (artifact id: '17fa09d4fec266efd9047110a5815110') in 0.0286565 seconds
Number of updated asset objects reloaded before import = 0Number of asset objects unloaded after import = 3

========================================================================
Received Import Request.
  Time since last request: 0.000045 seconds.
  path: Assets/Artwork/UI/Realm Defence - Castle Health - Mid.png
  artifactKey: Guid(493f0b0de3a89f8448ece93bba4cb0dc) Importer(2089858483,192608db42251d675da83286b1cce702)
Start importing Assets/Artwork/UI/Realm Defence - Castle Health - Mid.png using Guid(493f0b0de3a89f8448ece93bba4cb0dc) Importer(2089858483,192608db42251d675da83286b1cce702) (ScriptedImporter) -> (artifact id: '828dbec9ad28c935b2e20fd17c66a830') in 0.028618 seconds
Number of updated asset objects reloaded before import = 0Number of asset objects unloaded after import = 3

========================================================================
Received Import Request.
  Time since last request: 0.000049 seconds.
  path: Assets/Scripts/PlaceHolderEnemyScript.cs
  artifactKey: Guid(e49cbfd673019524d9ba1824e1afd1bc) Importer(2089858483,192608db42251d675da83286b1cce702)
Start importing Assets/Scripts/PlaceHolderEnemyScript.cs using Guid(e49cbfd673019524d9ba1824e1afd1bc) Importer(2089858483,192608db42251d675da83286b1cce702) (ScriptedImporter) -> (artifact id: 'c79b08648848c752ec39f2d85eee0615') in 0.0155387 seconds
Number of updated asset objects reloaded before import = 0Number of asset objects unloaded after import = 0

========================================================================
Received Import Request.
  Time since last request: 0.000034 seconds.
  path: Assets/Artwork/UI/Realm Defence - Castle Health - Low.png
  artifactKey: Guid(8da05893fc4de8841828815c26231c62) Importer(2089858483,192608db42251d675da83286b1cce702)
Start importing Assets/Artwork/UI/Realm Defence - Castle Health - Low.png using Guid(8da05893fc4de8841828815c26231c62) Importer(2089858483,192608db42251d675da83286b1cce702) (ScriptedImporter) -> (artifact id: '451de6849a34a5e360fd80f5319690ac') in 0.1913829 seconds
Number of updated asset objects reloaded before import = 0Number of asset objects unloaded after import = 3

========================================================================
Received Import Request.
  Time since last request: 0.000045 seconds.
  path: Assets/Artwork/UI/Realm Defence - Units Button - Normal.png
  artifactKey: Guid(c0c55e766e0e80745a33d187037c61c1) Importer(2089858483,192608db42251d675da83286b1cce702)
Start importing Assets/Artwork/UI/Realm Defence - Units Button - Normal.png using Guid(c0c55e766e0e80745a33d187037c61c1) Importer(2089858483,192608db42251d675da83286b1cce702) (ScriptedImporter) -> (artifact id: 'b2b34c09aabe27fdc98287ec7350bdee') in 0.1416879 seconds
Number of updated asset objects reloaded before import = 0Number of asset objects unloaded after import = 3

========================================================================
Received Import Request.
  Time since last request: 0.000064 seconds.
  path: Assets/Plaaceholders/Fire prefab.prefab
  artifactKey: Guid(f9d4541bb59408e4099b4c1fbb0d35df) Importer(2089858483,192608db42251d675da83286b1cce702)
Start importing Assets/Plaaceholders/Fire prefab.prefab using Guid(f9d4541bb59408e4099b4c1fbb0d35df) Importer(2089858483,192608db42251d675da83286b1cce702) (ScriptedImporter) -> (artifact id: 'f030844d61d187ba4163e41458070ce9') in 0.0397771 seconds
Number of updated asset objects reloaded before import = 0Number of asset objects unloaded after import = 8

========================================================================
Received Import Request.
  Time since last request: 0.000043 seconds.
  path: Assets/Settings/TextMesh Pro/Shaders/TMPro_Surface.cginc
  artifactKey: Guid(d930090c0cd643c7b55f19a38538c162) Importer(2089858483,192608db42251d675da83286b1cce702)
Start importing Assets/Settings/TextMesh Pro/Shaders/TMPro_Surface.cginc using Guid(d930090c0cd643c7b55f19a38538c162) Importer(2089858483,192608db42251d675da83286b1cce702) (ScriptedImporter) -> (artifact id: 'eb0532ce2297be9aa3f055137cb24646') in 0.0526415 seconds
Number of updated asset objects reloaded before import = 0Number of asset objects unloaded after import = 1

========================================================================
Received Import Request.
  Time since last request: 0.000046 seconds.
  path: Assets/Settings/TextMesh Pro/Resources/Style Sheets/Default Style Sheet.asset
  artifactKey: Guid(f952c082cb03451daed3ee968ac6c63e) Importer(2089858483,192608db42251d675da83286b1cce702)
Start importing Assets/Settings/TextMesh Pro/Resources/Style Sheets/Default Style Sheet.asset using Guid(f952c082cb03451daed3ee968ac6c63e) Importer(2089858483,192608db42251d675da83286b1cce702) (ScriptedImporter) -> (artifact id: 'da73c891da41831dcdcdd71a814d56ae') in 0.0668697 seconds
Number of updated asset objects reloaded before import = 0Number of asset objects unloaded after import = 1

========================================================================
Received Import Request.
  Time since last request: 0.000049 seconds.
  path: Assets/Settings/TextMesh Pro/Resources/Fonts & Materials/LiberationSans SDF.asset
  artifactKey: Guid(8f586378b4e144a9851e7b34d9b748ee) Importer(2089858483,192608db42251d675da83286b1cce702)
Start importing Assets/Settings/TextMesh Pro/Resources/Fonts & Materials/LiberationSans SDF.asset using Guid(8f586378b4e144a9851e7b34d9b748ee) Importer(2089858483,192608db42251d675da83286b1cce702) (ScriptedImporter) -> (artifact id: '18bc60034eafb9f9f93008a4e5527d20') in 0.1974929 seconds
Number of updated asset objects reloaded before import = 0Number of asset objects unloaded after import = 8

========================================================================
Received Import Request.
  Time since last request: 0.000031 seconds.
  path: Assets/Settings/TextMesh Pro/Resources/Sprite Assets/EmojiOne.asset
  artifactKey: Guid(c41005c129ba4d66911b75229fd70b45) Importer(2089858483,192608db42251d675da83286b1cce702)
Start importing Assets/Settings/TextMesh Pro/Resources/Sprite Assets/EmojiOne.asset using Guid(c41005c129ba4d66911b75229fd70b45) Importer(2089858483,192608db42251d675da83286b1cce702) (ScriptedImporter) -> (artifact id: 'abbebb9740beb74ed18ec85a233c7ac6') in 0.0333559 seconds
Number of updated asset objects reloaded before import = 0Number of asset objects unloaded after import = 3

========================================================================
Received Import Request.
  Time since last request: 0.000061 seconds.
  path: Assets/Settings/TextMesh Pro/Shaders/TMPro_Properties.cginc
  artifactKey: Guid(3997e2241185407d80309a82f9148466) Importer(2089858483,192608db42251d675da83286b1cce702)
Start importing Assets/Settings/TextMesh Pro/Shaders/TMPro_Properties.cginc using Guid(3997e2241185407d80309a82f9148466) Importer(2089858483,192608db42251d675da83286b1cce702) (ScriptedImporter) -> (artifact id: '2c53df1531136564bbb16bb20d50780e') in 0.0751865 seconds
Number of updated asset objects reloaded before import = 0Number of asset objects unloaded after import = 1

========================================================================
Received Import Request.
  Time since last request: 0.000031 seconds.
  path: Assets/Settings/TextMesh Pro/Resources/LineBreaking Leading Characters.txt
  artifactKey: Guid(d82c1b31c7e74239bff1220585707d2b) Importer(2089858483,192608db42251d675da83286b1cce702)
Start importing Assets/Settings/TextMesh Pro/Resources/LineBreaking Leading Characters.txt using Guid(d82c1b31c7e74239bff1220585707d2b) Importer(2089858483,192608db42251d675da83286b1cce702) (ScriptedImporter) -> (artifact id: 'aa7d300cc7ca1ebe40cd5d80303e02ef') in 0.0246547 seconds
Number of updated asset objects reloaded before import = 0Number of asset objects unloaded after import = 1

========================================================================
Received Import Request.
  Time since last request: 0.000031 seconds.
  path: Assets/Settings/TextMesh Pro/Shaders/TMPro_Mobile.cginc
  artifactKey: Guid(c334973cef89a9840b0b0c507e0377ab) Importer(2089858483,192608db42251d675da83286b1cce702)
Start importing Assets/Settings/TextMesh Pro/Shaders/TMPro_Mobile.cginc using Guid(c334973cef89a9840b0b0c507e0377ab) Importer(2089858483,192608db42251d675da83286b1cce702) (ScriptedImporter) -> (artifact id: '74a10918a39a81f11f0fa0d8e0c72446') in 0.032639 seconds
Number of updated asset objects reloaded before import = 0Number of asset objects unloaded after import = 1

========================================================================
Received Import Request.
  Time since last request: 0.000041 seconds.
  path: Assets/Settings/TextMesh Pro/Sprites/EmojiOne.json
  artifactKey: Guid(8f05276190cf498a8153f6cbe761d4e6) Importer(2089858483,192608db42251d675da83286b1cce702)
Start importing Assets/Settings/TextMesh Pro/Sprites/EmojiOne.json using Guid(8f05276190cf498a8153f6cbe761d4e6) Importer(2089858483,192608db42251d675da83286b1cce702) (ScriptedImporter) -> (artifact id: 'b22b0521ae87e61c2ba15132e0e9bc49') in 0.0321968 seconds
Number of updated asset objects reloaded before import = 0Number of asset objects unloaded after import = 1

========================================================================
Received Import Request.
  Time since last request: 0.000033 seconds.
  path: Assets/Settings/TextMesh Pro/Shaders/TMPro.cginc
  artifactKey: Guid(407bc68d299748449bbf7f48ee690f8d) Importer(2089858483,192608db42251d675da83286b1cce702)
Start importing Assets/Settings/TextMesh Pro/Shaders/TMPro.cginc using Guid(407bc68d299748449bbf7f48ee690f8d) Importer(2089858483,192608db42251d675da83286b1cce702) (ScriptedImporter) -> (artifact id: 'e79bdac416b05d288f4a53b2027a0157') in 0.0294092 seconds
Number of updated asset objects reloaded before import = 0Number of asset objects unloaded after import = 1

========================================================================
Received Import Request.
  Time since last request: 0.000074 seconds.
  path: Assets/Settings/TextMesh Pro/Sprites/EmojiOne.png
  artifactKey: Guid(dffef66376be4fa480fb02b19edbe903) Importer(2089858483,192608db42251d675da83286b1cce702)
Start importing Assets/Settings/TextMesh Pro/Sprites/EmojiOne.png using Guid(dffef66376be4fa480fb02b19edbe903) Importer(2089858483,192608db42251d675da83286b1cce702) (ScriptedImporter) -> (artifact id: '779875bb7b86c21bf753df4feaba67ed') in 0.1110751 seconds
Number of updated asset objects reloaded before import = 0Number of asset objects unloaded after import = 1

========================================================================
Received Import Request.
  Time since last request: 0.000064 seconds.
  path: Assets/Settings/TextMesh Pro/Shaders/TMP_Bitmap-Custom-Atlas.shader
  artifactKey: Guid(48bb5f55d8670e349b6e614913f9d910) Importer(2089858483,192608db42251d675da83286b1cce702)
Start importing Assets/Settings/TextMesh Pro/Shaders/TMP_Bitmap-Custom-Atlas.shader using Guid(48bb5f55d8670e349b6e614913f9d910) Importer(2089858483,192608db42251d675da83286b1cce702) (ScriptedImporter) -> (artifact id: 'a7b423fa76be87d7c470ac65605b940d') in 0.1709121 seconds
Number of updated asset objects reloaded before import = 0Number of asset objects unloaded after import = 1

========================================================================
Received Import Request.
  Time since last request: 0.000036 seconds.
  path: Assets/Scripts/TurretSpot.cs
  artifactKey: Guid(05e0bb989db802048b202cefe1772976) Importer(2089858483,192608db42251d675da83286b1cce702)
Start importing Assets/Scripts/TurretSpot.cs using Guid(05e0bb989db802048b202cefe1772976) Importer(2089858483,192608db42251d675da83286b1cce702) (ScriptedImporter) -> (artifact id: '5c443e6b214ae57fcf5732ac1c922a70') in 0.0428877 seconds
Number of updated asset objects reloaded before import = 0Number of asset objects unloaded after import = 0

========================================================================
Received Import Request.
  Time since last request: 0.000060 seconds.
  path: Assets/Scripts/TurretUIManager.cs
  artifactKey: Guid(97e8742730ee0894bbd66d9e70a8d2e4) Importer(2089858483,192608db42251d675da83286b1cce702)
Start importing Assets/Scripts/TurretUIManager.cs using Guid(97e8742730ee0894bbd66d9e70a8d2e4) Importer(2089858483,192608db42251d675da83286b1cce702) (ScriptedImporter) -> (artifact id: '38b42589b0127137428d8824716d3741') in 0.0297093 seconds
Number of updated asset objects reloaded before import = 0Number of asset objects unloaded after import = 0

========================================================================
Received Import Request.
  Time since last request: 0.000031 seconds.
  path: Assets/Artwork/UI/Realm Defence - Water Status Effect.png
  artifactKey: Guid(be8cdf3f54c890b438f69c2be2cbd48b) Importer(2089858483,192608db42251d675da83286b1cce702)
Start importing Assets/Artwork/UI/Realm Defence - Water Status Effect.png using Guid(be8cdf3f54c890b438f69c2be2cbd48b) Importer(2089858483,192608db42251d675da83286b1cce702) (ScriptedImporter) -> (artifact id: '8da728f4730bc43a3b4e4a893252f1c4') in 0.1444731 seconds
Number of updated asset objects reloaded before import = 0Number of asset objects unloaded after import = 3

========================================================================
Received Import Request.
  Time since last request: 0.000040 seconds.
  path: Assets/TurretTypes/StandardUnit.asset
  artifactKey: Guid(a30de1dd8172c844094262670a8af868) Importer(2089858483,192608db42251d675da83286b1cce702)
Start importing Assets/TurretTypes/StandardUnit.asset using Guid(a30de1dd8172c844094262670a8af868) Importer(2089858483,192608db42251d675da83286b1cce702) (ScriptedImporter) -> (artifact id: 'a31014d45ce8d0500b7d3052765cb30e') in 0.0698246 seconds
Number of updated asset objects reloaded before import = 0Number of asset objects unloaded after import = 9

========================================================================
Received Import Request.
  Time since last request: 0.000056 seconds.
  path: Assets/Settings/TextMesh Pro/Shaders/TMP_SDF-Mobile-2-Pass.shader
  artifactKey: Guid(0178fcb869bafef4690d177d31d17db8) Importer(2089858483,192608db42251d675da83286b1cce702)
Start importing Assets/Settings/TextMesh Pro/Shaders/TMP_SDF-Mobile-2-Pass.shader using Guid(0178fcb869bafef4690d177d31d17db8) Importer(2089858483,192608db42251d675da83286b1cce702) (ScriptedImporter) -> (artifact id: '0adbb31a4c8236486f0bc5d0d40df09a') in 0.0744694 seconds
Number of updated asset objects reloaded before import = 0Number of asset objects unloaded after import = 1

========================================================================
Received Import Request.
  Time since last request: 0.000033 seconds.
  path: Assets/Plaaceholders/lineup-re4-ge.jpg
  artifactKey: Guid(0d1b90b27848f774eb840b3614dc0a3d) Importer(2089858483,192608db42251d675da83286b1cce702)
Start importing Assets/Plaaceholders/lineup-re4-ge.jpg using Guid(0d1b90b27848f774eb840b3614dc0a3d) Importer(2089858483,192608db42251d675da83286b1cce702) (ScriptedImporter) -> (artifact id: '8af9dfc0bc330c38ecca3eabb499f5f4') in 0.0307938 seconds
Number of updated asset objects reloaded before import = 0Number of asset objects unloaded after import = 3

========================================================================
Received Import Request.
  Time since last request: 0.000038 seconds.
  path: Assets/Settings/TextMesh Pro/Shaders/TMP_SDF-HDRP LIT.shadergraph
  artifactKey: Guid(ca2ed216f98028c4dae6c5224a952b3c) Importer(2089858483,192608db42251d675da83286b1cce702)
Start importing Assets/Settings/TextMesh Pro/Shaders/TMP_SDF-HDRP LIT.shadergraph using Guid(ca2ed216f98028c4dae6c5224a952b3c) Importer(2089858483,192608db42251d675da83286b1cce702) (ScriptedImporter) -> (artifact id: '112d88a6d563351b61a39c31af52602b') in 0.0504516 seconds
Number of updated asset objects reloaded before import = 0Number of asset objects unloaded after import = 3

========================================================================
Received Import Request.
  Time since last request: 0.000030 seconds.
  path: Assets/Settings/Lit2DSceneTemplate.scenetemplate
  artifactKey: Guid(d03ed43fc9d8a4f2e9fa70c1c7916eb9) Importer(2089858483,192608db42251d675da83286b1cce702)
Start importing Assets/Settings/Lit2DSceneTemplate.scenetemplate using Guid(d03ed43fc9d8a4f2e9fa70c1c7916eb9) Importer(2089858483,192608db42251d675da83286b1cce702) (ScriptedImporter) -> (artifact id: '3cfaf9992c609dbf6df257a1d7d84c76') in 0.0728784 seconds
Number of updated asset objects reloaded before import = 0Number of asset objects unloaded after import = 3

========================================================================
Received Import Request.
  Time since last request: 0.000036 seconds.
  path: Assets/Artwork/UI/Realm Defence - Retry Button - Pressed.png
  artifactKey: Guid(1e392ffb1f5925346a6059fe0fd67d1e) Importer(2089858483,192608db42251d675da83286b1cce702)
Start importing Assets/Artwork/UI/Realm Defence - Retry Button - Pressed.png using Guid(1e392ffb1f5925346a6059fe0fd67d1e) Importer(2089858483,192608db42251d675da83286b1cce702) (ScriptedImporter) -> (artifact id: '9bca238db11b382e12d74913714db115') in 0.0286494 seconds
Number of updated asset objects reloaded before import = 0Number of asset objects unloaded after import = 3

========================================================================
Received Import Request.
  Time since last request: 0.000046 seconds.
  path: Assets/Artwork/sword.png
  artifactKey: Guid(91237aa0681e7664b9a54b3313636bf5) Importer(2089858483,192608db42251d675da83286b1cce702)
Start importing Assets/Artwork/sword.png using Guid(91237aa0681e7664b9a54b3313636bf5) Importer(2089858483,192608db42251d675da83286b1cce702) (ScriptedImporter) -> (artifact id: '227de2beb1165918c43d7c91cababa00') in 0.0296941 seconds
Number of updated asset objects reloaded before import = 0Number of asset objects unloaded after import = 3

========================================================================
Received Import Request.
  Time since last request: 0.000095 seconds.
  path: Assets/Artwork/UI/Realm Defence - Back to Hub Button - Pressed.png
  artifactKey: Guid(1cb774a81fb339f41b42ca84374b1c5a) Importer(2089858483,192608db42251d675da83286b1cce702)
Start importing Assets/Artwork/UI/Realm Defence - Back to Hub Button - Pressed.png using Guid(1cb774a81fb339f41b42ca84374b1c5a) Importer(2089858483,192608db42251d675da83286b1cce702) (ScriptedImporter) -> (artifact id: '2900a7120b8103d2c17170e20c87cd2e') in 0.0297405 seconds
Number of updated asset objects reloaded before import = 0Number of asset objects unloaded after import = 3

========================================================================
Received Import Request.
  Time since last request: 0.000030 seconds.
  path: Assets/Plaaceholders/Fire Bullet.prefab
  artifactKey: Guid(9e3d144010b0ca5468f69f0d1075cd53) Importer(2089858483,192608db42251d675da83286b1cce702)
Start importing Assets/Plaaceholders/Fire Bullet.prefab using Guid(9e3d144010b0ca5468f69f0d1075cd53) Importer(2089858483,192608db42251d675da83286b1cce702) (ScriptedImporter) -> (artifact id: '56a537116b4db3f7a0de944a4cabe6a0') in 0.037817 seconds
Number of updated asset objects reloaded before import = 0Number of asset objects unloaded after import = 16

========================================================================
Received Import Request.
  Time since last request: 0.000054 seconds.
  path: Assets/Scripts/ScoreTracker.cs
  artifactKey: Guid(9c1766cee66a6de44875e3656a5d651f) Importer(2089858483,192608db42251d675da83286b1cce702)
Start importing Assets/Scripts/ScoreTracker.cs using Guid(9c1766cee66a6de44875e3656a5d651f) Importer(2089858483,192608db42251d675da83286b1cce702) (ScriptedImporter) -> (artifact id: '0bff518b3357f576cb0a5bd8e058dcde') in 0.0193748 seconds
Number of updated asset objects reloaded before import = 0Number of asset objects unloaded after import = 0

========================================================================
Received Import Request.
  Time since last request: 0.000033 seconds.
  path: Assets/Artwork/UI/Realm Defence - Standard Status Effect.png
  artifactKey: Guid(a252555d7fa40dd459b1d539b9ad0c6b) Importer(2089858483,192608db42251d675da83286b1cce702)
Start importing Assets/Artwork/UI/Realm Defence - Standard Status Effect.png using Guid(a252555d7fa40dd459b1d539b9ad0c6b) Importer(2089858483,192608db42251d675da83286b1cce702) (ScriptedImporter) -> (artifact id: '01bf7c824b8ff6f2d0b35fd42f157b4d') in 0.03854 seconds
Number of updated asset objects reloaded before import = 0Number of asset objects unloaded after import = 3

========================================================================
Received Import Request.
  Time since last request: 0.000052 seconds.
  path: Assets/Prefabs/Turrets/Turret Shoot.prefab
  artifactKey: Guid(4e18a7debc1e3bc4e8d9ac3186c36d0d) Importer(2089858483,192608db42251d675da83286b1cce702)
Start importing Assets/Prefabs/Turrets/Turret Shoot.prefab using Guid(4e18a7debc1e3bc4e8d9ac3186c36d0d) Importer(2089858483,192608db42251d675da83286b1cce702) (ScriptedImporter) -> (artifact id: '4d4c2308ebb0e4852e80587df85d05b8') in 0.1811606 seconds
Number of updated asset objects reloaded before import = 0Number of asset objects unloaded after import = 8

========================================================================
Received Import Request.
  Time since last request: 0.000041 seconds.
  path: Assets/Scripts/EnemyAttributes.cs
  artifactKey: Guid(7e98d1a2d8391dd4a954eb0e6eb112b9) Importer(2089858483,192608db42251d675da83286b1cce702)
Start importing Assets/Scripts/EnemyAttributes.cs using Guid(7e98d1a2d8391dd4a954eb0e6eb112b9) Importer(2089858483,192608db42251d675da83286b1cce702) (ScriptedImporter) -> (artifact id: 'd20d86ea7a648c40a5ebb52980f225b7') in 0.0267322 seconds
Number of updated asset objects reloaded before import = 0Number of asset objects unloaded after import = 0

========================================================================
Received Prepare
Refreshing native plugins compatible for Editor in 3.75 ms, found 4 plugins.
Preloading 0 native plugins for Editor in 0.00 ms.
Unloading 13 Unused Serialized files (Serialized files now loaded: 0)
Unloading 6754 unused Assets / (6.8 MB). Loaded Objects now: 7968.
Memory consumption went from 155.7 MB to 148.8 MB.
Total: 32.343500 ms (FindLiveObjects: 0.907300 ms CreateObjectMapping: 1.436500 ms MarkObjects: 15.366700 ms  DeleteObjects: 14.631800 ms)

Prepare: number of updated asset objects reloaded= 0
========================================================================
Received Import Request.
  Time since last request: 43.731177 seconds.
  path: Assets/Prefabs/Turrets/Fire Turret.prefab
  artifactKey: Guid(435c9623361906945a6126111a2a041d) Importer(815301076,1909f56bfc062723c751e8b465ee728b)
Start importing Assets/Prefabs/Turrets/Fire Turret.prefab using Guid(435c9623361906945a6126111a2a041d) Importer(815301076,1909f56bfc062723c751e8b465ee728b) (PreviewImporter) -> (artifact id: 'f8689b8c67bb582d8a3006c58f575e9f') in 0.0312373 seconds
Number of updated asset objects reloaded before import = 0Number of asset objects unloaded after import = 26

========================================================================
Received Import Request.
  Time since last request: 0.141043 seconds.
  path: Assets/Scripts/Turret.cs
  artifactKey: Guid(75d6ed4070240514180ebe6d0a82998f) Importer(2089858483,192608db42251d675da83286b1cce702)
Start importing Assets/Scripts/Turret.cs using Guid(75d6ed4070240514180ebe6d0a82998f) Importer(2089858483,192608db42251d675da83286b1cce702) (ScriptedImporter) -> (artifact id: 'ddb22ae0aa30ed653b86c9b6c901dcaf') in 0.0124961 seconds
Number of updated asset objects reloaded before import = 0Number of asset objects unloaded after import = 0

========================================================================
Received Prepare
Begin MonoManager ReloadAssembly
[Licensing::Client] Successfully resolved entitlement details
[Licensing::Module] License group:
  Id: F4-559Z-ESNU-EWRH-PCGX-XXXX
  Product: Unity Personal
  Type: ULF
  Expiration: Unlimited
[Licensing::Module] License group:
  Id: 5773053068775-UnityPersXXXX
  Product: Unity Personal
  Type: Assigned
  Expiration: Unlimited
- Loaded All Assemblies, in  1.539 seconds
Refreshing native plugins compatible for Editor in 2.51 ms, found 4 plugins.
Native extension for WindowsStandalone target not found
[Package Manager] Failed to launch server process. Reason: Unity was launched with the -noUpm command-line argument
[Package Manager] Unable to send message (not connected to server process).
[Package Manager] Cannot connect to Unity Package Manager local server
Mono: successfully reloaded assembly
- Finished resetting the current domain, in  2.295 seconds
Domain Reload Profiling: 3830ms
	BeginReloadAssembly (468ms)
		ExecutionOrderSort (0ms)
		DisableScriptedObjects (46ms)
		BackupInstance (0ms)
		ReleaseScriptingObjects (0ms)
		CreateAndSetChildDomain (122ms)
	RebuildCommonClasses (56ms)
	RebuildNativeTypeToScriptingClass (24ms)
	initialDomainReloadingComplete (85ms)
	LoadAllAssembliesAndSetupDomain (902ms)
		LoadAssemblies (724ms)
		RebuildTransferFunctionScriptingTraits (0ms)
		AnalyzeDomain (378ms)
			TypeCache.Refresh (15ms)
				TypeCache.ScanAssembly (1ms)
			BuildScriptInfoCaches (339ms)
			ResolveRequiredComponents (19ms)
	FinalizeReload (2296ms)
		ReleaseScriptCaches (0ms)
		RebuildScriptCaches (0ms)
		SetupLoadedEditorAssemblies (1975ms)
			LogAssemblyErrors (0ms)
			InitializePlatformSupportModulesInManaged (4ms)
			SetLoadedEditorAssemblies (38ms)
			BeforeProcessingInitializeOnLoad (377ms)
			ProcessInitializeOnLoadAttributes (1424ms)
			ProcessInitializeOnLoadMethodAttributes (123ms)
			AfterProcessingInitializeOnLoad (9ms)
			EditorAssembliesLoaded (0ms)
		ExecutionOrderSort2 (0ms)
		AwakeInstancesAfterBackupRestoration (62ms)
Refreshing native plugins compatible for Editor in 4.50 ms, found 4 plugins.
Preloading 0 native plugins for Editor in 0.00 ms.
Unloading 13 Unused Serialized files (Serialized files now loaded: 0)
Unloading 6764 unused Assets / (7.0 MB). Loaded Objects now: 7867.
Memory consumption went from 154.3 MB to 147.3 MB.
Total: 30.235100 ms (FindLiveObjects: 1.005300 ms CreateObjectMapping: 1.069800 ms MarkObjects: 13.507600 ms  DeleteObjects: 14.650700 ms)

Prepare: number of updated asset objects reloaded= 0
========================================================================
Received Import Request.
  Time since last request: 9.299233 seconds.
  path: Assets/Prefabs/Turrets/Electric Turret.prefab
  artifactKey: Guid(aae537c2f92013746a402db5116df460) Importer(815301076,1909f56bfc062723c751e8b465ee728b)
Start importing Assets/Prefabs/Turrets/Electric Turret.prefab using Guid(aae537c2f92013746a402db5116df460) Importer(815301076,1909f56bfc062723c751e8b465ee728b) (PreviewImporter) -> (artifact id: '544ed740be2988b3573a9c577c0e3928') in 0.611028 seconds
Number of updated asset objects reloaded before import = 0Number of asset objects unloaded after import = 19

========================================================================
Received Prepare
Refreshing native plugins compatible for Editor in 5.65 ms, found 4 plugins.
Preloading 0 native plugins for Editor in 0.00 ms.
Unloading 13 Unused Serialized files (Serialized files now loaded: 0)
Unloading 6754 unused Assets / (2.1 MB). Loaded Objects now: 7991.
Memory consumption went from 154.9 MB to 152.8 MB.
Total: 20.333000 ms (FindLiveObjects: 1.329000 ms CreateObjectMapping: 1.998500 ms MarkObjects: 11.938700 ms  DeleteObjects: 5.064500 ms)

Prepare: number of updated asset objects reloaded= 0
========================================================================
Received Prepare
Begin MonoManager ReloadAssembly
- Loaded All Assemblies, in  1.321 seconds
Refreshing native plugins compatible for Editor in 4.36 ms, found 4 plugins.
Native extension for WindowsStandalone target not found
[Package Manager] Failed to launch server process. Reason: Unity was launched with the -noUpm command-line argument
[Package Manager] Unable to send message (not connected to server process).
[Package Manager] Cannot connect to Unity Package Manager local server
Mono: successfully reloaded assembly
- Finished resetting the current domain, in  1.450 seconds
Domain Reload Profiling: 2767ms
	BeginReloadAssembly (402ms)
		ExecutionOrderSort (1ms)
		DisableScriptedObjects (49ms)
		BackupInstance (0ms)
		ReleaseScriptingObjects (0ms)
		CreateAndSetChildDomain (102ms)
	RebuildCommonClasses (52ms)
	RebuildNativeTypeToScriptingClass (18ms)
	initialDomainReloadingComplete (43ms)
	LoadAllAssembliesAndSetupDomain (801ms)
		LoadAssemblies (608ms)
		RebuildTransferFunctionScriptingTraits (0ms)
		AnalyzeDomain (341ms)
			TypeCache.Refresh (14ms)
				TypeCache.ScanAssembly (1ms)
			BuildScriptInfoCaches (306ms)
			ResolveRequiredComponents (14ms)
	FinalizeReload (1451ms)
		ReleaseScriptCaches (0ms)
		RebuildScriptCaches (0ms)
		SetupLoadedEditorAssemblies (1122ms)
			LogAssemblyErrors (0ms)
			InitializePlatformSupportModulesInManaged (3ms)
			SetLoadedEditorAssemblies (10ms)
			BeforeProcessingInitializeOnLoad (273ms)
			ProcessInitializeOnLoadAttributes (726ms)
			ProcessInitializeOnLoadMethodAttributes (102ms)
			AfterProcessingInitializeOnLoad (7ms)
			EditorAssembliesLoaded (0ms)
		ExecutionOrderSort2 (0ms)
		AwakeInstancesAfterBackupRestoration (26ms)
Refreshing native plugins compatible for Editor in 2.96 ms, found 4 plugins.
Preloading 0 native plugins for Editor in 0.00 ms.
Unloading 13 Unused Serialized files (Serialized files now loaded: 0)
Unloading 6764 unused Assets / (4.8 MB). Loaded Objects now: 7890.
Memory consumption went from 154.3 MB to 149.5 MB.
Total: 14.144400 ms (FindLiveObjects: 0.834900 ms CreateObjectMapping: 0.847500 ms MarkObjects: 8.269300 ms  DeleteObjects: 4.190800 ms)

Prepare: number of updated asset objects reloaded= 0
========================================================================
Received Import Request.
  Time since last request: 10.732213 seconds.
  path: Assets/Prefabs/Turrets/Standard Turret.prefab
  artifactKey: Guid(0fabeecabe058844b825ce0fdc6ed719) Importer(815301076,1909f56bfc062723c751e8b465ee728b)
Start importing Assets/Prefabs/Turrets/Standard Turret.prefab using Guid(0fabeecabe058844b825ce0fdc6ed719) Importer(815301076,1909f56bfc062723c751e8b465ee728b) (PreviewImporter) -> (artifact id: 'e944b7e292cd7c4d28bc29f492bc1619') in 0.4237552 seconds
Number of updated asset objects reloaded before import = 0Number of asset objects unloaded after import = 43

========================================================================
Received Import Request.
  Time since last request: 0.681155 seconds.
  path: Assets/Prefabs/Turrets/Standard Turret.prefab
  artifactKey: Guid(0fabeecabe058844b825ce0fdc6ed719) Importer(815301076,1909f56bfc062723c751e8b465ee728b)
Start importing Assets/Prefabs/Turrets/Standard Turret.prefab using Guid(0fabeecabe058844b825ce0fdc6ed719) Importer(815301076,1909f56bfc062723c751e8b465ee728b) (PreviewImporter) -> (artifact id: '8d9e9389e8347ea408d9513d1c302fe9') in 0.0150259 seconds
Number of updated asset objects reloaded before import = 0Number of asset objects unloaded after import = 43

========================================================================
Received Prepare
Begin MonoManager ReloadAssembly
[Licensing::Client] Successfully resolved entitlement details
[Licensing::Module] License group:
  Id: F4-559Z-ESNU-EWRH-PCGX-XXXX
  Product: Unity Personal
  Type: ULF
  Expiration: Unlimited
[Licensing::Module] License group:
  Id: 5773053068775-UnityPersXXXX
  Product: Unity Personal
  Type: Assigned
  Expiration: Unlimited
- Loaded All Assemblies, in  0.988 seconds
Refreshing native plugins compatible for Editor in 1.35 ms, found 4 plugins.
Native extension for WindowsStandalone target not found
[Package Manager] Failed to launch server process. Reason: Unity was launched with the -noUpm command-line argument
[Package Manager] Unable to send message (not connected to server process).
[Package Manager] Cannot connect to Unity Package Manager local server
Mono: successfully reloaded assembly
- Finished resetting the current domain, in  1.145 seconds
Domain Reload Profiling: 2132ms
	BeginReloadAssembly (283ms)
		ExecutionOrderSort (0ms)
		DisableScriptedObjects (33ms)
		BackupInstance (0ms)
		ReleaseScriptingObjects (0ms)
		CreateAndSetChildDomain (67ms)
	RebuildCommonClasses (45ms)
	RebuildNativeTypeToScriptingClass (12ms)
	initialDomainReloadingComplete (31ms)
	LoadAllAssembliesAndSetupDomain (614ms)
		LoadAssemblies (441ms)
		RebuildTransferFunctionScriptingTraits (0ms)
		AnalyzeDomain (281ms)
			TypeCache.Refresh (7ms)
				TypeCache.ScanAssembly (0ms)
			BuildScriptInfoCaches (258ms)
			ResolveRequiredComponents (12ms)
	FinalizeReload (1146ms)
		ReleaseScriptCaches (0ms)
		RebuildScriptCaches (0ms)
		SetupLoadedEditorAssemblies (932ms)
			LogAssemblyErrors (0ms)
			InitializePlatformSupportModulesInManaged (3ms)
			SetLoadedEditorAssemblies (5ms)
			BeforeProcessingInitializeOnLoad (160ms)
			ProcessInitializeOnLoadAttributes (609ms)
			ProcessInitializeOnLoadMethodAttributes (149ms)
			AfterProcessingInitializeOnLoad (6ms)
			EditorAssembliesLoaded (0ms)
		ExecutionOrderSort2 (0ms)
		AwakeInstancesAfterBackupRestoration (30ms)
Refreshing native plugins compatible for Editor in 2.74 ms, found 4 plugins.
Preloading 0 native plugins for Editor in 0.00 ms.
Unloading 13 Unused Serialized files (Serialized files now loaded: 0)
Unloading 6764 unused Assets / (4.4 MB). Loaded Objects now: 7913.
Memory consumption went from 154.4 MB to 150.0 MB.
Total: 12.567800 ms (FindLiveObjects: 0.819700 ms CreateObjectMapping: 0.790900 ms MarkObjects: 7.427200 ms  DeleteObjects: 3.527800 ms)

Prepare: number of updated asset objects reloaded= 0
========================================================================
Received Import Request.
  Time since last request: 65.939120 seconds.
  path: Assets/Prefabs/Turrets/Standard Turret.prefab
  artifactKey: Guid(0fabeecabe058844b825ce0fdc6ed719) Importer(815301076,1909f56bfc062723c751e8b465ee728b)
Start importing Assets/Prefabs/Turrets/Standard Turret.prefab using Guid(0fabeecabe058844b825ce0fdc6ed719) Importer(815301076,1909f56bfc062723c751e8b465ee728b) (PreviewImporter) -> (artifact id: '7c858a1e3862cf9f3860bb1d6a090d0d') in 0.47923 seconds
Number of updated asset objects reloaded before import = 0Number of asset objects unloaded after import = 43

========================================================================
Received Prepare
Refreshing native plugins compatible for Editor in 2.71 ms, found 4 plugins.
Preloading 0 native plugins for Editor in 0.00 ms.
Unloading 13 Unused Serialized files (Serialized files now loaded: 0)
Unloading 6754 unused Assets / (5.8 MB). Loaded Objects now: 8037.
Memory consumption went from 155.0 MB to 149.3 MB.
Total: 23.074300 ms (FindLiveObjects: 0.852000 ms CreateObjectMapping: 0.994800 ms MarkObjects: 13.711200 ms  DeleteObjects: 7.514600 ms)

Prepare: number of updated asset objects reloaded= 0
========================================================================
Received Import Request.
  Time since last request: 62.060058 seconds.
  path: Assets/Prefabs/Turrets/Standard Turret.prefab
  artifactKey: Guid(0fabeecabe058844b825ce0fdc6ed719) Importer(815301076,1909f56bfc062723c751e8b465ee728b)
Start importing Assets/Prefabs/Turrets/Standard Turret.prefab using Guid(0fabeecabe058844b825ce0fdc6ed719) Importer(815301076,1909f56bfc062723c751e8b465ee728b) (PreviewImporter) -> (artifact id: '781b09cfff8a0f9dc896ca28fba90918') in 0.019023 seconds
Number of updated asset objects reloaded before import = 0Number of asset objects unloaded after import = 43

========================================================================
Received Prepare
Begin MonoManager ReloadAssembly
[Licensing::Client] Successfully resolved entitlement details
[Licensing::Module] License group:
  Id: F4-559Z-ESNU-EWRH-PCGX-XXXX
  Product: Unity Personal
  Type: ULF
  Expiration: Unlimited
[Licensing::Module] License group:
  Id: 5773053068775-UnityPersXXXX
  Product: Unity Personal
  Type: Assigned
  Expiration: Unlimited
- Loaded All Assemblies, in  0.900 seconds
Refreshing native plugins compatible for Editor in 2.43 ms, found 4 plugins.
Native extension for WindowsStandalone target not found
[Package Manager] Failed to launch server process. Reason: Unity was launched with the -noUpm command-line argument
[Package Manager] Unable to send message (not connected to server process).
[Package Manager] Cannot connect to Unity Package Manager local server
Mono: successfully reloaded assembly
- Finished resetting the current domain, in  0.895 seconds
Domain Reload Profiling: 1795ms
	BeginReloadAssembly (255ms)
		ExecutionOrderSort (0ms)
		DisableScriptedObjects (25ms)
		BackupInstance (0ms)
		ReleaseScriptingObjects (0ms)
		CreateAndSetChildDomain (65ms)
	RebuildCommonClasses (36ms)
	RebuildNativeTypeToScriptingClass (16ms)
	initialDomainReloadingComplete (34ms)
	LoadAllAssembliesAndSetupDomain (558ms)
		LoadAssemblies (387ms)
		RebuildTransferFunctionScriptingTraits (0ms)
		AnalyzeDomain (268ms)
			TypeCache.Refresh (10ms)
				TypeCache.ScanAssembly (0ms)
			BuildScriptInfoCaches (237ms)
			ResolveRequiredComponents (15ms)
	FinalizeReload (895ms)
		ReleaseScriptCaches (0ms)
		RebuildScriptCaches (0ms)
		SetupLoadedEditorAssemblies (690ms)
			LogAssemblyErrors (0ms)
			InitializePlatformSupportModulesInManaged (3ms)
			SetLoadedEditorAssemblies (6ms)
			BeforeProcessingInitializeOnLoad (132ms)
			ProcessInitializeOnLoadAttributes (486ms)
			ProcessInitializeOnLoadMethodAttributes (59ms)
			AfterProcessingInitializeOnLoad (4ms)
			EditorAssembliesLoaded (0ms)
		ExecutionOrderSort2 (0ms)
		AwakeInstancesAfterBackupRestoration (17ms)
Refreshing native plugins compatible for Editor in 1.52 ms, found 4 plugins.
Preloading 0 native plugins for Editor in 0.00 ms.
Unloading 13 Unused Serialized files (Serialized files now loaded: 0)
Unloading 6764 unused Assets / (4.6 MB). Loaded Objects now: 7936.
Memory consumption went from 154.4 MB to 149.8 MB.
Total: 7.926100 ms (FindLiveObjects: 0.547200 ms CreateObjectMapping: 0.474000 ms MarkObjects: 4.611000 ms  DeleteObjects: 2.292500 ms)

Prepare: number of updated asset objects reloaded= 0
========================================================================
Received Prepare
Begin MonoManager ReloadAssembly
- Loaded All Assemblies, in  0.842 seconds
Refreshing native plugins compatible for Editor in 3.07 ms, found 4 plugins.
Native extension for WindowsStandalone target not found
[Package Manager] Failed to launch server process. Reason: Unity was launched with the -noUpm command-line argument
[Package Manager] Unable to send message (not connected to server process).
[Package Manager] Cannot connect to Unity Package Manager local server
Mono: successfully reloaded assembly
- Finished resetting the current domain, in  0.951 seconds
Domain Reload Profiling: 1791ms
	BeginReloadAssembly (216ms)
		ExecutionOrderSort (0ms)
		DisableScriptedObjects (15ms)
		BackupInstance (0ms)
		ReleaseScriptingObjects (0ms)
		CreateAndSetChildDomain (46ms)
	RebuildCommonClasses (38ms)
	RebuildNativeTypeToScriptingClass (12ms)
	initialDomainReloadingComplete (32ms)
	LoadAllAssembliesAndSetupDomain (543ms)
		LoadAssemblies (385ms)
		RebuildTransferFunctionScriptingTraits (0ms)
		AnalyzeDomain (251ms)
			TypeCache.Refresh (7ms)
				TypeCache.ScanAssembly (0ms)
			BuildScriptInfoCaches (228ms)
			ResolveRequiredComponents (12ms)
	FinalizeReload (952ms)
		ReleaseScriptCaches (0ms)
		RebuildScriptCaches (0ms)
		SetupLoadedEditorAssemblies (776ms)
			LogAssemblyErrors (0ms)
			InitializePlatformSupportModulesInManaged (3ms)
			SetLoadedEditorAssemblies (5ms)
			BeforeProcessingInitializeOnLoad (145ms)
			ProcessInitializeOnLoadAttributes (547ms)
			ProcessInitializeOnLoadMethodAttributes (70ms)
			AfterProcessingInitializeOnLoad (6ms)
			EditorAssembliesLoaded (0ms)
		ExecutionOrderSort2 (0ms)
		AwakeInstancesAfterBackupRestoration (22ms)
Refreshing native plugins compatible for Editor in 2.12 ms, found 4 plugins.
Preloading 0 native plugins for Editor in 0.00 ms.
Unloading 13 Unused Serialized files (Serialized files now loaded: 0)
Unloading 6764 unused Assets / (4.5 MB). Loaded Objects now: 7939.
Memory consumption went from 154.3 MB to 149.9 MB.
Total: 9.119300 ms (FindLiveObjects: 0.868000 ms CreateObjectMapping: 0.786400 ms MarkObjects: 5.157400 ms  DeleteObjects: 2.306000 ms)

Prepare: number of updated asset objects reloaded= 0
========================================================================
Received Prepare
Refreshing native plugins compatible for Editor in 2.27 ms, found 4 plugins.
Preloading 0 native plugins for Editor in 0.00 ms.
Unloading 13 Unused Serialized files (Serialized files now loaded: 0)
Unloading 6754 unused Assets / (5.0 MB). Loaded Objects now: 7939.
Memory consumption went from 154.5 MB to 149.5 MB.
Total: 16.112100 ms (FindLiveObjects: 0.714900 ms CreateObjectMapping: 0.758800 ms MarkObjects: 9.864600 ms  DeleteObjects: 4.772000 ms)

Prepare: number of updated asset objects reloaded= 0
========================================================================
Received Import Request.
  Time since last request: 65.502965 seconds.
  path: Assets/Prefabs/Turrets/Standard Turret.prefab
  artifactKey: Guid(0fabeecabe058844b825ce0fdc6ed719) Importer(815301076,1909f56bfc062723c751e8b465ee728b)
Start importing Assets/Prefabs/Turrets/Standard Turret.prefab using Guid(0fabeecabe058844b825ce0fdc6ed719) Importer(815301076,1909f56bfc062723c751e8b465ee728b) (PreviewImporter) -> (artifact id: 'b164a7bf6fffe078cf81ba2ec536ae30') in 0.6231888 seconds
Number of updated asset objects reloaded before import = 0Number of asset objects unloaded after import = 43

========================================================================
Received Prepare
Begin MonoManager ReloadAssembly
[Licensing::Client] Successfully resolved entitlement details
[Licensing::Module] License group:
  Id: F4-559Z-ESNU-EWRH-PCGX-XXXX
  Product: Unity Personal
  Type: ULF
  Expiration: Unlimited
[Licensing::Module] License group:
  Id: 5773053068775-UnityPersXXXX
  Product: Unity Personal
  Type: Assigned
  Expiration: Unlimited
- Loaded All Assemblies, in  0.899 seconds
Refreshing native plugins compatible for Editor in 2.22 ms, found 4 plugins.
Native extension for WindowsStandalone target not found
[Package Manager] Failed to launch server process. Reason: Unity was launched with the -noUpm command-line argument
[Package Manager] Unable to send message (not connected to server process).
[Package Manager] Cannot connect to Unity Package Manager local server
Mono: successfully reloaded assembly
- Finished resetting the current domain, in  0.971 seconds
Domain Reload Profiling: 1869ms
	BeginReloadAssembly (268ms)
		ExecutionOrderSort (0ms)
		DisableScriptedObjects (29ms)
		BackupInstance (0ms)
		ReleaseScriptingObjects (0ms)
		CreateAndSetChildDomain (69ms)
	RebuildCommonClasses (38ms)
	RebuildNativeTypeToScriptingClass (17ms)
	initialDomainReloadingComplete (31ms)
	LoadAllAssembliesAndSetupDomain (545ms)
		LoadAssemblies (392ms)
		RebuildTransferFunctionScriptingTraits (0ms)
		AnalyzeDomain (257ms)
			TypeCache.Refresh (12ms)
				TypeCache.ScanAssembly (0ms)
			BuildScriptInfoCaches (226ms)
			ResolveRequiredComponents (13ms)
	FinalizeReload (972ms)
		ReleaseScriptCaches (0ms)
		RebuildScriptCaches (0ms)
		SetupLoadedEditorAssemblies (787ms)
			LogAssemblyErrors (0ms)
			InitializePlatformSupportModulesInManaged (3ms)
			SetLoadedEditorAssemblies (5ms)
			BeforeProcessingInitializeOnLoad (141ms)
			ProcessInitializeOnLoadAttributes (563ms)
			ProcessInitializeOnLoadMethodAttributes (70ms)
			AfterProcessingInitializeOnLoad (5ms)
			EditorAssembliesLoaded (0ms)
		ExecutionOrderSort2 (0ms)
		AwakeInstancesAfterBackupRestoration (25ms)
Refreshing native plugins compatible for Editor in 1.97 ms, found 4 plugins.
Preloading 0 native plugins for Editor in 0.00 ms.
Unloading 13 Unused Serialized files (Serialized files now loaded: 0)
Unloading 6764 unused Assets / (4.9 MB). Loaded Objects now: 7962.
Memory consumption went from 154.5 MB to 149.7 MB.
Total: 11.345200 ms (FindLiveObjects: 0.982600 ms CreateObjectMapping: 0.815600 ms MarkObjects: 6.474800 ms  DeleteObjects: 3.070600 ms)

Prepare: number of updated asset objects reloaded= 0
========================================================================
Received Import Request.
  Time since last request: 6.331819 seconds.
  path: Assets/Prefabs/Turrets/Electric Turret.prefab
  artifactKey: Guid(aae537c2f92013746a402db5116df460) Importer(815301076,1909f56bfc062723c751e8b465ee728b)
Start importing Assets/Prefabs/Turrets/Electric Turret.prefab using Guid(aae537c2f92013746a402db5116df460) Importer(815301076,1909f56bfc062723c751e8b465ee728b) (PreviewImporter) -> (artifact id: '176459110b3360286d1d2b1af7dc78a4') in 0.4427948 seconds
Number of updated asset objects reloaded before import = 0Number of asset objects unloaded after import = 19

========================================================================
Received Prepare
Begin MonoManager ReloadAssembly
- Loaded All Assemblies, in  0.854 seconds
Refreshing native plugins compatible for Editor in 1.97 ms, found 4 plugins.
Native extension for WindowsStandalone target not found
[Package Manager] Failed to launch server process. Reason: Unity was launched with the -noUpm command-line argument
[Package Manager] Unable to send message (not connected to server process).
[Package Manager] Cannot connect to Unity Package Manager local server
Mono: successfully reloaded assembly
- Finished resetting the current domain, in  0.970 seconds
Domain Reload Profiling: 1821ms
	BeginReloadAssembly (251ms)
		ExecutionOrderSort (0ms)
		DisableScriptedObjects (29ms)
		BackupInstance (0ms)
		ReleaseScriptingObjects (0ms)
		CreateAndSetChildDomain (58ms)
	RebuildCommonClasses (33ms)
	RebuildNativeTypeToScriptingClass (14ms)
	initialDomainReloadingComplete (28ms)
	LoadAllAssembliesAndSetupDomain (525ms)
		LoadAssemblies (382ms)
		RebuildTransferFunctionScriptingTraits (0ms)
		AnalyzeDomain (242ms)
			TypeCache.Refresh (7ms)
				TypeCache.ScanAssembly (0ms)
			BuildScriptInfoCaches (217ms)
			ResolveRequiredComponents (13ms)
	FinalizeReload (970ms)
		ReleaseScriptCaches (0ms)
		RebuildScriptCaches (0ms)
		SetupLoadedEditorAssemblies (785ms)
			LogAssemblyErrors (0ms)
			InitializePlatformSupportModulesInManaged (3ms)
			SetLoadedEditorAssemblies (5ms)
			BeforeProcessingInitializeOnLoad (134ms)
			ProcessInitializeOnLoadAttributes (568ms)
			ProcessInitializeOnLoadMethodAttributes (68ms)
			AfterProcessingInitializeOnLoad (6ms)
			EditorAssembliesLoaded (0ms)
		ExecutionOrderSort2 (0ms)
		AwakeInstancesAfterBackupRestoration (22ms)
Refreshing native plugins compatible for Editor in 1.97 ms, found 4 plugins.
Preloading 0 native plugins for Editor in 0.00 ms.
Unloading 13 Unused Serialized files (Serialized files now loaded: 0)
Unloading 6764 unused Assets / (4.3 MB). Loaded Objects now: 7985.
Memory consumption went from 154.6 MB to 150.3 MB.
Total: 10.876100 ms (FindLiveObjects: 1.129600 ms CreateObjectMapping: 0.988100 ms MarkObjects: 6.179100 ms  DeleteObjects: 2.578000 ms)

Prepare: number of updated asset objects reloaded= 0
========================================================================
Received Import Request.
  Time since last request: 21.277673 seconds.
  path: Assets/Prefabs/Turrets/Standard Turret.prefab
  artifactKey: Guid(0fabeecabe058844b825ce0fdc6ed719) Importer(815301076,1909f56bfc062723c751e8b465ee728b)
Start importing Assets/Prefabs/Turrets/Standard Turret.prefab using Guid(0fabeecabe058844b825ce0fdc6ed719) Importer(815301076,1909f56bfc062723c751e8b465ee728b) (PreviewImporter) -> (artifact id: 'b72fb6c978f5cd59d82ce877e442fe23') in 0.4172203 seconds
Number of updated asset objects reloaded before import = 0Number of asset objects unloaded after import = 43

========================================================================
Received Prepare
Refreshing native plugins compatible for Editor in 2.84 ms, found 4 plugins.
Preloading 0 native plugins for Editor in 0.00 ms.
Unloading 13 Unused Serialized files (Serialized files now loaded: 0)
Unloading 6754 unused Assets / (4.7 MB). Loaded Objects now: 8109.
Memory consumption went from 155.2 MB to 150.5 MB.
Total: 15.575100 ms (FindLiveObjects: 1.547200 ms CreateObjectMapping: 1.347000 ms MarkObjects: 9.310100 ms  DeleteObjects: 3.369100 ms)

Prepare: number of updated asset objects reloaded= 0
========================================================================
Received Import Request.
  Time since last request: 35.028680 seconds.
  path: Assets/Prefabs/Turrets/Standard Turret.prefab
  artifactKey: Guid(0fabeecabe058844b825ce0fdc6ed719) Importer(815301076,1909f56bfc062723c751e8b465ee728b)
Start importing Assets/Prefabs/Turrets/Standard Turret.prefab using Guid(0fabeecabe058844b825ce0fdc6ed719) Importer(815301076,1909f56bfc062723c751e8b465ee728b) (PreviewImporter) -> (artifact id: '63a3e36bb437eeb73edf452cd5e1ff0b') in 0.0534199 seconds
Number of updated asset objects reloaded before import = 0Number of asset objects unloaded after import = 43

========================================================================
Received Import Request.
  Time since last request: 0.000029 seconds.
  path: Assets/Prefabs/Turrets/Electric Turret.prefab
  artifactKey: Guid(aae537c2f92013746a402db5116df460) Importer(815301076,1909f56bfc062723c751e8b465ee728b)
Start importing Assets/Prefabs/Turrets/Electric Turret.prefab using Guid(aae537c2f92013746a402db5116df460) Importer(815301076,1909f56bfc062723c751e8b465ee728b) (PreviewImporter) -> (artifact id: '489e627901550a4a4255808a3bda5749') in 0.021272 seconds
Number of updated asset objects reloaded before import = 0Number of asset objects unloaded after import = 19

========================================================================
Received Import Request.
  Time since last request: 0.000025 seconds.
  path: Assets/Prefabs/Turrets/Fire Turret.prefab
  artifactKey: Guid(435c9623361906945a6126111a2a041d) Importer(815301076,1909f56bfc062723c751e8b465ee728b)
Start importing Assets/Prefabs/Turrets/Fire Turret.prefab using Guid(435c9623361906945a6126111a2a041d) Importer(815301076,1909f56bfc062723c751e8b465ee728b) (PreviewImporter) -> (artifact id: '0947f62d54bdd7f0365958fdef0d74ae') in 0.0244826 seconds
Number of updated asset objects reloaded before import = 0Number of asset objects unloaded after import = 26

========================================================================
Received Prepare
Begin MonoManager ReloadAssembly
[Licensing::Client] Successfully resolved entitlement details
[Licensing::Module] License group:
  Id: F4-559Z-ESNU-EWRH-PCGX-XXXX
  Product: Unity Personal
  Type: ULF
  Expiration: Unlimited
[Licensing::Module] License group:
  Id: 5773053068775-UnityPersXXXX
  Product: Unity Personal
  Type: Assigned
  Expiration: Unlimited
- Loaded All Assemblies, in  0.972 seconds
Refreshing native plugins compatible for Editor in 2.06 ms, found 4 plugins.
Native extension for WindowsStandalone target not found
[Package Manager] Failed to launch server process. Reason: Unity was launched with the -noUpm command-line argument
[Package Manager] Unable to send message (not connected to server process).
[Package Manager] Cannot connect to Unity Package Manager local server
Mono: successfully reloaded assembly
- Finished resetting the current domain, in  0.933 seconds
Domain Reload Profiling: 1904ms
	BeginReloadAssembly (278ms)
		ExecutionOrderSort (0ms)
		DisableScriptedObjects (32ms)
		BackupInstance (0ms)
		ReleaseScriptingObjects (0ms)
		CreateAndSetChildDomain (70ms)
	RebuildCommonClasses (36ms)
	RebuildNativeTypeToScriptingClass (11ms)
	initialDomainReloadingComplete (30ms)
	LoadAllAssembliesAndSetupDomain (616ms)
		LoadAssemblies (410ms)
		RebuildTransferFunctionScriptingTraits (0ms)
		AnalyzeDomain (308ms)
			TypeCache.Refresh (13ms)
				TypeCache.ScanAssembly (0ms)
			BuildScriptInfoCaches (274ms)
			ResolveRequiredComponents (16ms)
	FinalizeReload (933ms)
		ReleaseScriptCaches (0ms)
		RebuildScriptCaches (0ms)
		SetupLoadedEditorAssemblies (739ms)
			LogAssemblyErrors (0ms)
			InitializePlatformSupportModulesInManaged (2ms)
			SetLoadedEditorAssemblies (5ms)
			BeforeProcessingInitializeOnLoad (140ms)
			ProcessInitializeOnLoadAttributes (518ms)
			ProcessInitializeOnLoadMethodAttributes (69ms)
			AfterProcessingInitializeOnLoad (4ms)
			EditorAssembliesLoaded (0ms)
		ExecutionOrderSort2 (0ms)
		AwakeInstancesAfterBackupRestoration (22ms)
Refreshing native plugins compatible for Editor in 2.75 ms, found 4 plugins.
Preloading 0 native plugins for Editor in 0.00 ms.
Unloading 13 Unused Serialized files (Serialized files now loaded: 0)
Unloading 6764 unused Assets / (4.7 MB). Loaded Objects now: 8008.
Memory consumption went from 154.6 MB to 150.0 MB.
Total: 9.749900 ms (FindLiveObjects: 0.851700 ms CreateObjectMapping: 0.758700 ms MarkObjects: 5.289300 ms  DeleteObjects: 2.849000 ms)

Prepare: number of updated asset objects reloaded= 0
========================================================================
Received Prepare
Begin MonoManager ReloadAssembly
- Loaded All Assemblies, in  0.827 seconds
Refreshing native plugins compatible for Editor in 2.42 ms, found 4 plugins.
Native extension for WindowsStandalone target not found
[Package Manager] Failed to launch server process. Reason: Unity was launched with the -noUpm command-line argument
[Package Manager] Unable to send message (not connected to server process).
[Package Manager] Cannot connect to Unity Package Manager local server
Mono: successfully reloaded assembly
- Finished resetting the current domain, in  0.917 seconds
Domain Reload Profiling: 1743ms
	BeginReloadAssembly (220ms)
		ExecutionOrderSort (0ms)
		DisableScriptedObjects (15ms)
		BackupInstance (0ms)
		ReleaseScriptingObjects (0ms)
		CreateAndSetChildDomain (42ms)
	RebuildCommonClasses (39ms)
	RebuildNativeTypeToScriptingClass (11ms)
	initialDomainReloadingComplete (29ms)
	LoadAllAssembliesAndSetupDomain (526ms)
		LoadAssemblies (380ms)
		RebuildTransferFunctionScriptingTraits (0ms)
		AnalyzeDomain (246ms)
			TypeCache.Refresh (8ms)
				TypeCache.ScanAssembly (0ms)
			BuildScriptInfoCaches (218ms)
			ResolveRequiredComponents (14ms)
	FinalizeReload (918ms)
		ReleaseScriptCaches (0ms)
		RebuildScriptCaches (0ms)
		SetupLoadedEditorAssemblies (733ms)
			LogAssemblyErrors (0ms)
			InitializePlatformSupportModulesInManaged (2ms)
			SetLoadedEditorAssemblies (5ms)
			BeforeProcessingInitializeOnLoad (134ms)
			ProcessInitializeOnLoadAttributes (515ms)
			ProcessInitializeOnLoadMethodAttributes (71ms)
			AfterProcessingInitializeOnLoad (5ms)
			EditorAssembliesLoaded (0ms)
		ExecutionOrderSort2 (0ms)
		AwakeInstancesAfterBackupRestoration (27ms)
Refreshing native plugins compatible for Editor in 1.92 ms, found 4 plugins.
Preloading 0 native plugins for Editor in 0.00 ms.
Unloading 13 Unused Serialized files (Serialized files now loaded: 0)
Unloading 6764 unused Assets / (4.6 MB). Loaded Objects now: 8011.
Memory consumption went from 154.5 MB to 149.9 MB.
Total: 11.529100 ms (FindLiveObjects: 0.749700 ms CreateObjectMapping: 0.853900 ms MarkObjects: 6.659500 ms  DeleteObjects: 3.264100 ms)

Prepare: number of updated asset objects reloaded= 0
========================================================================
Received Import Request.
  Time since last request: 28.101684 seconds.
  path: Assets/Prefabs/Turrets/Standard Turret.prefab
  artifactKey: Guid(0fabeecabe058844b825ce0fdc6ed719) Importer(815301076,1909f56bfc062723c751e8b465ee728b)
Start importing Assets/Prefabs/Turrets/Standard Turret.prefab using Guid(0fabeecabe058844b825ce0fdc6ed719) Importer(815301076,1909f56bfc062723c751e8b465ee728b) (PreviewImporter) -> (artifact id: '526ce6250b9ba05d405c5a132de6649a') in 0.4381686 seconds
Number of updated asset objects reloaded before import = 0Number of asset objects unloaded after import = 43

========================================================================
Received Prepare
Refreshing native plugins compatible for Editor in 1.57 ms, found 4 plugins.
Preloading 0 native plugins for Editor in 0.00 ms.
Unloading 13 Unused Serialized files (Serialized files now loaded: 0)
Unloading 6754 unused Assets / (5.1 MB). Loaded Objects now: 8135.
Memory consumption went from 155.3 MB to 150.2 MB.
Total: 11.925300 ms (FindLiveObjects: 0.695000 ms CreateObjectMapping: 0.581000 ms MarkObjects: 7.397400 ms  DeleteObjects: 3.250400 ms)

Prepare: number of updated asset objects reloaded= 0
========================================================================
Received Import Request.
  Time since last request: 34.500270 seconds.
  path: Assets/Prefabs/Turrets/Standard Turret.prefab
  artifactKey: Guid(0fabeecabe058844b825ce0fdc6ed719) Importer(815301076,1909f56bfc062723c751e8b465ee728b)
Start importing Assets/Prefabs/Turrets/Standard Turret.prefab using Guid(0fabeecabe058844b825ce0fdc6ed719) Importer(815301076,1909f56bfc062723c751e8b465ee728b) (PreviewImporter) -> (artifact id: 'f40ac146f5fba07824edd1826a1f75df') in 0.0192775 seconds
Number of updated asset objects reloaded before import = 0Number of asset objects unloaded after import = 43

========================================================================
Received Import Request.
  Time since last request: 0.000021 seconds.
  path: Assets/Prefabs/Turrets/Electric Turret.prefab
  artifactKey: Guid(aae537c2f92013746a402db5116df460) Importer(815301076,1909f56bfc062723c751e8b465ee728b)
Start importing Assets/Prefabs/Turrets/Electric Turret.prefab using Guid(aae537c2f92013746a402db5116df460) Importer(815301076,1909f56bfc062723c751e8b465ee728b) (PreviewImporter) -> (artifact id: '690bc72d39593141e2dd8b055ecc1702') in 0.0254779 seconds
Number of updated asset objects reloaded before import = 0Number of asset objects unloaded after import = 19

========================================================================
Received Import Request.
  Time since last request: 0.000022 seconds.
  path: Assets/Prefabs/Turrets/Fire Turret.prefab
  artifactKey: Guid(435c9623361906945a6126111a2a041d) Importer(815301076,1909f56bfc062723c751e8b465ee728b)
Start importing Assets/Prefabs/Turrets/Fire Turret.prefab using Guid(435c9623361906945a6126111a2a041d) Importer(815301076,1909f56bfc062723c751e8b465ee728b) (PreviewImporter) -> (artifact id: 'cd86a09c3687ebb05a17436f07ca084a') in 0.0133341 seconds
Number of updated asset objects reloaded before import = 0Number of asset objects unloaded after import = 26

========================================================================
Received Prepare
Begin MonoManager ReloadAssembly
[Licensing::Client] Successfully resolved entitlement details
[Licensing::Module] License group:
  Id: F4-559Z-ESNU-EWRH-PCGX-XXXX
  Product: Unity Personal
  Type: ULF
  Expiration: Unlimited
[Licensing::Module] License group:
  Id: 5773053068775-UnityPersXXXX
  Product: Unity Personal
  Type: Assigned
  Expiration: Unlimited
- Loaded All Assemblies, in  0.924 seconds
Refreshing native plugins compatible for Editor in 2.18 ms, found 4 plugins.
Native extension for WindowsStandalone target not found
[Package Manager] Failed to launch server process. Reason: Unity was launched with the -noUpm command-line argument
[Package Manager] Unable to send message (not connected to server process).
[Package Manager] Cannot connect to Unity Package Manager local server
Mono: successfully reloaded assembly
- Finished resetting the current domain, in  0.994 seconds
Domain Reload Profiling: 1917ms
	BeginReloadAssembly (247ms)
		ExecutionOrderSort (0ms)
		DisableScriptedObjects (35ms)
		BackupInstance (0ms)
		ReleaseScriptingObjects (0ms)
		CreateAndSetChildDomain (49ms)
	RebuildCommonClasses (34ms)
	RebuildNativeTypeToScriptingClass (13ms)
	initialDomainReloadingComplete (34ms)
	LoadAllAssembliesAndSetupDomain (593ms)
		LoadAssemblies (403ms)
		RebuildTransferFunctionScriptingTraits (0ms)
		AnalyzeDomain (287ms)
			TypeCache.Refresh (12ms)
				TypeCache.ScanAssembly (1ms)
			BuildScriptInfoCaches (260ms)
			ResolveRequiredComponents (11ms)
	FinalizeReload (994ms)
		ReleaseScriptCaches (0ms)
		RebuildScriptCaches (0ms)
		SetupLoadedEditorAssemblies (804ms)
			LogAssemblyErrors (0ms)
			InitializePlatformSupportModulesInManaged (2ms)
			SetLoadedEditorAssemblies (5ms)
			BeforeProcessingInitializeOnLoad (148ms)
			ProcessInitializeOnLoadAttributes (580ms)
			ProcessInitializeOnLoadMethodAttributes (64ms)
			AfterProcessingInitializeOnLoad (5ms)
			EditorAssembliesLoaded (0ms)
		ExecutionOrderSort2 (0ms)
		AwakeInstancesAfterBackupRestoration (22ms)
Refreshing native plugins compatible for Editor in 2.51 ms, found 4 plugins.
Preloading 0 native plugins for Editor in 0.00 ms.
Unloading 13 Unused Serialized files (Serialized files now loaded: 0)
Unloading 6764 unused Assets / (4.4 MB). Loaded Objects now: 8034.
Memory consumption went from 154.7 MB to 150.3 MB.
Total: 10.612700 ms (FindLiveObjects: 0.831800 ms CreateObjectMapping: 1.234300 ms MarkObjects: 5.837000 ms  DeleteObjects: 2.707700 ms)

Prepare: number of updated asset objects reloaded= 0
========================================================================
Received Prepare
Begin MonoManager ReloadAssembly
- Loaded All Assemblies, in  1.032 seconds
Refreshing native plugins compatible for Editor in 2.20 ms, found 4 plugins.
Native extension for WindowsStandalone target not found
[Package Manager] Failed to launch server process. Reason: Unity was launched with the -noUpm command-line argument
[Package Manager] Unable to send message (not connected to server process).
[Package Manager] Cannot connect to Unity Package Manager local server
Mono: successfully reloaded assembly
- Finished resetting the current domain, in  1.110 seconds
Domain Reload Profiling: 2141ms
	BeginReloadAssembly (280ms)
		ExecutionOrderSort (0ms)
		DisableScriptedObjects (21ms)
		BackupInstance (0ms)
		ReleaseScriptingObjects (0ms)
		CreateAndSetChildDomain (64ms)
	RebuildCommonClasses (42ms)
	RebuildNativeTypeToScriptingClass (16ms)
	initialDomainReloadingComplete (37ms)
	LoadAllAssembliesAndSetupDomain (656ms)
		LoadAssemblies (480ms)
		RebuildTransferFunctionScriptingTraits (0ms)
		AnalyzeDomain (289ms)
			TypeCache.Refresh (7ms)
				TypeCache.ScanAssembly (0ms)
			BuildScriptInfoCaches (265ms)
			ResolveRequiredComponents (11ms)
	FinalizeReload (1110ms)
		ReleaseScriptCaches (0ms)
		RebuildScriptCaches (0ms)
		SetupLoadedEditorAssemblies (895ms)
			LogAssemblyErrors (0ms)
			InitializePlatformSupportModulesInManaged (3ms)
			SetLoadedEditorAssemblies (6ms)
			BeforeProcessingInitializeOnLoad (175ms)
			ProcessInitializeOnLoadAttributes (633ms)
			ProcessInitializeOnLoadMethodAttributes (73ms)
			AfterProcessingInitializeOnLoad (5ms)
			EditorAssembliesLoaded (0ms)
		ExecutionOrderSort2 (0ms)
		AwakeInstancesAfterBackupRestoration (24ms)
Refreshing native plugins compatible for Editor in 2.34 ms, found 4 plugins.
Preloading 0 native plugins for Editor in 0.00 ms.
Unloading 13 Unused Serialized files (Serialized files now loaded: 0)
Unloading 6764 unused Assets / (4.2 MB). Loaded Objects now: 8037.
Memory consumption went from 154.6 MB to 150.4 MB.
Total: 9.488300 ms (FindLiveObjects: 0.648900 ms CreateObjectMapping: 0.524900 ms MarkObjects: 6.026000 ms  DeleteObjects: 2.287300 ms)

Prepare: number of updated asset objects reloaded= 0
========================================================================
Received Prepare
Refreshing native plugins compatible for Editor in 2.53 ms, found 4 plugins.
Preloading 0 native plugins for Editor in 0.00 ms.
Unloading 13 Unused Serialized files (Serialized files now loaded: 0)
Unloading 6754 unused Assets / (4.9 MB). Loaded Objects now: 8037.
Memory consumption went from 154.8 MB to 149.9 MB.
Total: 17.965200 ms (FindLiveObjects: 0.990400 ms CreateObjectMapping: 1.248800 ms MarkObjects: 11.480300 ms  DeleteObjects: 4.243600 ms)

Prepare: number of updated asset objects reloaded= 0
========================================================================
Received Import Request.
  Time since last request: 64.749126 seconds.
  path: Assets/Prefabs/Turrets/Water Turret.prefab
  artifactKey: Guid(f61b40d45c764da44a0c14549cd46ed7) Importer(815301076,1909f56bfc062723c751e8b465ee728b)
Start importing Assets/Prefabs/Turrets/Water Turret.prefab using Guid(f61b40d45c764da44a0c14549cd46ed7) Importer(815301076,1909f56bfc062723c751e8b465ee728b) (PreviewImporter) -> (artifact id: '8c833e2e8fd06d0b5cec2c4245645f32') in 1.1359683 seconds
Number of updated asset objects reloaded before import = 0Number of asset objects unloaded after import = 19

========================================================================
Received Prepare
Begin MonoManager ReloadAssembly
[Licensing::Client] Successfully resolved entitlement details
[Licensing::Module] License group:
  Id: F4-559Z-ESNU-EWRH-PCGX-XXXX
  Product: Unity Personal
  Type: ULF
  Expiration: Unlimited
[Licensing::Module] License group:
  Id: 5773053068775-UnityPersXXXX
  Product: Unity Personal
  Type: Assigned
  Expiration: Unlimited
- Loaded All Assemblies, in  1.220 seconds
Refreshing native plugins compatible for Editor in 2.35 ms, found 4 plugins.
Native extension for WindowsStandalone target not found
[Package Manager] Failed to launch server process. Reason: Unity was launched with the -noUpm command-line argument
[Package Manager] Unable to send message (not connected to server process).
[Package Manager] Cannot connect to Unity Package Manager local server
Mono: successfully reloaded assembly
- Finished resetting the current domain, in  1.464 seconds
Domain Reload Profiling: 2682ms
	BeginReloadAssembly (326ms)
		ExecutionOrderSort (0ms)
		DisableScriptedObjects (35ms)
		BackupInstance (0ms)
		ReleaseScriptingObjects (0ms)
		CreateAndSetChildDomain (82ms)
	RebuildCommonClasses (63ms)
	RebuildNativeTypeToScriptingClass (21ms)
	initialDomainReloadingComplete (45ms)
	LoadAllAssembliesAndSetupDomain (764ms)
		LoadAssemblies (616ms)
		RebuildTransferFunctionScriptingTraits (0ms)
		AnalyzeDomain (279ms)
			TypeCache.Refresh (12ms)
				TypeCache.ScanAssembly (1ms)
			BuildScriptInfoCaches (247ms)
			ResolveRequiredComponents (14ms)
	FinalizeReload (1464ms)
		ReleaseScriptCaches (0ms)
		RebuildScriptCaches (0ms)
		SetupLoadedEditorAssemblies (1201ms)
			LogAssemblyErrors (0ms)
			InitializePlatformSupportModulesInManaged (5ms)
			SetLoadedEditorAssemblies (6ms)
			BeforeProcessingInitializeOnLoad (201ms)
			ProcessInitializeOnLoadAttributes (914ms)
			ProcessInitializeOnLoadMethodAttributes (69ms)
			AfterProcessingInitializeOnLoad (5ms)
			EditorAssembliesLoaded (0ms)
		ExecutionOrderSort2 (0ms)
		AwakeInstancesAfterBackupRestoration (17ms)
Refreshing native plugins compatible for Editor in 2.21 ms, found 4 plugins.
Preloading 0 native plugins for Editor in 0.00 ms.
Unloading 13 Unused Serialized files (Serialized files now loaded: 0)
Unloading 6764 unused Assets / (4.5 MB). Loaded Objects now: 8060.
Memory consumption went from 154.8 MB to 150.3 MB.
Total: 9.488500 ms (FindLiveObjects: 0.715000 ms CreateObjectMapping: 0.569800 ms MarkObjects: 5.629700 ms  DeleteObjects: 2.572500 ms)

Prepare: number of updated asset objects reloaded= 0
========================================================================
Received Prepare
Begin MonoManager ReloadAssembly
- Loaded All Assemblies, in  0.828 seconds
Refreshing native plugins compatible for Editor in 1.86 ms, found 4 plugins.
Native extension for WindowsStandalone target not found
[Package Manager] Failed to launch server process. Reason: Unity was launched with the -noUpm command-line argument
[Package Manager] Unable to send message (not connected to server process).
[Package Manager] Cannot connect to Unity Package Manager local server
Mono: successfully reloaded assembly
- Finished resetting the current domain, in  0.945 seconds
Domain Reload Profiling: 1772ms
	BeginReloadAssembly (222ms)
		ExecutionOrderSort (0ms)
		DisableScriptedObjects (16ms)
		BackupInstance (0ms)
		ReleaseScriptingObjects (0ms)
		CreateAndSetChildDomain (48ms)
	RebuildCommonClasses (34ms)
	RebuildNativeTypeToScriptingClass (12ms)
	initialDomainReloadingComplete (32ms)
	LoadAllAssembliesAndSetupDomain (525ms)
		LoadAssemblies (368ms)
		RebuildTransferFunctionScriptingTraits (0ms)
		AnalyzeDomain (250ms)
			TypeCache.Refresh (7ms)
				TypeCache.ScanAssembly (0ms)
			BuildScriptInfoCaches (226ms)
			ResolveRequiredComponents (11ms)
	FinalizeReload (946ms)
		ReleaseScriptCaches (0ms)
		RebuildScriptCaches (0ms)
		SetupLoadedEditorAssemblies (767ms)
			LogAssemblyErrors (0ms)
			InitializePlatformSupportModulesInManaged (2ms)
			SetLoadedEditorAssemblies (4ms)
			BeforeProcessingInitializeOnLoad (128ms)
			ProcessInitializeOnLoadAttributes (558ms)
			ProcessInitializeOnLoadMethodAttributes (69ms)
			AfterProcessingInitializeOnLoad (5ms)
			EditorAssembliesLoaded (0ms)
		ExecutionOrderSort2 (0ms)
		AwakeInstancesAfterBackupRestoration (25ms)
Refreshing native plugins compatible for Editor in 1.78 ms, found 4 plugins.
Preloading 0 native plugins for Editor in 0.00 ms.
Unloading 13 Unused Serialized files (Serialized files now loaded: 0)
Unloading 6764 unused Assets / (4.5 MB). Loaded Objects now: 8063.
Memory consumption went from 154.7 MB to 150.2 MB.
Total: 8.077300 ms (FindLiveObjects: 0.606400 ms CreateObjectMapping: 0.504200 ms MarkObjects: 4.797000 ms  DeleteObjects: 2.168600 ms)

Prepare: number of updated asset objects reloaded= 0
========================================================================
Received Import Request.
  Time since last request: 13.172346 seconds.
  path: Assets/Prefabs/Turrets/Electric Turret.prefab
  artifactKey: Guid(aae537c2f92013746a402db5116df460) Importer(815301076,1909f56bfc062723c751e8b465ee728b)
Start importing Assets/Prefabs/Turrets/Electric Turret.prefab using Guid(aae537c2f92013746a402db5116df460) Importer(815301076,1909f56bfc062723c751e8b465ee728b) (PreviewImporter) -> (artifact id: '3cd00de3208afe2cee6f85827019713d') in 0.4284623 seconds
Number of updated asset objects reloaded before import = 0Number of asset objects unloaded after import = 19

========================================================================
Received Prepare
Refreshing native plugins compatible for Editor in 4.06 ms, found 4 plugins.
Preloading 0 native plugins for Editor in 0.00 ms.
Unloading 13 Unused Serialized files (Serialized files now loaded: 0)
Unloading 6754 unused Assets / (4.3 MB). Loaded Objects now: 8187.
Memory consumption went from 155.5 MB to 151.2 MB.
Total: 16.581100 ms (FindLiveObjects: 1.033400 ms CreateObjectMapping: 1.369100 ms MarkObjects: 10.234200 ms  DeleteObjects: 3.942700 ms)

Prepare: number of updated asset objects reloaded= 0
========================================================================
Received Import Request.
  Time since last request: 26.168253 seconds.
  path: Assets/Prefabs/Turrets/Standard Turret.prefab
  artifactKey: Guid(0fabeecabe058844b825ce0fdc6ed719) Importer(815301076,1909f56bfc062723c751e8b465ee728b)
Start importing Assets/Prefabs/Turrets/Standard Turret.prefab using Guid(0fabeecabe058844b825ce0fdc6ed719) Importer(815301076,1909f56bfc062723c751e8b465ee728b) (PreviewImporter) -> (artifact id: '33191ae2a4e35c08fc0bcd066f45bbc1') in 0.0474472 seconds
Number of updated asset objects reloaded before import = 0Number of asset objects unloaded after import = 43

========================================================================
Received Import Request.
  Time since last request: 0.000030 seconds.
  path: Assets/Prefabs/Turrets/Electric Turret.prefab
  artifactKey: Guid(aae537c2f92013746a402db5116df460) Importer(815301076,1909f56bfc062723c751e8b465ee728b)
Start importing Assets/Prefabs/Turrets/Electric Turret.prefab using Guid(aae537c2f92013746a402db5116df460) Importer(815301076,1909f56bfc062723c751e8b465ee728b) (PreviewImporter) -> (artifact id: '53d48ef174b1af4bacd5df5e41668dcc') in 0.0130599 seconds
Number of updated asset objects reloaded before import = 0Number of asset objects unloaded after import = 19

========================================================================
Received Prepare
Begin MonoManager ReloadAssembly
- Loaded All Assemblies, in  0.932 seconds
Refreshing native plugins compatible for Editor in 2.11 ms, found 4 plugins.
Native extension for WindowsStandalone target not found
[Package Manager] Failed to launch server process. Reason: Unity was launched with the -noUpm command-line argument
[Package Manager] Unable to send message (not connected to server process).
[Package Manager] Cannot connect to Unity Package Manager local server
Mono: successfully reloaded assembly
- Finished resetting the current domain, in  0.875 seconds
Domain Reload Profiling: 1810ms
	BeginReloadAssembly (257ms)
		ExecutionOrderSort (0ms)
		DisableScriptedObjects (28ms)
		BackupInstance (0ms)
		ReleaseScriptingObjects (0ms)
		CreateAndSetChildDomain (62ms)
	RebuildCommonClasses (38ms)
	RebuildNativeTypeToScriptingClass (13ms)
	initialDomainReloadingComplete (29ms)
	LoadAllAssembliesAndSetupDomain (597ms)
		LoadAssemblies (380ms)
		RebuildTransferFunctionScriptingTraits (0ms)
		AnalyzeDomain (311ms)
			TypeCache.Refresh (13ms)
				TypeCache.ScanAssembly (0ms)
			BuildScriptInfoCaches (276ms)
			ResolveRequiredComponents (14ms)
	FinalizeReload (876ms)
		ReleaseScriptCaches (0ms)
		RebuildScriptCaches (0ms)
		SetupLoadedEditorAssemblies (690ms)
			LogAssemblyErrors (0ms)
			InitializePlatformSupportModulesInManaged (3ms)
			SetLoadedEditorAssemblies (3ms)
			BeforeProcessingInitializeOnLoad (129ms)
			ProcessInitializeOnLoadAttributes (493ms)
			ProcessInitializeOnLoadMethodAttributes (56ms)
			AfterProcessingInitializeOnLoad (5ms)
			EditorAssembliesLoaded (0ms)
		ExecutionOrderSort2 (0ms)
		AwakeInstancesAfterBackupRestoration (24ms)
Refreshing native plugins compatible for Editor in 2.04 ms, found 4 plugins.
Preloading 0 native plugins for Editor in 0.00 ms.
Unloading 13 Unused Serialized files (Serialized files now loaded: 0)
Unloading 6764 unused Assets / (5.1 MB). Loaded Objects now: 8086.
Memory consumption went from 154.8 MB to 149.7 MB.
Total: 9.559900 ms (FindLiveObjects: 0.591400 ms CreateObjectMapping: 0.552700 ms MarkObjects: 5.465800 ms  DeleteObjects: 2.948400 ms)

Prepare: number of updated asset objects reloaded= 0
========================================================================
Received Prepare
Begin MonoManager ReloadAssembly
- Loaded All Assemblies, in  0.865 seconds
Refreshing native plugins compatible for Editor in 3.04 ms, found 4 plugins.
Native extension for WindowsStandalone target not found
[Package Manager] Failed to launch server process. Reason: Unity was launched with the -noUpm command-line argument
[Package Manager] Unable to send message (not connected to server process).
[Package Manager] Cannot connect to Unity Package Manager local server
Mono: successfully reloaded assembly
- Finished resetting the current domain, in  0.944 seconds
Domain Reload Profiling: 1807ms
	BeginReloadAssembly (230ms)
		ExecutionOrderSort (0ms)
		DisableScriptedObjects (17ms)
		BackupInstance (0ms)
		ReleaseScriptingObjects (0ms)
		CreateAndSetChildDomain (48ms)
	RebuildCommonClasses (40ms)
	RebuildNativeTypeToScriptingClass (14ms)
	initialDomainReloadingComplete (30ms)
	LoadAllAssembliesAndSetupDomain (548ms)
		LoadAssemblies (393ms)
		RebuildTransferFunctionScriptingTraits (0ms)
		AnalyzeDomain (255ms)
			TypeCache.Refresh (8ms)
				TypeCache.ScanAssembly (0ms)
			BuildScriptInfoCaches (231ms)
			ResolveRequiredComponents (11ms)
	FinalizeReload (944ms)
		ReleaseScriptCaches (0ms)
		RebuildScriptCaches (0ms)
		SetupLoadedEditorAssemblies (757ms)
			LogAssemblyErrors (0ms)
			InitializePlatformSupportModulesInManaged (3ms)
			SetLoadedEditorAssemblies (5ms)
			BeforeProcessingInitializeOnLoad (134ms)
			ProcessInitializeOnLoadAttributes (539ms)
			ProcessInitializeOnLoadMethodAttributes (72ms)
			AfterProcessingInitializeOnLoad (5ms)
			EditorAssembliesLoaded (0ms)
		ExecutionOrderSort2 (0ms)
		AwakeInstancesAfterBackupRestoration (21ms)
Refreshing native plugins compatible for Editor in 2.60 ms, found 4 plugins.
Preloading 0 native plugins for Editor in 0.00 ms.
Unloading 13 Unused Serialized files (Serialized files now loaded: 0)
Unloading 6764 unused Assets / (4.7 MB). Loaded Objects now: 8089.
Memory consumption went from 154.8 MB to 150.1 MB.
Total: 11.372300 ms (FindLiveObjects: 0.607300 ms CreateObjectMapping: 0.634800 ms MarkObjects: 6.417500 ms  DeleteObjects: 3.711400 ms)

Prepare: number of updated asset objects reloaded= 0
========================================================================
Received Prepare
Refreshing native plugins compatible for Editor in 1.84 ms, found 4 plugins.
Preloading 0 native plugins for Editor in 0.00 ms.
Unloading 13 Unused Serialized files (Serialized files now loaded: 0)
Unloading 6754 unused Assets / (4.4 MB). Loaded Objects now: 8089.
Memory consumption went from 154.9 MB to 150.6 MB.
Total: 10.382900 ms (FindLiveObjects: 0.661900 ms CreateObjectMapping: 1.079500 ms MarkObjects: 6.395100 ms  DeleteObjects: 2.244400 ms)

Prepare: number of updated asset objects reloaded= 0
========================================================================
Received Import Request.
  Time since last request: 36.992283 seconds.
  path: Assets/Prefabs/Turrets/Standard Turret.prefab
  artifactKey: Guid(0fabeecabe058844b825ce0fdc6ed719) Importer(815301076,1909f56bfc062723c751e8b465ee728b)
Start importing Assets/Prefabs/Turrets/Standard Turret.prefab using Guid(0fabeecabe058844b825ce0fdc6ed719) Importer(815301076,1909f56bfc062723c751e8b465ee728b) (PreviewImporter) -> (artifact id: '0d35250a1912dd1f437f7217aed08004') in 0.589346 seconds
Number of updated asset objects reloaded before import = 0Number of asset objects unloaded after import = 43

========================================================================
Received Import Request.
  Time since last request: 0.000039 seconds.
  path: Assets/Prefabs/Turrets/Electric Turret.prefab
  artifactKey: Guid(aae537c2f92013746a402db5116df460) Importer(815301076,1909f56bfc062723c751e8b465ee728b)
Start importing Assets/Prefabs/Turrets/Electric Turret.prefab using Guid(aae537c2f92013746a402db5116df460) Importer(815301076,1909f56bfc062723c751e8b465ee728b) (PreviewImporter) -> (artifact id: 'e85e2ab959ed0df322949329cdc548b5') in 0.0180416 seconds
Number of updated asset objects reloaded before import = 0Number of asset objects unloaded after import = 19

========================================================================
Received Prepare
Begin MonoManager ReloadAssembly
[Licensing::Client] Successfully resolved entitlement details
[Licensing::Module] License group:
  Id: F4-559Z-ESNU-EWRH-PCGX-XXXX
  Product: Unity Personal
  Type: ULF
  Expiration: Unlimited
[Licensing::Module] License group:
  Id: 5773053068775-UnityPersXXXX
  Product: Unity Personal
  Type: Assigned
  Expiration: Unlimited
- Loaded All Assemblies, in  0.936 seconds
Refreshing native plugins compatible for Editor in 2.37 ms, found 4 plugins.
Native extension for WindowsStandalone target not found
[Package Manager] Failed to launch server process. Reason: Unity was launched with the -noUpm command-line argument
[Package Manager] Unable to send message (not connected to server process).
[Package Manager] Cannot connect to Unity Package Manager local server
Mono: successfully reloaded assembly
- Finished resetting the current domain, in  0.915 seconds
Domain Reload Profiling: 1848ms
	BeginReloadAssembly (266ms)
		ExecutionOrderSort (0ms)
		DisableScriptedObjects (32ms)
		BackupInstance (0ms)
		ReleaseScriptingObjects (0ms)
		CreateAndSetChildDomain (59ms)
	RebuildCommonClasses (39ms)
	RebuildNativeTypeToScriptingClass (16ms)
	initialDomainReloadingComplete (33ms)
	LoadAllAssembliesAndSetupDomain (579ms)
		LoadAssemblies (406ms)
		RebuildTransferFunctionScriptingTraits (0ms)
		AnalyzeDomain (278ms)
			TypeCache.Refresh (11ms)
				TypeCache.ScanAssembly (0ms)
			BuildScriptInfoCaches (251ms)
			ResolveRequiredComponents (12ms)
	FinalizeReload (916ms)
		ReleaseScriptCaches (0ms)
		RebuildScriptCaches (0ms)
		SetupLoadedEditorAssemblies (730ms)
			LogAssemblyErrors (0ms)
			InitializePlatformSupportModulesInManaged (2ms)
			SetLoadedEditorAssemblies (5ms)
			BeforeProcessingInitializeOnLoad (132ms)
			ProcessInitializeOnLoadAttributes (514ms)
			ProcessInitializeOnLoadMethodAttributes (72ms)
			AfterProcessingInitializeOnLoad (4ms)
			EditorAssembliesLoaded (0ms)
		ExecutionOrderSort2 (0ms)
		AwakeInstancesAfterBackupRestoration (22ms)
Refreshing native plugins compatible for Editor in 2.12 ms, found 4 plugins.
Preloading 0 native plugins for Editor in 0.00 ms.
Unloading 13 Unused Serialized files (Serialized files now loaded: 0)
Unloading 6764 unused Assets / (5.3 MB). Loaded Objects now: 8112.
Memory consumption went from 155.0 MB to 149.7 MB.
Total: 11.129100 ms (FindLiveObjects: 0.767500 ms CreateObjectMapping: 0.852700 ms MarkObjects: 5.889200 ms  DeleteObjects: 3.618100 ms)

Prepare: number of updated asset objects reloaded= 0
========================================================================
Received Prepare
Begin MonoManager ReloadAssembly
- Loaded All Assemblies, in  0.849 seconds
Refreshing native plugins compatible for Editor in 1.82 ms, found 4 plugins.
Native extension for WindowsStandalone target not found
[Package Manager] Failed to launch server process. Reason: Unity was launched with the -noUpm command-line argument
[Package Manager] Unable to send message (not connected to server process).
[Package Manager] Cannot connect to Unity Package Manager local server
Mono: successfully reloaded assembly
- Finished resetting the current domain, in  0.942 seconds
Domain Reload Profiling: 1791ms
	BeginReloadAssembly (239ms)
		ExecutionOrderSort (0ms)
		DisableScriptedObjects (22ms)
		BackupInstance (0ms)
		ReleaseScriptingObjects (0ms)
		CreateAndSetChildDomain (46ms)
	RebuildCommonClasses (39ms)
	RebuildNativeTypeToScriptingClass (12ms)
	initialDomainReloadingComplete (28ms)
	LoadAllAssembliesAndSetupDomain (530ms)
		LoadAssemblies (379ms)
		RebuildTransferFunctionScriptingTraits (0ms)
		AnalyzeDomain (248ms)
			TypeCache.Refresh (8ms)
				TypeCache.ScanAssembly (0ms)
			BuildScriptInfoCaches (226ms)
			ResolveRequiredComponents (10ms)
	FinalizeReload (943ms)
		ReleaseScriptCaches (0ms)
		RebuildScriptCaches (0ms)
		SetupLoadedEditorAssemblies (756ms)
			LogAssemblyErrors (0ms)
			InitializePlatformSupportModulesInManaged (3ms)
			SetLoadedEditorAssemblies (3ms)
			BeforeProcessingInitializeOnLoad (127ms)
			ProcessInitializeOnLoadAttributes (547ms)
			ProcessInitializeOnLoadMethodAttributes (71ms)
			AfterProcessingInitializeOnLoad (5ms)
			EditorAssembliesLoaded (0ms)
		ExecutionOrderSort2 (0ms)
		AwakeInstancesAfterBackupRestoration (26ms)
Refreshing native plugins compatible for Editor in 2.09 ms, found 4 plugins.
Preloading 0 native plugins for Editor in 0.00 ms.
Unloading 13 Unused Serialized files (Serialized files now loaded: 0)
Unloading 6764 unused Assets / (4.5 MB). Loaded Objects now: 8115.
Memory consumption went from 154.9 MB to 150.4 MB.
Total: 9.398200 ms (FindLiveObjects: 0.671500 ms CreateObjectMapping: 0.480200 ms MarkObjects: 5.647300 ms  DeleteObjects: 2.597600 ms)

Prepare: number of updated asset objects reloaded= 0
========================================================================
Received Prepare
Refreshing native plugins compatible for Editor in 3.96 ms, found 4 plugins.
Preloading 0 native plugins for Editor in 0.00 ms.
Unloading 13 Unused Serialized files (Serialized files now loaded: 0)
Unloading 6754 unused Assets / (4.7 MB). Loaded Objects now: 8115.
Memory consumption went from 155.0 MB to 150.3 MB.
Total: 13.152500 ms (FindLiveObjects: 0.927700 ms CreateObjectMapping: 1.708800 ms MarkObjects: 6.953800 ms  DeleteObjects: 3.560500 ms)

Prepare: number of updated asset objects reloaded= 0
========================================================================
Received Import Request.
  Time since last request: 82.825650 seconds.
  path: Assets/Prefabs/Turrets/Standard Turret.prefab
  artifactKey: Guid(0fabeecabe058844b825ce0fdc6ed719) Importer(815301076,1909f56bfc062723c751e8b465ee728b)
Start importing Assets/Prefabs/Turrets/Standard Turret.prefab using Guid(0fabeecabe058844b825ce0fdc6ed719) Importer(815301076,1909f56bfc062723c751e8b465ee728b) (PreviewImporter) -> (artifact id: '0fb7a8cae84c7b9a64fb95bd1cfd33ab') in 0.5608136 seconds
Number of updated asset objects reloaded before import = 0Number of asset objects unloaded after import = 43

========================================================================
Received Prepare
Begin MonoManager ReloadAssembly
[Licensing::Client] Successfully resolved entitlement details
[Licensing::Module] License group:
  Id: F4-559Z-ESNU-EWRH-PCGX-XXXX
  Product: Unity Personal
  Type: ULF
  Expiration: Unlimited
[Licensing::Module] License group:
  Id: 5773053068775-UnityPersXXXX
  Product: Unity Personal
  Type: Assigned
  Expiration: Unlimited
- Loaded All Assemblies, in  0.933 seconds
Refreshing native plugins compatible for Editor in 1.59 ms, found 4 plugins.
Native extension for WindowsStandalone target not found
[Package Manager] Failed to launch server process. Reason: Unity was launched with the -noUpm command-line argument
[Package Manager] Unable to send message (not connected to server process).
[Package Manager] Cannot connect to Unity Package Manager local server
Mono: successfully reloaded assembly
- Finished resetting the current domain, in  1.104 seconds
Domain Reload Profiling: 2035ms
	BeginReloadAssembly (266ms)
		ExecutionOrderSort (0ms)
		DisableScriptedObjects (30ms)
		BackupInstance (0ms)
		ReleaseScriptingObjects (0ms)
		CreateAndSetChildDomain (65ms)
	RebuildCommonClasses (34ms)
	RebuildNativeTypeToScriptingClass (12ms)
	initialDomainReloadingComplete (32ms)
	LoadAllAssembliesAndSetupDomain (587ms)
		LoadAssemblies (415ms)
		RebuildTransferFunctionScriptingTraits (0ms)
		AnalyzeDomain (280ms)
			TypeCache.Refresh (13ms)
				TypeCache.ScanAssembly (0ms)
			BuildScriptInfoCaches (249ms)
			ResolveRequiredComponents (12ms)
	FinalizeReload (1104ms)
		ReleaseScriptCaches (0ms)
		RebuildScriptCaches (0ms)
		SetupLoadedEditorAssemblies (919ms)
			LogAssemblyErrors (0ms)
			InitializePlatformSupportModulesInManaged (3ms)
			SetLoadedEditorAssemblies (4ms)
			BeforeProcessingInitializeOnLoad (144ms)
			ProcessInitializeOnLoadAttributes (688ms)
			ProcessInitializeOnLoadMethodAttributes (74ms)
			AfterProcessingInitializeOnLoad (5ms)
			EditorAssembliesLoaded (0ms)
		ExecutionOrderSort2 (0ms)
		AwakeInstancesAfterBackupRestoration (24ms)
Refreshing native plugins compatible for Editor in 2.51 ms, found 4 plugins.
Preloading 0 native plugins for Editor in 0.00 ms.
Unloading 13 Unused Serialized files (Serialized files now loaded: 0)
Unloading 6764 unused Assets / (4.3 MB). Loaded Objects now: 8138.
Memory consumption went from 155.1 MB to 150.8 MB.
Total: 10.526000 ms (FindLiveObjects: 0.880200 ms CreateObjectMapping: 0.749300 ms MarkObjects: 6.663900 ms  DeleteObjects: 2.230600 ms)

Prepare: number of updated asset objects reloaded= 0
========================================================================
Received Import Request.
  Time since last request: 6.455838 seconds.
  path: Assets/Prefabs/Turrets/Electric Turret.prefab
  artifactKey: Guid(aae537c2f92013746a402db5116df460) Importer(815301076,1909f56bfc062723c751e8b465ee728b)
Start importing Assets/Prefabs/Turrets/Electric Turret.prefab using Guid(aae537c2f92013746a402db5116df460) Importer(815301076,1909f56bfc062723c751e8b465ee728b) (PreviewImporter) -> (artifact id: '3838fd2893a7411958a403f66b581eb6') in 0.4255389 seconds
Number of updated asset objects reloaded before import = 0Number of asset objects unloaded after import = 19

========================================================================
Received Prepare
Begin MonoManager ReloadAssembly
- Loaded All Assemblies, in  0.924 seconds
Refreshing native plugins compatible for Editor in 1.45 ms, found 4 plugins.
Native extension for WindowsStandalone target not found
[Package Manager] Failed to launch server process. Reason: Unity was launched with the -noUpm command-line argument
[Package Manager] Unable to send message (not connected to server process).
[Package Manager] Cannot connect to Unity Package Manager local server
Mono: successfully reloaded assembly
- Finished resetting the current domain, in  1.033 seconds
Domain Reload Profiling: 1955ms
	BeginReloadAssembly (274ms)
		ExecutionOrderSort (0ms)
		DisableScriptedObjects (30ms)
		BackupInstance (0ms)
		ReleaseScriptingObjects (0ms)
		CreateAndSetChildDomain (63ms)
	RebuildCommonClasses (41ms)
	RebuildNativeTypeToScriptingClass (14ms)
	initialDomainReloadingComplete (35ms)
	LoadAllAssembliesAndSetupDomain (557ms)
		LoadAssemblies (405ms)
		RebuildTransferFunctionScriptingTraits (0ms)
		AnalyzeDomain (264ms)
			TypeCache.Refresh (7ms)
				TypeCache.ScanAssembly (0ms)
			BuildScriptInfoCaches (242ms)
			ResolveRequiredComponents (11ms)
	FinalizeReload (1034ms)
		ReleaseScriptCaches (0ms)
		RebuildScriptCaches (0ms)
		SetupLoadedEditorAssemblies (828ms)
			LogAssemblyErrors (0ms)
			InitializePlatformSupportModulesInManaged (2ms)
			SetLoadedEditorAssemblies (4ms)
			BeforeProcessingInitializeOnLoad (137ms)
			ProcessInitializeOnLoadAttributes (604ms)
			ProcessInitializeOnLoadMethodAttributes (76ms)
			AfterProcessingInitializeOnLoad (5ms)
			EditorAssembliesLoaded (0ms)
		ExecutionOrderSort2 (0ms)
		AwakeInstancesAfterBackupRestoration (27ms)
Refreshing native plugins compatible for Editor in 1.73 ms, found 4 plugins.
Preloading 0 native plugins for Editor in 0.00 ms.
Unloading 13 Unused Serialized files (Serialized files now loaded: 0)
Unloading 6764 unused Assets / (4.7 MB). Loaded Objects now: 8161.
Memory consumption went from 155.0 MB to 150.3 MB.
Total: 8.795600 ms (FindLiveObjects: 0.618600 ms CreateObjectMapping: 0.506900 ms MarkObjects: 4.929600 ms  DeleteObjects: 2.739300 ms)

Prepare: number of updated asset objects reloaded= 0
========================================================================
Received Prepare
Refreshing native plugins compatible for Editor in 2.28 ms, found 4 plugins.
Preloading 0 native plugins for Editor in 0.00 ms.
Unloading 13 Unused Serialized files (Serialized files now loaded: 0)
Unloading 6754 unused Assets / (4.7 MB). Loaded Objects now: 8161.
Memory consumption went from 155.1 MB to 150.4 MB.
Total: 12.584600 ms (FindLiveObjects: 0.736700 ms CreateObjectMapping: 0.628500 ms MarkObjects: 7.009200 ms  DeleteObjects: 4.208700 ms)

Prepare: number of updated asset objects reloaded= 0
========================================================================
Received Import Request.
  Time since last request: 118.274351 seconds.
  path: Assets/Prefabs/Turrets/Standard Turret.prefab
  artifactKey: Guid(0fabeecabe058844b825ce0fdc6ed719) Importer(815301076,1909f56bfc062723c751e8b465ee728b)
Start importing Assets/Prefabs/Turrets/Standard Turret.prefab using Guid(0fabeecabe058844b825ce0fdc6ed719) Importer(815301076,1909f56bfc062723c751e8b465ee728b) (PreviewImporter) -> (artifact id: 'ba955740793ff7f81f7b68b3d00499d4') in 0.5762434 seconds
Number of updated asset objects reloaded before import = 0Number of asset objects unloaded after import = 43

========================================================================
Received Import Request.
  Time since last request: 0.000032 seconds.
  path: Assets/Prefabs/Turrets/Fire Turret.prefab
  artifactKey: Guid(435c9623361906945a6126111a2a041d) Importer(815301076,1909f56bfc062723c751e8b465ee728b)
Start importing Assets/Prefabs/Turrets/Fire Turret.prefab using Guid(435c9623361906945a6126111a2a041d) Importer(815301076,1909f56bfc062723c751e8b465ee728b) (PreviewImporter) -> (artifact id: '7755e01350c7b78f8e4f30546d25d53d') in 0.0157771 seconds
Number of updated asset objects reloaded before import = 0Number of asset objects unloaded after import = 26

========================================================================
Received Prepare
Begin MonoManager ReloadAssembly
[Licensing::Client] Successfully resolved entitlement details
[Licensing::Module] License group:
  Id: F4-559Z-ESNU-EWRH-PCGX-XXXX
  Product: Unity Personal
  Type: ULF
  Expiration: Unlimited
[Licensing::Module] License group:
  Id: 5773053068775-UnityPersXXXX
  Product: Unity Personal
  Type: Assigned
  Expiration: Unlimited
- Loaded All Assemblies, in  0.957 seconds
Refreshing native plugins compatible for Editor in 1.49 ms, found 4 plugins.
Native extension for WindowsStandalone target not found
[Package Manager] Failed to launch server process. Reason: Unity was launched with the -noUpm command-line argument
[Package Manager] Unable to send message (not connected to server process).
[Package Manager] Cannot connect to Unity Package Manager local server
Mono: successfully reloaded assembly
- Finished resetting the current domain, in  0.999 seconds
Domain Reload Profiling: 1955ms
	BeginReloadAssembly (255ms)
		ExecutionOrderSort (0ms)
		DisableScriptedObjects (29ms)
		BackupInstance (0ms)
		ReleaseScriptingObjects (0ms)
		CreateAndSetChildDomain (57ms)
	RebuildCommonClasses (45ms)
	RebuildNativeTypeToScriptingClass (13ms)
	initialDomainReloadingComplete (36ms)
	LoadAllAssembliesAndSetupDomain (606ms)
		LoadAssemblies (408ms)
		RebuildTransferFunctionScriptingTraits (0ms)
		AnalyzeDomain (304ms)
			TypeCache.Refresh (12ms)
				TypeCache.ScanAssembly (1ms)
			BuildScriptInfoCaches (271ms)
			ResolveRequiredComponents (16ms)
	FinalizeReload (999ms)
		ReleaseScriptCaches (0ms)
		RebuildScriptCaches (0ms)
		SetupLoadedEditorAssemblies (815ms)
			LogAssemblyErrors (0ms)
			InitializePlatformSupportModulesInManaged (2ms)
			SetLoadedEditorAssemblies (3ms)
			BeforeProcessingInitializeOnLoad (122ms)
			ProcessInitializeOnLoadAttributes (599ms)
			ProcessInitializeOnLoadMethodAttributes (82ms)
			AfterProcessingInitializeOnLoad (6ms)
			EditorAssembliesLoaded (0ms)
		ExecutionOrderSort2 (0ms)
		AwakeInstancesAfterBackupRestoration (32ms)
Refreshing native plugins compatible for Editor in 1.59 ms, found 4 plugins.
Preloading 0 native plugins for Editor in 0.00 ms.
Unloading 13 Unused Serialized files (Serialized files now loaded: 0)
Unloading 6764 unused Assets / (5.4 MB). Loaded Objects now: 8184.
Memory consumption went from 155.2 MB to 149.8 MB.
Total: 11.458200 ms (FindLiveObjects: 0.635000 ms CreateObjectMapping: 0.660700 ms MarkObjects: 5.451300 ms  DeleteObjects: 4.709800 ms)

Prepare: number of updated asset objects reloaded= 0
========================================================================
Received Prepare
Begin MonoManager ReloadAssembly
- Loaded All Assemblies, in  0.820 seconds
Refreshing native plugins compatible for Editor in 1.36 ms, found 4 plugins.
Native extension for WindowsStandalone target not found
[Package Manager] Failed to launch server process. Reason: Unity was launched with the -noUpm command-line argument
[Package Manager] Unable to send message (not connected to server process).
[Package Manager] Cannot connect to Unity Package Manager local server
Mono: successfully reloaded assembly
- Finished resetting the current domain, in  0.984 seconds
Domain Reload Profiling: 1803ms
	BeginReloadAssembly (214ms)
		ExecutionOrderSort (0ms)
		DisableScriptedObjects (16ms)
		BackupInstance (0ms)
		ReleaseScriptingObjects (0ms)
		CreateAndSetChildDomain (48ms)
	RebuildCommonClasses (36ms)
	RebuildNativeTypeToScriptingClass (13ms)
	initialDomainReloadingComplete (34ms)
	LoadAllAssembliesAndSetupDomain (522ms)
		LoadAssemblies (357ms)
		RebuildTransferFunctionScriptingTraits (0ms)
		AnalyzeDomain (251ms)
			TypeCache.Refresh (8ms)
				TypeCache.ScanAssembly (0ms)
			BuildScriptInfoCaches (227ms)
			ResolveRequiredComponents (11ms)
	FinalizeReload (985ms)
		ReleaseScriptCaches (0ms)
		RebuildScriptCaches (0ms)
		SetupLoadedEditorAssemblies (802ms)
			LogAssemblyErrors (0ms)
			InitializePlatformSupportModulesInManaged (2ms)
			SetLoadedEditorAssemblies (4ms)
			BeforeProcessingInitializeOnLoad (135ms)
			ProcessInitializeOnLoadAttributes (580ms)
			ProcessInitializeOnLoadMethodAttributes (74ms)
			AfterProcessingInitializeOnLoad (6ms)
			EditorAssembliesLoaded (0ms)
		ExecutionOrderSort2 (0ms)
		AwakeInstancesAfterBackupRestoration (27ms)
Refreshing native plugins compatible for Editor in 2.52 ms, found 4 plugins.
Preloading 0 native plugins for Editor in 0.00 ms.
Unloading 13 Unused Serialized files (Serialized files now loaded: 0)
Unloading 6764 unused Assets / (4.8 MB). Loaded Objects now: 8187.
Memory consumption went from 155.1 MB to 150.2 MB.
Total: 13.139100 ms (FindLiveObjects: 0.892100 ms CreateObjectMapping: 1.029800 ms MarkObjects: 7.356000 ms  DeleteObjects: 3.859700 ms)

Prepare: number of updated asset objects reloaded= 0
========================================================================
Received Prepare
Refreshing native plugins compatible for Editor in 2.99 ms, found 4 plugins.
Preloading 0 native plugins for Editor in 0.00 ms.
Unloading 13 Unused Serialized files (Serialized files now loaded: 0)
Unloading 6754 unused Assets / (5.1 MB). Loaded Objects now: 8187.
Memory consumption went from 155.2 MB to 150.1 MB.
Total: 11.711300 ms (FindLiveObjects: 0.751200 ms CreateObjectMapping: 0.530900 ms MarkObjects: 6.315600 ms  DeleteObjects: 4.111700 ms)

Prepare: number of updated asset objects reloaded= 0
========================================================================
Received Import Request.
  Time since last request: 51.258168 seconds.
  path: Assets/Prefabs/Turrets/Standard Turret.prefab
  artifactKey: Guid(0fabeecabe058844b825ce0fdc6ed719) Importer(815301076,1909f56bfc062723c751e8b465ee728b)
Start importing Assets/Prefabs/Turrets/Standard Turret.prefab using Guid(0fabeecabe058844b825ce0fdc6ed719) Importer(815301076,1909f56bfc062723c751e8b465ee728b) (PreviewImporter) -> (artifact id: '8f3713399c73a803f113f6e3e7e59610') in 0.5567883 seconds
Number of updated asset objects reloaded before import = 0Number of asset objects unloaded after import = 43

========================================================================
Received Prepare
Begin MonoManager ReloadAssembly
- Loaded All Assemblies, in  1.048 seconds
Refreshing native plugins compatible for Editor in 2.57 ms, found 4 plugins.
Native extension for WindowsStandalone target not found
[Package Manager] Failed to launch server process. Reason: Unity was launched with the -noUpm command-line argument
[Package Manager] Unable to send message (not connected to server process).
[Package Manager] Cannot connect to Unity Package Manager local server
Mono: successfully reloaded assembly
- Finished resetting the current domain, in  1.069 seconds
Domain Reload Profiling: 2115ms
	BeginReloadAssembly (348ms)
		ExecutionOrderSort (0ms)
		DisableScriptedObjects (50ms)
		BackupInstance (0ms)
		ReleaseScriptingObjects (0ms)
		CreateAndSetChildDomain (79ms)
	RebuildCommonClasses (45ms)
	RebuildNativeTypeToScriptingClass (17ms)
	initialDomainReloadingComplete (35ms)
	LoadAllAssembliesAndSetupDomain (600ms)
		LoadAssemblies (466ms)
		RebuildTransferFunctionScriptingTraits (0ms)
		AnalyzeDomain (264ms)
			TypeCache.Refresh (11ms)
				TypeCache.ScanAssembly (0ms)
			BuildScriptInfoCaches (236ms)
			ResolveRequiredComponents (12ms)
	FinalizeReload (1070ms)
		ReleaseScriptCaches (0ms)
		RebuildScriptCaches (0ms)
		SetupLoadedEditorAssemblies (878ms)
			LogAssemblyErrors (0ms)
			InitializePlatformSupportModulesInManaged (3ms)
			SetLoadedEditorAssemblies (4ms)
			BeforeProcessingInitializeOnLoad (135ms)
			ProcessInitializeOnLoadAttributes (659ms)
			ProcessInitializeOnLoadMethodAttributes (71ms)
			AfterProcessingInitializeOnLoad (5ms)
			EditorAssembliesLoaded (0ms)
		ExecutionOrderSort2 (0ms)
		AwakeInstancesAfterBackupRestoration (21ms)
Refreshing native plugins compatible for Editor in 2.90 ms, found 4 plugins.
Preloading 0 native plugins for Editor in 0.00 ms.
Unloading 13 Unused Serialized files (Serialized files now loaded: 0)
Unloading 6764 unused Assets / (4.3 MB). Loaded Objects now: 8210.
Memory consumption went from 155.5 MB to 151.2 MB.
Total: 10.056800 ms (FindLiveObjects: 0.862300 ms CreateObjectMapping: 0.587900 ms MarkObjects: 6.106500 ms  DeleteObjects: 2.497900 ms)

Prepare: number of updated asset objects reloaded= 0
========================================================================
Received Import Request.
  Time since last request: 6.833242 seconds.
  path: Assets/Prefabs/Turrets/Electric Turret.prefab
  artifactKey: Guid(aae537c2f92013746a402db5116df460) Importer(815301076,1909f56bfc062723c751e8b465ee728b)
Start importing Assets/Prefabs/Turrets/Electric Turret.prefab using Guid(aae537c2f92013746a402db5116df460) Importer(815301076,1909f56bfc062723c751e8b465ee728b) (PreviewImporter) -> (artifact id: 'f27e452566a6d46a5a132ddf7f158cc7') in 0.4476802 seconds
Number of updated asset objects reloaded before import = 0Number of asset objects unloaded after import = 19

========================================================================
Received Import Request.
  Time since last request: 39.985233 seconds.
  path: Assets/Prefabs/Turrets/Standard Turret.prefab
  artifactKey: Guid(0fabeecabe058844b825ce0fdc6ed719) Importer(815301076,1909f56bfc062723c751e8b465ee728b)
Start importing Assets/Prefabs/Turrets/Standard Turret.prefab using Guid(0fabeecabe058844b825ce0fdc6ed719) Importer(815301076,1909f56bfc062723c751e8b465ee728b) (PreviewImporter) -> (artifact id: '8b13f06c4567b56b61edc38a2f04ef0c') in 0.0164523 seconds
Number of updated asset objects reloaded before import = 0Number of asset objects unloaded after import = 43

========================================================================
Received Import Request.
  Time since last request: 108.132062 seconds.
  path: Assets/Prefabs/Turrets/Standard Turret.prefab
  artifactKey: Guid(0fabeecabe058844b825ce0fdc6ed719) Importer(815301076,1909f56bfc062723c751e8b465ee728b)
Start importing Assets/Prefabs/Turrets/Standard Turret.prefab using Guid(0fabeecabe058844b825ce0fdc6ed719) Importer(815301076,1909f56bfc062723c751e8b465ee728b) (PreviewImporter) -> (artifact id: '31ce2af0aec3854a940268b997f834a9') in 0.0172561 seconds
Number of updated asset objects reloaded before import = 0Number of asset objects unloaded after import = 38

========================================================================
Received Import Request.
  Time since last request: 0.716608 seconds.
  path: Assets/Prefabs/Turrets/Standard Turret.prefab
  artifactKey: Guid(0fabeecabe058844b825ce0fdc6ed719) Importer(815301076,1909f56bfc062723c751e8b465ee728b)
Start importing Assets/Prefabs/Turrets/Standard Turret.prefab using Guid(0fabeecabe058844b825ce0fdc6ed719) Importer(815301076,1909f56bfc062723c751e8b465ee728b) (PreviewImporter) -> (artifact id: '57921e07a29c3dd86e4fe1ab321be73a') in 0.0162061 seconds
Number of updated asset objects reloaded before import = 0Number of asset objects unloaded after import = 33

========================================================================
Received Import Request.
  Time since last request: 3.306821 seconds.
  path: Assets/Prefabs/Turrets/Standard Turret.prefab
  artifactKey: Guid(0fabeecabe058844b825ce0fdc6ed719) Importer(815301076,1909f56bfc062723c751e8b465ee728b)
Start importing Assets/Prefabs/Turrets/Standard Turret.prefab using Guid(0fabeecabe058844b825ce0fdc6ed719) Importer(815301076,1909f56bfc062723c751e8b465ee728b) (PreviewImporter) -> (artifact id: 'ceebcd86c74d0891b6ebfd5619ebf2bc') in 0.0223094 seconds
Number of updated asset objects reloaded before import = 0Number of asset objects unloaded after import = 38

========================================================================
Received Import Request.
  Time since last request: 40.039179 seconds.
  path: Assets/Prefabs/Turrets/Standard Turret.prefab
  artifactKey: Guid(0fabeecabe058844b825ce0fdc6ed719) Importer(815301076,1909f56bfc062723c751e8b465ee728b)
Start importing Assets/Prefabs/Turrets/Standard Turret.prefab using Guid(0fabeecabe058844b825ce0fdc6ed719) Importer(815301076,1909f56bfc062723c751e8b465ee728b) (PreviewImporter) -> (artifact id: 'a6049a8b478821a8f9fdf0570e2712c4') in 0.0289229 seconds
Number of updated asset objects reloaded before import = 0Number of asset objects unloaded after import = 46

========================================================================
Received Import Request.
  Time since last request: 7.106093 seconds.
  path: Assets/Prefabs/Turrets/Standard Turret.prefab
  artifactKey: Guid(0fabeecabe058844b825ce0fdc6ed719) Importer(815301076,1909f56bfc062723c751e8b465ee728b)
Start importing Assets/Prefabs/Turrets/Standard Turret.prefab using Guid(0fabeecabe058844b825ce0fdc6ed719) Importer(815301076,1909f56bfc062723c751e8b465ee728b) (PreviewImporter) -> (artifact id: '9d22af0c6c0eb8e0aa2ed1fe08d7ba2c') in 0.0285641 seconds
Number of updated asset objects reloaded before import = 0Number of asset objects unloaded after import = 46

========================================================================
Received Import Request.
  Time since last request: 5.140377 seconds.
  path: Assets/Prefabs/Turrets/Standard Turret.prefab
  artifactKey: Guid(0fabeecabe058844b825ce0fdc6ed719) Importer(815301076,1909f56bfc062723c751e8b465ee728b)
Start importing Assets/Prefabs/Turrets/Standard Turret.prefab using Guid(0fabeecabe058844b825ce0fdc6ed719) Importer(815301076,1909f56bfc062723c751e8b465ee728b) (PreviewImporter) -> (artifact id: '0c313b8f0ac15447b1e5f85358625024') in 0.0214932 seconds
Number of updated asset objects reloaded before import = 0Number of asset objects unloaded after import = 46

========================================================================
Received Import Request.
  Time since last request: 26.983583 seconds.
  path: Assets/Prefabs/Turrets/Standard Turret.prefab
  artifactKey: Guid(0fabeecabe058844b825ce0fdc6ed719) Importer(815301076,1909f56bfc062723c751e8b465ee728b)
Start importing Assets/Prefabs/Turrets/Standard Turret.prefab using Guid(0fabeecabe058844b825ce0fdc6ed719) Importer(815301076,1909f56bfc062723c751e8b465ee728b) (PreviewImporter) -> (artifact id: '5af4509341ac381e9af7405728cef7f8') in 0.0305698 seconds
Number of updated asset objects reloaded before import = 0Number of asset objects unloaded after import = 46

========================================================================
Received Import Request.
  Time since last request: 5.456949 seconds.
  path: Assets/Prefabs/Turrets/Standard Turret.prefab
  artifactKey: Guid(0fabeecabe058844b825ce0fdc6ed719) Importer(815301076,1909f56bfc062723c751e8b465ee728b)
Start importing Assets/Prefabs/Turrets/Standard Turret.prefab using Guid(0fabeecabe058844b825ce0fdc6ed719) Importer(815301076,1909f56bfc062723c751e8b465ee728b) (PreviewImporter) -> (artifact id: '5c5be40acaa627803d067080cebaba1a') in 0.0159333 seconds
Number of updated asset objects reloaded before import = 0Number of asset objects unloaded after import = 43

========================================================================
Received Import Request.
  Time since last request: 12.682129 seconds.
  path: Assets/Prefabs/Turrets/Standard Turret.prefab
  artifactKey: Guid(0fabeecabe058844b825ce0fdc6ed719) Importer(815301076,1909f56bfc062723c751e8b465ee728b)
Start importing Assets/Prefabs/Turrets/Standard Turret.prefab using Guid(0fabeecabe058844b825ce0fdc6ed719) Importer(815301076,1909f56bfc062723c751e8b465ee728b) (PreviewImporter) -> (artifact id: 'ad5341952037fc9267ad863ef6324f62') in 0.0216376 seconds
Number of updated asset objects reloaded before import = 0Number of asset objects unloaded after import = 43

========================================================================
Received Prepare
Begin MonoManager ReloadAssembly
[Licensing::Client] Successfully resolved entitlement details
[Licensing::Module] License group:
  Id: F4-559Z-ESNU-EWRH-PCGX-XXXX
  Product: Unity Personal
  Type: ULF
  Expiration: Unlimited
[Licensing::Module] License group:
  Id: 5773053068775-UnityPersXXXX
  Product: Unity Personal
  Type: Assigned
  Expiration: Unlimited
- Loaded All Assemblies, in  0.910 seconds
Refreshing native plugins compatible for Editor in 1.49 ms, found 4 plugins.
Native extension for WindowsStandalone target not found
[Package Manager] Failed to launch server process. Reason: Unity was launched with the -noUpm command-line argument
[Package Manager] Unable to send message (not connected to server process).
[Package Manager] Cannot connect to Unity Package Manager local server
Mono: successfully reloaded assembly
- Finished resetting the current domain, in  0.968 seconds
Domain Reload Profiling: 1878ms
	BeginReloadAssembly (269ms)
		ExecutionOrderSort (0ms)
		DisableScriptedObjects (36ms)
		BackupInstance (0ms)
		ReleaseScriptingObjects (0ms)
		CreateAndSetChildDomain (58ms)
	RebuildCommonClasses (41ms)
	RebuildNativeTypeToScriptingClass (14ms)
	initialDomainReloadingComplete (32ms)
	LoadAllAssembliesAndSetupDomain (553ms)
		LoadAssemblies (411ms)
		RebuildTransferFunctionScriptingTraits (0ms)
		AnalyzeDomain (247ms)
			TypeCache.Refresh (8ms)
				TypeCache.ScanAssembly (0ms)
			BuildScriptInfoCaches (220ms)
			ResolveRequiredComponents (14ms)
	FinalizeReload (968ms)
		ReleaseScriptCaches (0ms)
		RebuildScriptCaches (0ms)
		SetupLoadedEditorAssemblies (782ms)
			LogAssemblyErrors (0ms)
			InitializePlatformSupportModulesInManaged (3ms)
			SetLoadedEditorAssemblies (5ms)
			BeforeProcessingInitializeOnLoad (130ms)
			ProcessInitializeOnLoadAttributes (558ms)
			ProcessInitializeOnLoadMethodAttributes (79ms)
			AfterProcessingInitializeOnLoad (6ms)
			EditorAssembliesLoaded (0ms)
		ExecutionOrderSort2 (0ms)
		AwakeInstancesAfterBackupRestoration (28ms)
Refreshing native plugins compatible for Editor in 2.27 ms, found 4 plugins.
Preloading 0 native plugins for Editor in 0.00 ms.
Unloading 13 Unused Serialized files (Serialized files now loaded: 0)
Unloading 6764 unused Assets / (4.8 MB). Loaded Objects now: 8233.
Memory consumption went from 155.5 MB to 150.7 MB.
Total: 9.865700 ms (FindLiveObjects: 0.852500 ms CreateObjectMapping: 0.819100 ms MarkObjects: 5.202400 ms  DeleteObjects: 2.990300 ms)

Prepare: number of updated asset objects reloaded= 0
========================================================================
Received Import Request.
  Time since last request: 182.302357 seconds.
  path: Assets/Prefabs/Turrets/Standard Turret.prefab
  artifactKey: Guid(0fabeecabe058844b825ce0fdc6ed719) Importer(815301076,1909f56bfc062723c751e8b465ee728b)
Start importing Assets/Prefabs/Turrets/Standard Turret.prefab using Guid(0fabeecabe058844b825ce0fdc6ed719) Importer(815301076,1909f56bfc062723c751e8b465ee728b) (PreviewImporter) -> (artifact id: 'f3b2266986272a1aa5e0cbd1cc2ce883') in 0.4944013 seconds
Number of updated asset objects reloaded before import = 0Number of asset objects unloaded after import = 43

========================================================================
Received Import Request.
  Time since last request: 0.186706 seconds.
  path: Assets/Prefabs/Turrets/Standard Turret.prefab
  artifactKey: Guid(0fabeecabe058844b825ce0fdc6ed719) Importer(815301076,1909f56bfc062723c751e8b465ee728b)
Start importing Assets/Prefabs/Turrets/Standard Turret.prefab using Guid(0fabeecabe058844b825ce0fdc6ed719) Importer(815301076,1909f56bfc062723c751e8b465ee728b) (PreviewImporter) -> (artifact id: 'ca3dec5a4fe721bdc9b1852abf40459d') in 0.0142303 seconds
Number of updated asset objects reloaded before import = 0Number of asset objects unloaded after import = 43

========================================================================
Received Import Request.
  Time since last request: 2.416871 seconds.
  path: Assets/Prefabs/Turrets/Standard Turret.prefab
  artifactKey: Guid(0fabeecabe058844b825ce0fdc6ed719) Importer(815301076,1909f56bfc062723c751e8b465ee728b)
Start importing Assets/Prefabs/Turrets/Standard Turret.prefab using Guid(0fabeecabe058844b825ce0fdc6ed719) Importer(815301076,1909f56bfc062723c751e8b465ee728b) (PreviewImporter) -> (artifact id: 'a4950dd71eaaec54c8a6842dcc409c72') in 0.016642 seconds
Number of updated asset objects reloaded before import = 0Number of asset objects unloaded after import = 43

========================================================================
Received Import Request.
  Time since last request: 4.701223 seconds.
  path: Assets/Prefabs/Turrets/Standard Turret.prefab
  artifactKey: Guid(0fabeecabe058844b825ce0fdc6ed719) Importer(815301076,1909f56bfc062723c751e8b465ee728b)
Start importing Assets/Prefabs/Turrets/Standard Turret.prefab using Guid(0fabeecabe058844b825ce0fdc6ed719) Importer(815301076,1909f56bfc062723c751e8b465ee728b) (PreviewImporter) -> (artifact id: 'ecbc6f7e1ad20a0456cff708db663f26') in 0.0182857 seconds
Number of updated asset objects reloaded before import = 0Number of asset objects unloaded after import = 43

========================================================================
Received Import Request.
  Time since last request: 59.355959 seconds.
  path: Assets/Prefabs/Turrets/Standard Turret.prefab
  artifactKey: Guid(0fabeecabe058844b825ce0fdc6ed719) Importer(815301076,1909f56bfc062723c751e8b465ee728b)
Start importing Assets/Prefabs/Turrets/Standard Turret.prefab using Guid(0fabeecabe058844b825ce0fdc6ed719) Importer(815301076,1909f56bfc062723c751e8b465ee728b) (PreviewImporter) -> (artifact id: '7c58b2a90808bca049a1deca2e721b62') in 0.0270738 seconds
Number of updated asset objects reloaded before import = 0Number of asset objects unloaded after import = 43

========================================================================
Received Import Request.
  Time since last request: 9.096905 seconds.
  path: Assets/Prefabs/Turrets/Standard Turret.prefab
  artifactKey: Guid(0fabeecabe058844b825ce0fdc6ed719) Importer(815301076,1909f56bfc062723c751e8b465ee728b)
Start importing Assets/Prefabs/Turrets/Standard Turret.prefab using Guid(0fabeecabe058844b825ce0fdc6ed719) Importer(815301076,1909f56bfc062723c751e8b465ee728b) (PreviewImporter) -> (artifact id: '8d33fd26bab4be9f7534f1fd34afdf04') in 0.0194821 seconds
Number of updated asset objects reloaded before import = 0Number of asset objects unloaded after import = 43

========================================================================
Received Import Request.
  Time since last request: 3.548681 seconds.
  path: Assets/Prefabs/Turrets/Standard Turret.prefab
  artifactKey: Guid(0fabeecabe058844b825ce0fdc6ed719) Importer(815301076,1909f56bfc062723c751e8b465ee728b)
Start importing Assets/Prefabs/Turrets/Standard Turret.prefab using Guid(0fabeecabe058844b825ce0fdc6ed719) Importer(815301076,1909f56bfc062723c751e8b465ee728b) (PreviewImporter) -> (artifact id: '1da4303f50516f2267117e478f8bbfb9') in 0.0179572 seconds
Number of updated asset objects reloaded before import = 0Number of asset objects unloaded after import = 43

========================================================================
Received Prepare
Begin MonoManager ReloadAssembly
[Licensing::Client] Successfully resolved entitlement details
[Licensing::Module] License group:
  Id: F4-559Z-ESNU-EWRH-PCGX-XXXX
  Product: Unity Personal
  Type: ULF
  Expiration: Unlimited
[Licensing::Module] License group:
  Id: 5773053068775-UnityPersXXXX
  Product: Unity Personal
  Type: Assigned
  Expiration: Unlimited
- Loaded All Assemblies, in  0.902 seconds
Refreshing native plugins compatible for Editor in 2.45 ms, found 4 plugins.
Native extension for WindowsStandalone target not found
[Package Manager] Failed to launch server process. Reason: Unity was launched with the -noUpm command-line argument
[Package Manager] Unable to send message (not connected to server process).
[Package Manager] Cannot connect to Unity Package Manager local server
Mono: successfully reloaded assembly
- Finished resetting the current domain, in  1.053 seconds
Domain Reload Profiling: 1960ms
	BeginReloadAssembly (257ms)
		ExecutionOrderSort (0ms)
		DisableScriptedObjects (32ms)
		BackupInstance (0ms)
		ReleaseScriptingObjects (0ms)
		CreateAndSetChildDomain (63ms)
	RebuildCommonClasses (42ms)
	RebuildNativeTypeToScriptingClass (15ms)
	initialDomainReloadingComplete (29ms)
	LoadAllAssembliesAndSetupDomain (564ms)
		LoadAssemblies (377ms)
		RebuildTransferFunctionScriptingTraits (0ms)
		AnalyzeDomain (275ms)
			TypeCache.Refresh (7ms)
				TypeCache.ScanAssembly (0ms)
			BuildScriptInfoCaches (246ms)
			ResolveRequiredComponents (15ms)
	FinalizeReload (1054ms)
		ReleaseScriptCaches (0ms)
		RebuildScriptCaches (0ms)
		SetupLoadedEditorAssemblies (837ms)
			LogAssemblyErrors (0ms)
			InitializePlatformSupportModulesInManaged (2ms)
			SetLoadedEditorAssemblies (5ms)
			BeforeProcessingInitializeOnLoad (175ms)
			ProcessInitializeOnLoadAttributes (576ms)
			ProcessInitializeOnLoadMethodAttributes (73ms)
			AfterProcessingInitializeOnLoad (5ms)
			EditorAssembliesLoaded (1ms)
		ExecutionOrderSort2 (0ms)
		AwakeInstancesAfterBackupRestoration (25ms)
Refreshing native plugins compatible for Editor in 2.37 ms, found 4 plugins.
Preloading 0 native plugins for Editor in 0.00 ms.
Unloading 13 Unused Serialized files (Serialized files now loaded: 0)
Unloading 6764 unused Assets / (4.4 MB). Loaded Objects now: 8256.
Memory consumption went from 155.5 MB to 151.1 MB.
Total: 9.835200 ms (FindLiveObjects: 0.910300 ms CreateObjectMapping: 0.744800 ms MarkObjects: 5.512700 ms  DeleteObjects: 2.665900 ms)

Prepare: number of updated asset objects reloaded= 0
========================================================================
Received Prepare
Refreshing native plugins compatible for Editor in 3.34 ms, found 4 plugins.
Preloading 0 native plugins for Editor in 0.10 ms.
Unloading 13 Unused Serialized files (Serialized files now loaded: 0)
Unloading 6754 unused Assets / (4.8 MB). Loaded Objects now: 8256.
Memory consumption went from 155.5 MB to 150.7 MB.
Total: 30.218100 ms (FindLiveObjects: 0.871200 ms CreateObjectMapping: 0.590700 ms MarkObjects: 18.719400 ms  DeleteObjects: 9.930500 ms)

Prepare: number of updated asset objects reloaded= 0
========================================================================
Received Import Request.
  Time since last request: 359.740252 seconds.
  path: Assets/Prefabs/Turrets/Standard Turret.prefab
  artifactKey: Guid(0fabeecabe058844b825ce0fdc6ed719) Importer(815301076,1909f56bfc062723c751e8b465ee728b)
Start importing Assets/Prefabs/Turrets/Standard Turret.prefab using Guid(0fabeecabe058844b825ce0fdc6ed719) Importer(815301076,1909f56bfc062723c751e8b465ee728b) (PreviewImporter) -> (artifact id: '9f80a978b83fccd2779e7ab6bdefbbfc') in 0.5199112 seconds
Number of updated asset objects reloaded before import = 0Number of asset objects unloaded after import = 43

========================================================================
Received Import Request.
  Time since last request: 0.000055 seconds.
  path: Assets/Prefabs/Turrets/Electric Turret.prefab
  artifactKey: Guid(aae537c2f92013746a402db5116df460) Importer(815301076,1909f56bfc062723c751e8b465ee728b)
Start importing Assets/Prefabs/Turrets/Electric Turret.prefab using Guid(aae537c2f92013746a402db5116df460) Importer(815301076,1909f56bfc062723c751e8b465ee728b) (PreviewImporter) -> (artifact id: 'a0f1509232c3f77bdf1ea093c30f656e') in 0.0152932 seconds
Number of updated asset objects reloaded before import = 0Number of asset objects unloaded after import = 19

========================================================================
Received Prepare
Begin MonoManager ReloadAssembly
[Licensing::Client] Successfully resolved entitlement details
[Licensing::Module] License group:
  Id: F4-559Z-ESNU-EWRH-PCGX-XXXX
  Product: Unity Personal
  Type: ULF
  Expiration: Unlimited
[Licensing::Module] License group:
  Id: 5773053068775-UnityPersXXXX
  Product: Unity Personal
  Type: Assigned
  Expiration: Unlimited
- Loaded All Assemblies, in  0.867 seconds
Refreshing native plugins compatible for Editor in 1.53 ms, found 4 plugins.
Native extension for WindowsStandalone target not found
[Package Manager] Failed to launch server process. Reason: Unity was launched with the -noUpm command-line argument
[Package Manager] Unable to send message (not connected to server process).
[Package Manager] Cannot connect to Unity Package Manager local server
Mono: successfully reloaded assembly
- Finished resetting the current domain, in  0.910 seconds
Domain Reload Profiling: 1776ms
	BeginReloadAssembly (248ms)
		ExecutionOrderSort (0ms)
		DisableScriptedObjects (32ms)
		BackupInstance (0ms)
		ReleaseScriptingObjects (0ms)
		CreateAndSetChildDomain (57ms)
	RebuildCommonClasses (33ms)
	RebuildNativeTypeToScriptingClass (12ms)
	initialDomainReloadingComplete (30ms)
	LoadAllAssembliesAndSetupDomain (543ms)
		LoadAssemblies (378ms)
		RebuildTransferFunctionScriptingTraits (0ms)
		AnalyzeDomain (259ms)
			TypeCache.Refresh (9ms)
				TypeCache.ScanAssembly (0ms)
			BuildScriptInfoCaches (234ms)
			ResolveRequiredComponents (12ms)
	FinalizeReload (910ms)
		ReleaseScriptCaches (0ms)
		RebuildScriptCaches (0ms)
		SetupLoadedEditorAssemblies (728ms)
			LogAssemblyErrors (0ms)
			InitializePlatformSupportModulesInManaged (3ms)
			SetLoadedEditorAssemblies (3ms)
			BeforeProcessingInitializeOnLoad (138ms)
			ProcessInitializeOnLoadAttributes (518ms)
			ProcessInitializeOnLoadMethodAttributes (61ms)
			AfterProcessingInitializeOnLoad (4ms)
			EditorAssembliesLoaded (0ms)
		ExecutionOrderSort2 (1ms)
		AwakeInstancesAfterBackupRestoration (22ms)
Refreshing native plugins compatible for Editor in 2.75 ms, found 4 plugins.
Preloading 0 native plugins for Editor in 0.00 ms.
Unloading 13 Unused Serialized files (Serialized files now loaded: 0)
Unloading 6764 unused Assets / (4.7 MB). Loaded Objects now: 8279.
Memory consumption went from 155.6 MB to 150.9 MB.
Total: 12.522100 ms (FindLiveObjects: 0.914000 ms CreateObjectMapping: 0.545200 ms MarkObjects: 7.863500 ms  DeleteObjects: 3.197100 ms)

Prepare: number of updated asset objects reloaded= 0
========================================================================
Received Prepare
Begin MonoManager ReloadAssembly
- Loaded All Assemblies, in  1.065 seconds
Refreshing native plugins compatible for Editor in 1.81 ms, found 4 plugins.
Native extension for WindowsStandalone target not found
[Package Manager] Failed to launch server process. Reason: Unity was launched with the -noUpm command-line argument
[Package Manager] Unable to send message (not connected to server process).
[Package Manager] Cannot connect to Unity Package Manager local server
Mono: successfully reloaded assembly
- Finished resetting the current domain, in  1.203 seconds
Domain Reload Profiling: 2264ms
	BeginReloadAssembly (240ms)
		ExecutionOrderSort (0ms)
		DisableScriptedObjects (16ms)
		BackupInstance (0ms)
		ReleaseScriptingObjects (0ms)
		CreateAndSetChildDomain (55ms)
	RebuildCommonClasses (52ms)
	RebuildNativeTypeToScriptingClass (20ms)
	initialDomainReloadingComplete (45ms)
	LoadAllAssembliesAndSetupDomain (703ms)
		LoadAssemblies (466ms)
		RebuildTransferFunctionScriptingTraits (0ms)
		AnalyzeDomain (337ms)
			TypeCache.Refresh (9ms)
				TypeCache.ScanAssembly (0ms)
			BuildScriptInfoCaches (308ms)
			ResolveRequiredComponents (15ms)
	FinalizeReload (1204ms)
		ReleaseScriptCaches (0ms)
		RebuildScriptCaches (0ms)
		SetupLoadedEditorAssemblies (983ms)
			LogAssemblyErrors (0ms)
			InitializePlatformSupportModulesInManaged (3ms)
			SetLoadedEditorAssemblies (6ms)
			BeforeProcessingInitializeOnLoad (290ms)
			ProcessInitializeOnLoadAttributes (600ms)
			ProcessInitializeOnLoadMethodAttributes (79ms)
			AfterProcessingInitializeOnLoad (5ms)
			EditorAssembliesLoaded (1ms)
		ExecutionOrderSort2 (1ms)
		AwakeInstancesAfterBackupRestoration (26ms)
Refreshing native plugins compatible for Editor in 2.12 ms, found 4 plugins.
Preloading 0 native plugins for Editor in 0.00 ms.
Unloading 13 Unused Serialized files (Serialized files now loaded: 0)
Unloading 6764 unused Assets / (4.4 MB). Loaded Objects now: 8282.
Memory consumption went from 155.5 MB to 151.1 MB.
Total: 11.253900 ms (FindLiveObjects: 0.785200 ms CreateObjectMapping: 1.012000 ms MarkObjects: 6.906700 ms  DeleteObjects: 2.548400 ms)

Prepare: number of updated asset objects reloaded= 0
========================================================================
Received Prepare
Refreshing native plugins compatible for Editor in 2.81 ms, found 4 plugins.
Preloading 0 native plugins for Editor in 0.00 ms.
Unloading 13 Unused Serialized files (Serialized files now loaded: 0)
Unloading 6754 unused Assets / (5.8 MB). Loaded Objects now: 8282.
Memory consumption went from 155.7 MB to 149.9 MB.
Total: 36.257300 ms (FindLiveObjects: 3.885200 ms CreateObjectMapping: 5.626200 ms MarkObjects: 16.211100 ms  DeleteObjects: 10.533200 ms)

Prepare: number of updated asset objects reloaded= 0
========================================================================
Received Import Request.
  Time since last request: 272.827046 seconds.
  path: Assets/Prefabs/Turrets/Standard Turret.prefab
  artifactKey: Guid(0fabeecabe058844b825ce0fdc6ed719) Importer(815301076,1909f56bfc062723c751e8b465ee728b)
Start importing Assets/Prefabs/Turrets/Standard Turret.prefab using Guid(0fabeecabe058844b825ce0fdc6ed719) Importer(815301076,1909f56bfc062723c751e8b465ee728b) (PreviewImporter) -> (artifact id: '1e77e6bf228be0ebdad4f60044648539') in 0.5862901 seconds
Number of updated asset objects reloaded before import = 0Number of asset objects unloaded after import = 43

========================================================================
Received Prepare
Begin MonoManager ReloadAssembly
[Licensing::Client] Successfully resolved entitlement details
[Licensing::Module] License group:
  Id: F4-559Z-ESNU-EWRH-PCGX-XXXX
  Product: Unity Personal
  Type: ULF
  Expiration: Unlimited
[Licensing::Module] License group:
  Id: 5773053068775-UnityPersXXXX
  Product: Unity Personal
  Type: Assigned
  Expiration: Unlimited
- Loaded All Assemblies, in  0.914 seconds
Refreshing native plugins compatible for Editor in 1.92 ms, found 4 plugins.
Native extension for WindowsStandalone target not found
[Package Manager] Failed to launch server process. Reason: Unity was launched with the -noUpm command-line argument
[Package Manager] Unable to send message (not connected to server process).
[Package Manager] Cannot connect to Unity Package Manager local server
Mono: successfully reloaded assembly
- Finished resetting the current domain, in  0.942 seconds
Domain Reload Profiling: 1852ms
	BeginReloadAssembly (257ms)
		ExecutionOrderSort (0ms)
		DisableScriptedObjects (37ms)
		BackupInstance (0ms)
		ReleaseScriptingObjects (0ms)
		CreateAndSetChildDomain (53ms)
	RebuildCommonClasses (37ms)
	RebuildNativeTypeToScriptingClass (16ms)
	initialDomainReloadingComplete (32ms)
	LoadAllAssembliesAndSetupDomain (568ms)
		LoadAssemblies (400ms)
		RebuildTransferFunctionScriptingTraits (0ms)
		AnalyzeDomain (267ms)
			TypeCache.Refresh (10ms)
				TypeCache.ScanAssembly (0ms)
			BuildScriptInfoCaches (242ms)
			ResolveRequiredComponents (11ms)
	FinalizeReload (942ms)
		ReleaseScriptCaches (0ms)
		RebuildScriptCaches (0ms)
		SetupLoadedEditorAssemblies (767ms)
			LogAssemblyErrors (0ms)
			InitializePlatformSupportModulesInManaged (2ms)
			SetLoadedEditorAssemblies (3ms)
			BeforeProcessingInitializeOnLoad (120ms)
			ProcessInitializeOnLoadAttributes (562ms)
			ProcessInitializeOnLoadMethodAttributes (75ms)
			AfterProcessingInitializeOnLoad (5ms)
			EditorAssembliesLoaded (0ms)
		ExecutionOrderSort2 (0ms)
		AwakeInstancesAfterBackupRestoration (31ms)
Refreshing native plugins compatible for Editor in 2.23 ms, found 4 plugins.
Preloading 0 native plugins for Editor in 0.00 ms.
Unloading 13 Unused Serialized files (Serialized files now loaded: 0)
Unloading 6764 unused Assets / (4.8 MB). Loaded Objects now: 8305.
Memory consumption went from 155.7 MB to 150.9 MB.
Total: 11.078500 ms (FindLiveObjects: 0.709300 ms CreateObjectMapping: 1.030000 ms MarkObjects: 5.883000 ms  DeleteObjects: 3.453900 ms)

Prepare: number of updated asset objects reloaded= 0
========================================================================
Received Import Request.
  Time since last request: 6.513990 seconds.
  path: Assets/Prefabs/Turrets/Standard Turret.prefab
  artifactKey: Guid(0fabeecabe058844b825ce0fdc6ed719) Importer(815301076,1909f56bfc062723c751e8b465ee728b)
Start importing Assets/Prefabs/Turrets/Standard Turret.prefab using Guid(0fabeecabe058844b825ce0fdc6ed719) Importer(815301076,1909f56bfc062723c751e8b465ee728b) (PreviewImporter) -> (artifact id: 'ab501dcb03953eb544dbfc8a3b34136c') in 0.4984531 seconds
Number of updated asset objects reloaded before import = 0Number of asset objects unloaded after import = 43

========================================================================
Received Import Request.
  Time since last request: 0.000046 seconds.
  path: Assets/Prefabs/Turrets/Electric Turret.prefab
  artifactKey: Guid(aae537c2f92013746a402db5116df460) Importer(815301076,1909f56bfc062723c751e8b465ee728b)
Start importing Assets/Prefabs/Turrets/Electric Turret.prefab using Guid(aae537c2f92013746a402db5116df460) Importer(815301076,1909f56bfc062723c751e8b465ee728b) (PreviewImporter) -> (artifact id: 'fefdf2cbd47800dc1c6d6edfa2121244') in 0.0103687 seconds
Number of updated asset objects reloaded before import = 0Number of asset objects unloaded after import = 19

========================================================================
Received Prepare
Begin MonoManager ReloadAssembly
- Loaded All Assemblies, in  1.090 seconds
Refreshing native plugins compatible for Editor in 5.82 ms, found 4 plugins.
Native extension for WindowsStandalone target not found
[Package Manager] Failed to launch server process. Reason: Unity was launched with the -noUpm command-line argument
[Package Manager] Unable to send message (not connected to server process).
[Package Manager] Cannot connect to Unity Package Manager local server
Mono: successfully reloaded assembly
- Finished resetting the current domain, in  1.083 seconds
Domain Reload Profiling: 2174ms
	BeginReloadAssembly (275ms)
		ExecutionOrderSort (0ms)
		DisableScriptedObjects (30ms)
		BackupInstance (0ms)
		ReleaseScriptingObjects (0ms)
		CreateAndSetChildDomain (63ms)
	RebuildCommonClasses (45ms)
	RebuildNativeTypeToScriptingClass (15ms)
	initialDomainReloadingComplete (35ms)
	LoadAllAssembliesAndSetupDomain (720ms)
		LoadAssemblies (566ms)
		RebuildTransferFunctionScriptingTraits (0ms)
		AnalyzeDomain (262ms)
			TypeCache.Refresh (9ms)
				TypeCache.ScanAssembly (0ms)
			BuildScriptInfoCaches (236ms)
			ResolveRequiredComponents (12ms)
	FinalizeReload (1084ms)
		ReleaseScriptCaches (0ms)
		RebuildScriptCaches (0ms)
		SetupLoadedEditorAssemblies (880ms)
			LogAssemblyErrors (0ms)
			InitializePlatformSupportModulesInManaged (3ms)
			SetLoadedEditorAssemblies (4ms)
			BeforeProcessingInitializeOnLoad (140ms)
			ProcessInitializeOnLoadAttributes (622ms)
			ProcessInitializeOnLoadMethodAttributes (105ms)
			AfterProcessingInitializeOnLoad (4ms)
			EditorAssembliesLoaded (0ms)
		ExecutionOrderSort2 (0ms)
		AwakeInstancesAfterBackupRestoration (30ms)
Refreshing native plugins compatible for Editor in 2.49 ms, found 4 plugins.
Preloading 0 native plugins for Editor in 0.00 ms.
Unloading 13 Unused Serialized files (Serialized files now loaded: 0)
Unloading 6764 unused Assets / (4.9 MB). Loaded Objects now: 8328.
Memory consumption went from 155.7 MB to 150.8 MB.
Total: 11.943400 ms (FindLiveObjects: 1.273300 ms CreateObjectMapping: 0.863000 ms MarkObjects: 6.570700 ms  DeleteObjects: 3.233800 ms)

Prepare: number of updated asset objects reloaded= 0
========================================================================
Received Prepare
Refreshing native plugins compatible for Editor in 3.70 ms, found 4 plugins.
Preloading 0 native plugins for Editor in 0.00 ms.
Unloading 13 Unused Serialized files (Serialized files now loaded: 0)
Unloading 6754 unused Assets / (4.8 MB). Loaded Objects now: 8328.
Memory consumption went from 155.8 MB to 151.0 MB.
Total: 14.208000 ms (FindLiveObjects: 1.334200 ms CreateObjectMapping: 0.887400 ms MarkObjects: 7.611000 ms  DeleteObjects: 4.373400 ms)

Prepare: number of updated asset objects reloaded= 0
========================================================================
Received Import Request.
  Time since last request: 35.673649 seconds.
  path: Assets/Prefabs/Turrets/Standard Turret.prefab
  artifactKey: Guid(0fabeecabe058844b825ce0fdc6ed719) Importer(815301076,1909f56bfc062723c751e8b465ee728b)
Start importing Assets/Prefabs/Turrets/Standard Turret.prefab using Guid(0fabeecabe058844b825ce0fdc6ed719) Importer(815301076,1909f56bfc062723c751e8b465ee728b) (PreviewImporter) -> (artifact id: '4d1c75e13d33d5d8921a4aae9709956d') in 0.8034016 seconds
Number of updated asset objects reloaded before import = 0Number of asset objects unloaded after import = 43

========================================================================
Received Prepare
Begin MonoManager ReloadAssembly
- Loaded All Assemblies, in  0.920 seconds
Refreshing native plugins compatible for Editor in 1.49 ms, found 4 plugins.
Native extension for WindowsStandalone target not found
[Package Manager] Failed to launch server process. Reason: Unity was launched with the -noUpm command-line argument
[Package Manager] Unable to send message (not connected to server process).
[Package Manager] Cannot connect to Unity Package Manager local server
Mono: successfully reloaded assembly
- Finished resetting the current domain, in  1.077 seconds
Domain Reload Profiling: 1996ms
	BeginReloadAssembly (273ms)
		ExecutionOrderSort (0ms)
		DisableScriptedObjects (32ms)
		BackupInstance (0ms)
		ReleaseScriptingObjects (0ms)
		CreateAndSetChildDomain (59ms)
	RebuildCommonClasses (40ms)
	RebuildNativeTypeToScriptingClass (13ms)
	initialDomainReloadingComplete (38ms)
	LoadAllAssembliesAndSetupDomain (555ms)
		LoadAssemblies (404ms)
		RebuildTransferFunctionScriptingTraits (0ms)
		AnalyzeDomain (260ms)
			TypeCache.Refresh (10ms)
				TypeCache.ScanAssembly (0ms)
			BuildScriptInfoCaches (232ms)
			ResolveRequiredComponents (13ms)
	FinalizeReload (1077ms)
		ReleaseScriptCaches (0ms)
		RebuildScriptCaches (0ms)
		SetupLoadedEditorAssemblies (866ms)
			LogAssemblyErrors (0ms)
			InitializePlatformSupportModulesInManaged (3ms)
			SetLoadedEditorAssemblies (4ms)
			BeforeProcessingInitializeOnLoad (126ms)
			ProcessInitializeOnLoadAttributes (657ms)
			ProcessInitializeOnLoadMethodAttributes (71ms)
			AfterProcessingInitializeOnLoad (4ms)
			EditorAssembliesLoaded (0ms)
		ExecutionOrderSort2 (0ms)
		AwakeInstancesAfterBackupRestoration (25ms)
Refreshing native plugins compatible for Editor in 2.20 ms, found 4 plugins.
Preloading 0 native plugins for Editor in 0.00 ms.
Unloading 13 Unused Serialized files (Serialized files now loaded: 0)
Unloading 6764 unused Assets / (4.6 MB). Loaded Objects now: 8351.
Memory consumption went from 155.7 MB to 151.1 MB.
Total: 10.400100 ms (FindLiveObjects: 0.823000 ms CreateObjectMapping: 1.012000 ms MarkObjects: 5.601700 ms  DeleteObjects: 2.962100 ms)

Prepare: number of updated asset objects reloaded= 0
========================================================================
Received Import Request.
  Time since last request: 6.504223 seconds.
  path: Assets/Prefabs/Turrets/Fire Turret.prefab
  artifactKey: Guid(435c9623361906945a6126111a2a041d) Importer(815301076,1909f56bfc062723c751e8b465ee728b)
Start importing Assets/Prefabs/Turrets/Fire Turret.prefab using Guid(435c9623361906945a6126111a2a041d) Importer(815301076,1909f56bfc062723c751e8b465ee728b) (PreviewImporter) -> (artifact id: 'e877891e6690d61b9b013927d8e70aa7') in 0.455522 seconds
Number of updated asset objects reloaded before import = 0Number of asset objects unloaded after import = 26

========================================================================
Received Prepare
Begin MonoManager ReloadAssembly
- Loaded All Assemblies, in  0.843 seconds
Refreshing native plugins compatible for Editor in 2.79 ms, found 4 plugins.
Native extension for WindowsStandalone target not found
[Package Manager] Failed to launch server process. Reason: Unity was launched with the -noUpm command-line argument
[Package Manager] Unable to send message (not connected to server process).
[Package Manager] Cannot connect to Unity Package Manager local server
Mono: successfully reloaded assembly
- Finished resetting the current domain, in  0.922 seconds
Domain Reload Profiling: 1765ms
	BeginReloadAssembly (250ms)
		ExecutionOrderSort (0ms)
		DisableScriptedObjects (29ms)
		BackupInstance (0ms)
		ReleaseScriptingObjects (0ms)
		CreateAndSetChildDomain (55ms)
	RebuildCommonClasses (41ms)
	RebuildNativeTypeToScriptingClass (15ms)
	initialDomainReloadingComplete (32ms)
	LoadAllAssembliesAndSetupDomain (505ms)
		LoadAssemblies (380ms)
		RebuildTransferFunctionScriptingTraits (0ms)
		AnalyzeDomain (228ms)
			TypeCache.Refresh (7ms)
				TypeCache.ScanAssembly (0ms)
			BuildScriptInfoCaches (205ms)
			ResolveRequiredComponents (12ms)
	FinalizeReload (923ms)
		ReleaseScriptCaches (0ms)
		RebuildScriptCaches (0ms)
		SetupLoadedEditorAssemblies (744ms)
			LogAssemblyErrors (0ms)
			InitializePlatformSupportModulesInManaged (3ms)
			SetLoadedEditorAssemblies (4ms)
			BeforeProcessingInitializeOnLoad (131ms)
			ProcessInitializeOnLoadAttributes (525ms)
			ProcessInitializeOnLoadMethodAttributes (76ms)
			AfterProcessingInitializeOnLoad (4ms)
			EditorAssembliesLoaded (0ms)
		ExecutionOrderSort2 (0ms)
		AwakeInstancesAfterBackupRestoration (28ms)
Refreshing native plugins compatible for Editor in 2.10 ms, found 4 plugins.
Preloading 0 native plugins for Editor in 0.00 ms.
Unloading 13 Unused Serialized files (Serialized files now loaded: 0)
Unloading 6764 unused Assets / (4.6 MB). Loaded Objects now: 8374.
Memory consumption went from 155.9 MB to 151.2 MB.
Total: 11.781300 ms (FindLiveObjects: 0.755600 ms CreateObjectMapping: 0.944400 ms MarkObjects: 5.553600 ms  DeleteObjects: 4.525700 ms)

Prepare: number of updated asset objects reloaded= 0
========================================================================
Received Prepare
Refreshing native plugins compatible for Editor in 3.22 ms, found 4 plugins.
Preloading 0 native plugins for Editor in 0.00 ms.
Unloading 13 Unused Serialized files (Serialized files now loaded: 0)
Unloading 6754 unused Assets / (4.9 MB). Loaded Objects now: 8374.
Memory consumption went from 155.9 MB to 151.0 MB.
Total: 10.283300 ms (FindLiveObjects: 0.636900 ms CreateObjectMapping: 0.494900 ms MarkObjects: 6.158200 ms  DeleteObjects: 2.991700 ms)

Prepare: number of updated asset objects reloaded= 0
========================================================================
Received Import Request.
  Time since last request: 52.716934 seconds.
  path: Assets/Prefabs/Turrets/Standard Turret.prefab
  artifactKey: Guid(0fabeecabe058844b825ce0fdc6ed719) Importer(815301076,1909f56bfc062723c751e8b465ee728b)
Start importing Assets/Prefabs/Turrets/Standard Turret.prefab using Guid(0fabeecabe058844b825ce0fdc6ed719) Importer(815301076,1909f56bfc062723c751e8b465ee728b) (PreviewImporter) -> (artifact id: 'c04f33a93a153fa1feb4a179660c3431') in 0.7780245 seconds
Number of updated asset objects reloaded before import = 0Number of asset objects unloaded after import = 43

========================================================================
Received Prepare
Begin MonoManager ReloadAssembly
[Licensing::Client] Successfully resolved entitlement details
[Licensing::Module] License group:
  Id: F4-559Z-ESNU-EWRH-PCGX-XXXX
  Product: Unity Personal
  Type: ULF
  Expiration: Unlimited
[Licensing::Module] License group:
  Id: 5773053068775-UnityPersXXXX
  Product: Unity Personal
  Type: Assigned
  Expiration: Unlimited
- Loaded All Assemblies, in  0.916 seconds
Refreshing native plugins compatible for Editor in 2.36 ms, found 4 plugins.
Native extension for WindowsStandalone target not found
[Package Manager] Failed to launch server process. Reason: Unity was launched with the -noUpm command-line argument
[Package Manager] Unable to send message (not connected to server process).
[Package Manager] Cannot connect to Unity Package Manager local server
Mono: successfully reloaded assembly
- Finished resetting the current domain, in  0.971 seconds
Domain Reload Profiling: 1886ms
	BeginReloadAssembly (246ms)
		ExecutionOrderSort (0ms)
		DisableScriptedObjects (27ms)
		BackupInstance (0ms)
		ReleaseScriptingObjects (0ms)
		CreateAndSetChildDomain (57ms)
	RebuildCommonClasses (35ms)
	RebuildNativeTypeToScriptingClass (11ms)
	initialDomainReloadingComplete (31ms)
	LoadAllAssembliesAndSetupDomain (591ms)
		LoadAssemblies (395ms)
		RebuildTransferFunctionScriptingTraits (0ms)
		AnalyzeDomain (290ms)
			TypeCache.Refresh (9ms)
				TypeCache.ScanAssembly (0ms)
			BuildScriptInfoCaches (262ms)
			ResolveRequiredComponents (14ms)
	FinalizeReload (972ms)
		ReleaseScriptCaches (0ms)
		RebuildScriptCaches (0ms)
		SetupLoadedEditorAssemblies (772ms)
			LogAssemblyErrors (0ms)
			InitializePlatformSupportModulesInManaged (3ms)
			SetLoadedEditorAssemblies (4ms)
			BeforeProcessingInitializeOnLoad (125ms)
			ProcessInitializeOnLoadAttributes (565ms)
			ProcessInitializeOnLoadMethodAttributes (70ms)
			AfterProcessingInitializeOnLoad (5ms)
			EditorAssembliesLoaded (0ms)
		ExecutionOrderSort2 (0ms)
		AwakeInstancesAfterBackupRestoration (31ms)
Refreshing native plugins compatible for Editor in 2.40 ms, found 4 plugins.
Preloading 0 native plugins for Editor in 0.00 ms.
Unloading 13 Unused Serialized files (Serialized files now loaded: 0)
Unloading 6764 unused Assets / (4.2 MB). Loaded Objects now: 8397.
Memory consumption went from 155.9 MB to 151.8 MB.
Total: 9.953300 ms (FindLiveObjects: 1.099600 ms CreateObjectMapping: 0.678700 ms MarkObjects: 6.004500 ms  DeleteObjects: 2.169100 ms)

Prepare: number of updated asset objects reloaded= 0
========================================================================
Received Import Request.
  Time since last request: 6.522819 seconds.
  path: Assets/Prefabs/Turrets/Electric Turret.prefab
  artifactKey: Guid(aae537c2f92013746a402db5116df460) Importer(815301076,1909f56bfc062723c751e8b465ee728b)
Start importing Assets/Prefabs/Turrets/Electric Turret.prefab using Guid(aae537c2f92013746a402db5116df460) Importer(815301076,1909f56bfc062723c751e8b465ee728b) (PreviewImporter) -> (artifact id: '3280dce56c7b4805dbb33943646b18ad') in 0.4167424 seconds
Number of updated asset objects reloaded before import = 0Number of asset objects unloaded after import = 19

========================================================================
Received Prepare
Begin MonoManager ReloadAssembly
- Loaded All Assemblies, in  0.853 seconds
Refreshing native plugins compatible for Editor in 1.46 ms, found 4 plugins.
Native extension for WindowsStandalone target not found
[Package Manager] Failed to launch server process. Reason: Unity was launched with the -noUpm command-line argument
[Package Manager] Unable to send message (not connected to server process).
[Package Manager] Cannot connect to Unity Package Manager local server
Mono: successfully reloaded assembly
- Finished resetting the current domain, in  1.044 seconds
Domain Reload Profiling: 1898ms
	BeginReloadAssembly (244ms)
		ExecutionOrderSort (0ms)
		DisableScriptedObjects (32ms)
		BackupInstance (0ms)
		ReleaseScriptingObjects (0ms)
		CreateAndSetChildDomain (55ms)
	RebuildCommonClasses (36ms)
	RebuildNativeTypeToScriptingClass (17ms)
	initialDomainReloadingComplete (31ms)
	LoadAllAssembliesAndSetupDomain (525ms)
		LoadAssemblies (362ms)
		RebuildTransferFunctionScriptingTraits (0ms)
		AnalyzeDomain (251ms)
			TypeCache.Refresh (8ms)
				TypeCache.ScanAssembly (0ms)
			BuildScriptInfoCaches (227ms)
			ResolveRequiredComponents (11ms)
	FinalizeReload (1045ms)
		ReleaseScriptCaches (0ms)
		RebuildScriptCaches (0ms)
		SetupLoadedEditorAssemblies (840ms)
			LogAssemblyErrors (0ms)
			InitializePlatformSupportModulesInManaged (2ms)
			SetLoadedEditorAssemblies (5ms)
			BeforeProcessingInitializeOnLoad (200ms)
			ProcessInitializeOnLoadAttributes (551ms)
			ProcessInitializeOnLoadMethodAttributes (74ms)
			AfterProcessingInitializeOnLoad (8ms)
			EditorAssembliesLoaded (0ms)
		ExecutionOrderSort2 (0ms)
		AwakeInstancesAfterBackupRestoration (29ms)
Refreshing native plugins compatible for Editor in 2.11 ms, found 4 plugins.
Preloading 0 native plugins for Editor in 0.00 ms.
Unloading 13 Unused Serialized files (Serialized files now loaded: 0)
Unloading 6764 unused Assets / (4.6 MB). Loaded Objects now: 8420.
Memory consumption went from 156.0 MB to 151.4 MB.
Total: 10.941100 ms (FindLiveObjects: 0.883900 ms CreateObjectMapping: 0.994400 ms MarkObjects: 6.301800 ms  DeleteObjects: 2.759300 ms)

Prepare: number of updated asset objects reloaded= 0
========================================================================
Received Prepare
Refreshing native plugins compatible for Editor in 1.70 ms, found 4 plugins.
Preloading 0 native plugins for Editor in 0.00 ms.
Unloading 13 Unused Serialized files (Serialized files now loaded: 0)
Unloading 6754 unused Assets / (5.1 MB). Loaded Objects now: 8420.
Memory consumption went from 156.0 MB to 150.9 MB.
Total: 9.011700 ms (FindLiveObjects: 0.636300 ms CreateObjectMapping: 0.694100 ms MarkObjects: 4.551600 ms  DeleteObjects: 3.128200 ms)

Prepare: number of updated asset objects reloaded= 0
========================================================================
Received Import Request.
  Time since last request: 24.864766 seconds.
  path: Assets/Prefabs/Turrets/Standard Turret.prefab
  artifactKey: Guid(0fabeecabe058844b825ce0fdc6ed719) Importer(815301076,1909f56bfc062723c751e8b465ee728b)
Start importing Assets/Prefabs/Turrets/Standard Turret.prefab using Guid(0fabeecabe058844b825ce0fdc6ed719) Importer(815301076,1909f56bfc062723c751e8b465ee728b) (PreviewImporter) -> (artifact id: 'c70b2ccdb4670b34f2ca093603e5b257') in 0.6255431 seconds
Number of updated asset objects reloaded before import = 0Number of asset objects unloaded after import = 43

========================================================================
Received Import Request.
  Time since last request: 0.000039 seconds.
  path: Assets/Prefabs/Turrets/Fire Turret.prefab
  artifactKey: Guid(435c9623361906945a6126111a2a041d) Importer(815301076,1909f56bfc062723c751e8b465ee728b)
Start importing Assets/Prefabs/Turrets/Fire Turret.prefab using Guid(435c9623361906945a6126111a2a041d) Importer(815301076,1909f56bfc062723c751e8b465ee728b) (PreviewImporter) -> (artifact id: 'b867d6d41595b2dfb39d3c2068093a7a') in 0.0144294 seconds
Number of updated asset objects reloaded before import = 0Number of asset objects unloaded after import = 26

========================================================================
Received Prepare
Begin MonoManager ReloadAssembly
- Loaded All Assemblies, in  0.900 seconds
Refreshing native plugins compatible for Editor in 1.56 ms, found 4 plugins.
Native extension for WindowsStandalone target not found
[Package Manager] Failed to launch server process. Reason: Unity was launched with the -noUpm command-line argument
[Package Manager] Unable to send message (not connected to server process).
[Package Manager] Cannot connect to Unity Package Manager local server
Mono: successfully reloaded assembly
- Finished resetting the current domain, in  0.982 seconds
Domain Reload Profiling: 1881ms
	BeginReloadAssembly (267ms)
		ExecutionOrderSort (0ms)
		DisableScriptedObjects (39ms)
		BackupInstance (0ms)
		ReleaseScriptingObjects (0ms)
		CreateAndSetChildDomain (58ms)
	RebuildCommonClasses (34ms)
	RebuildNativeTypeToScriptingClass (12ms)
	initialDomainReloadingComplete (33ms)
	LoadAllAssembliesAndSetupDomain (552ms)
		LoadAssemblies (382ms)
		RebuildTransferFunctionScriptingTraits (0ms)
		AnalyzeDomain (273ms)
			TypeCache.Refresh (10ms)
				TypeCache.ScanAssembly (0ms)
			BuildScriptInfoCaches (247ms)
			ResolveRequiredComponents (10ms)
	FinalizeReload (983ms)
		ReleaseScriptCaches (0ms)
		RebuildScriptCaches (0ms)
		SetupLoadedEditorAssemblies (791ms)
			LogAssemblyErrors (0ms)
			InitializePlatformSupportModulesInManaged (50ms)
			SetLoadedEditorAssemblies (3ms)
			BeforeProcessingInitializeOnLoad (136ms)
			ProcessInitializeOnLoadAttributes (526ms)
			ProcessInitializeOnLoadMethodAttributes (69ms)
			AfterProcessingInitializeOnLoad (6ms)
			EditorAssembliesLoaded (0ms)
		ExecutionOrderSort2 (0ms)
		AwakeInstancesAfterBackupRestoration (31ms)
Refreshing native plugins compatible for Editor in 1.72 ms, found 4 plugins.
Preloading 0 native plugins for Editor in 0.00 ms.
Unloading 13 Unused Serialized files (Serialized files now loaded: 0)
Unloading 6764 unused Assets / (4.3 MB). Loaded Objects now: 8443.
Memory consumption went from 156.0 MB to 151.8 MB.
Total: 7.294400 ms (FindLiveObjects: 0.593100 ms CreateObjectMapping: 0.488400 ms MarkObjects: 4.399100 ms  DeleteObjects: 1.812700 ms)

Prepare: number of updated asset objects reloaded= 0
========================================================================
Received Prepare
Begin MonoManager ReloadAssembly
- Loaded All Assemblies, in  0.860 seconds
Refreshing native plugins compatible for Editor in 2.03 ms, found 4 plugins.
Native extension for WindowsStandalone target not found
[Package Manager] Failed to launch server process. Reason: Unity was launched with the -noUpm command-line argument
[Package Manager] Unable to send message (not connected to server process).
[Package Manager] Cannot connect to Unity Package Manager local server
Mono: successfully reloaded assembly
- Finished resetting the current domain, in  0.976 seconds
Domain Reload Profiling: 1835ms
	BeginReloadAssembly (232ms)
		ExecutionOrderSort (0ms)
		DisableScriptedObjects (17ms)
		BackupInstance (0ms)
		ReleaseScriptingObjects (0ms)
		CreateAndSetChildDomain (47ms)
	RebuildCommonClasses (41ms)
	RebuildNativeTypeToScriptingClass (13ms)
	initialDomainReloadingComplete (34ms)
	LoadAllAssembliesAndSetupDomain (539ms)
		LoadAssemblies (375ms)
		RebuildTransferFunctionScriptingTraits (0ms)
		AnalyzeDomain (264ms)
			TypeCache.Refresh (7ms)
				TypeCache.ScanAssembly (0ms)
			BuildScriptInfoCaches (240ms)
			ResolveRequiredComponents (12ms)
	FinalizeReload (977ms)
		ReleaseScriptCaches (0ms)
		RebuildScriptCaches (0ms)
		SetupLoadedEditorAssemblies (772ms)
			LogAssemblyErrors (0ms)
			InitializePlatformSupportModulesInManaged (3ms)
			SetLoadedEditorAssemblies (6ms)
			BeforeProcessingInitializeOnLoad (147ms)
			ProcessInitializeOnLoadAttributes (541ms)
			ProcessInitializeOnLoadMethodAttributes (69ms)
			AfterProcessingInitializeOnLoad (5ms)
			EditorAssembliesLoaded (1ms)
		ExecutionOrderSort2 (0ms)
		AwakeInstancesAfterBackupRestoration (28ms)
Refreshing native plugins compatible for Editor in 1.96 ms, found 4 plugins.
Preloading 0 native plugins for Editor in 0.00 ms.
Unloading 13 Unused Serialized files (Serialized files now loaded: 0)
Unloading 6764 unused Assets / (4.5 MB). Loaded Objects now: 8446.
Memory consumption went from 155.9 MB to 151.4 MB.
Total: 9.762300 ms (FindLiveObjects: 1.050300 ms CreateObjectMapping: 0.696100 ms MarkObjects: 5.732700 ms  DeleteObjects: 2.281600 ms)

Prepare: number of updated asset objects reloaded= 0
========================================================================
Received Prepare
Refreshing native plugins compatible for Editor in 10.18 ms, found 4 plugins.
Preloading 0 native plugins for Editor in 0.00 ms.
Unloading 13 Unused Serialized files (Serialized files now loaded: 0)
Unloading 6754 unused Assets / (3.8 MB). Loaded Objects now: 8446.
Memory consumption went from 156.0 MB to 152.2 MB.
Total: 45.675800 ms (FindLiveObjects: 2.309500 ms CreateObjectMapping: 3.786400 ms MarkObjects: 34.111200 ms  DeleteObjects: 5.139400 ms)

Prepare: number of updated asset objects reloaded= 0
========================================================================
Received Import Request.
  Time since last request: 41.982246 seconds.
  path: Assets/Prefabs/Turrets/Standard Turret.prefab
  artifactKey: Guid(0fabeecabe058844b825ce0fdc6ed719) Importer(815301076,1909f56bfc062723c751e8b465ee728b)
Start importing Assets/Prefabs/Turrets/Standard Turret.prefab using Guid(0fabeecabe058844b825ce0fdc6ed719) Importer(815301076,1909f56bfc062723c751e8b465ee728b) (PreviewImporter) -> (artifact id: 'a353c5d4e22ffa34dee697a1ce3e57d5') in 0.5579108 seconds
Number of updated asset objects reloaded before import = 0Number of asset objects unloaded after import = 43

========================================================================
Received Prepare
Begin MonoManager ReloadAssembly
[Licensing::Client] Successfully resolved entitlement details
[Licensing::Module] License group:
  Id: F4-559Z-ESNU-EWRH-PCGX-XXXX
  Product: Unity Personal
  Type: ULF
  Expiration: Unlimited
[Licensing::Module] License group:
  Id: 5773053068775-UnityPersXXXX
  Product: Unity Personal
  Type: Assigned
  Expiration: Unlimited
- Loaded All Assemblies, in  0.913 seconds
Refreshing native plugins compatible for Editor in 1.81 ms, found 4 plugins.
Native extension for WindowsStandalone target not found
[Package Manager] Failed to launch server process. Reason: Unity was launched with the -noUpm command-line argument
[Package Manager] Unable to send message (not connected to server process).
[Package Manager] Cannot connect to Unity Package Manager local server
Mono: successfully reloaded assembly
- Finished resetting the current domain, in  1.011 seconds
Domain Reload Profiling: 1922ms
	BeginReloadAssembly (257ms)
		ExecutionOrderSort (0ms)
		DisableScriptedObjects (33ms)
		BackupInstance (0ms)
		ReleaseScriptingObjects (0ms)
		CreateAndSetChildDomain (54ms)
	RebuildCommonClasses (34ms)
	RebuildNativeTypeToScriptingClass (12ms)
	initialDomainReloadingComplete (31ms)
	LoadAllAssembliesAndSetupDomain (576ms)
		LoadAssemblies (400ms)
		RebuildTransferFunctionScriptingTraits (0ms)
		AnalyzeDomain (278ms)
			TypeCache.Refresh (12ms)
				TypeCache.ScanAssembly (0ms)
			BuildScriptInfoCaches (250ms)
			ResolveRequiredComponents (11ms)
	FinalizeReload (1012ms)
		ReleaseScriptCaches (0ms)
		RebuildScriptCaches (0ms)
		SetupLoadedEditorAssemblies (816ms)
			LogAssemblyErrors (0ms)
			InitializePlatformSupportModulesInManaged (2ms)
			SetLoadedEditorAssemblies (6ms)
			BeforeProcessingInitializeOnLoad (141ms)
			ProcessInitializeOnLoadAttributes (583ms)
			ProcessInitializeOnLoadMethodAttributes (79ms)
			AfterProcessingInitializeOnLoad (5ms)
			EditorAssembliesLoaded (0ms)
		ExecutionOrderSort2 (0ms)
		AwakeInstancesAfterBackupRestoration (25ms)
Refreshing native plugins compatible for Editor in 1.45 ms, found 4 plugins.
Preloading 0 native plugins for Editor in 0.00 ms.
Unloading 13 Unused Serialized files (Serialized files now loaded: 0)
Unloading 6764 unused Assets / (5.4 MB). Loaded Objects now: 8469.
Memory consumption went from 156.1 MB to 150.7 MB.
Total: 10.762900 ms (FindLiveObjects: 1.067900 ms CreateObjectMapping: 1.204300 ms MarkObjects: 5.069700 ms  DeleteObjects: 3.419300 ms)

Prepare: number of updated asset objects reloaded= 0
========================================================================
Received Import Request.
  Time since last request: 6.675704 seconds.
  path: Assets/Prefabs/Turrets/Fire Turret.prefab
  artifactKey: Guid(435c9623361906945a6126111a2a041d) Importer(815301076,1909f56bfc062723c751e8b465ee728b)
Start importing Assets/Prefabs/Turrets/Fire Turret.prefab using Guid(435c9623361906945a6126111a2a041d) Importer(815301076,1909f56bfc062723c751e8b465ee728b) (PreviewImporter) -> (artifact id: '6a501a6612f2820c62cebb431ff1f820') in 0.4169905 seconds
Number of updated asset objects reloaded before import = 0Number of asset objects unloaded after import = 26

========================================================================
Received Prepare
Begin MonoManager ReloadAssembly
- Loaded All Assemblies, in  0.912 seconds
Refreshing native plugins compatible for Editor in 1.65 ms, found 4 plugins.
Native extension for WindowsStandalone target not found
[Package Manager] Failed to launch server process. Reason: Unity was launched with the -noUpm command-line argument
[Package Manager] Unable to send message (not connected to server process).
[Package Manager] Cannot connect to Unity Package Manager local server
Mono: successfully reloaded assembly
- Finished resetting the current domain, in  1.007 seconds
Domain Reload Profiling: 1921ms
	BeginReloadAssembly (257ms)
		ExecutionOrderSort (0ms)
		DisableScriptedObjects (30ms)
		BackupInstance (0ms)
		ReleaseScriptingObjects (0ms)
		CreateAndSetChildDomain (58ms)
	RebuildCommonClasses (40ms)
	RebuildNativeTypeToScriptingClass (14ms)
	initialDomainReloadingComplete (34ms)
	LoadAllAssembliesAndSetupDomain (568ms)
		LoadAssemblies (393ms)
		RebuildTransferFunctionScriptingTraits (0ms)
		AnalyzeDomain (271ms)
			TypeCache.Refresh (7ms)
				TypeCache.ScanAssembly (0ms)
			BuildScriptInfoCaches (242ms)
			ResolveRequiredComponents (16ms)
	FinalizeReload (1007ms)
		ReleaseScriptCaches (0ms)
		RebuildScriptCaches (0ms)
		SetupLoadedEditorAssemblies (804ms)
			LogAssemblyErrors (0ms)
			InitializePlatformSupportModulesInManaged (3ms)
			SetLoadedEditorAssemblies (7ms)
			BeforeProcessingInitializeOnLoad (150ms)
			ProcessInitializeOnLoadAttributes (557ms)
			ProcessInitializeOnLoadMethodAttributes (80ms)
			AfterProcessingInitializeOnLoad (6ms)
			EditorAssembliesLoaded (0ms)
		ExecutionOrderSort2 (0ms)
		AwakeInstancesAfterBackupRestoration (30ms)
Refreshing native plugins compatible for Editor in 2.65 ms, found 4 plugins.
Preloading 0 native plugins for Editor in 0.00 ms.
Unloading 13 Unused Serialized files (Serialized files now loaded: 0)
Unloading 6764 unused Assets / (4.7 MB). Loaded Objects now: 8492.
Memory consumption went from 156.2 MB to 151.5 MB.
Total: 11.818700 ms (FindLiveObjects: 1.101500 ms CreateObjectMapping: 0.800000 ms MarkObjects: 6.491700 ms  DeleteObjects: 3.424100 ms)

Prepare: number of updated asset objects reloaded= 0
========================================================================
Received Prepare
Refreshing native plugins compatible for Editor in 3.40 ms, found 4 plugins.
Preloading 0 native plugins for Editor in 0.00 ms.
Unloading 13 Unused Serialized files (Serialized files now loaded: 0)
Unloading 6754 unused Assets / (4.3 MB). Loaded Objects now: 8492.
Memory consumption went from 156.2 MB to 151.9 MB.
Total: 10.179500 ms (FindLiveObjects: 0.824200 ms CreateObjectMapping: 0.577300 ms MarkObjects: 6.111400 ms  DeleteObjects: 2.665000 ms)

Prepare: number of updated asset objects reloaded= 0
========================================================================
Received Import Request.
  Time since last request: 48.043075 seconds.
  path: Assets/Prefabs/Turrets/Standard Turret.prefab
  artifactKey: Guid(0fabeecabe058844b825ce0fdc6ed719) Importer(815301076,1909f56bfc062723c751e8b465ee728b)
Start importing Assets/Prefabs/Turrets/Standard Turret.prefab using Guid(0fabeecabe058844b825ce0fdc6ed719) Importer(815301076,1909f56bfc062723c751e8b465ee728b) (PreviewImporter) -> (artifact id: '6073f37527d1ed55bd2c60879344867c') in 0.5917715 seconds
Number of updated asset objects reloaded before import = 0Number of asset objects unloaded after import = 43

========================================================================
Received Import Request.
  Time since last request: 0.000039 seconds.
  path: Assets/Prefabs/Turrets/Fire Turret.prefab
  artifactKey: Guid(435c9623361906945a6126111a2a041d) Importer(815301076,1909f56bfc062723c751e8b465ee728b)
Start importing Assets/Prefabs/Turrets/Fire Turret.prefab using Guid(435c9623361906945a6126111a2a041d) Importer(815301076,1909f56bfc062723c751e8b465ee728b) (PreviewImporter) -> (artifact id: '36cab290e75df3e207aebd8b67ddf83b') in 0.0251877 seconds
Number of updated asset objects reloaded before import = 0Number of asset objects unloaded after import = 26

========================================================================
Received Prepare
Begin MonoManager ReloadAssembly
- Loaded All Assemblies, in  0.921 seconds
Refreshing native plugins compatible for Editor in 1.92 ms, found 4 plugins.
Native extension for WindowsStandalone target not found
[Package Manager] Failed to launch server process. Reason: Unity was launched with the -noUpm command-line argument
[Package Manager] Unable to send message (not connected to server process).
[Package Manager] Cannot connect to Unity Package Manager local server
Mono: successfully reloaded assembly
- Finished resetting the current domain, in  0.952 seconds
Domain Reload Profiling: 1870ms
	BeginReloadAssembly (253ms)
		ExecutionOrderSort (0ms)
		DisableScriptedObjects (30ms)
		BackupInstance (0ms)
		ReleaseScriptingObjects (0ms)
		CreateAndSetChildDomain (58ms)
	RebuildCommonClasses (38ms)
	RebuildNativeTypeToScriptingClass (15ms)
	initialDomainReloadingComplete (32ms)
	LoadAllAssembliesAndSetupDomain (579ms)
		LoadAssemblies (418ms)
		RebuildTransferFunctionScriptingTraits (0ms)
		AnalyzeDomain (261ms)
			TypeCache.Refresh (9ms)
				TypeCache.ScanAssembly (0ms)
			BuildScriptInfoCaches (235ms)
			ResolveRequiredComponents (12ms)
	FinalizeReload (952ms)
		ReleaseScriptCaches (0ms)
		RebuildScriptCaches (0ms)
		SetupLoadedEditorAssemblies (774ms)
			LogAssemblyErrors (0ms)
			InitializePlatformSupportModulesInManaged (4ms)
			SetLoadedEditorAssemblies (7ms)
			BeforeProcessingInitializeOnLoad (142ms)
			ProcessInitializeOnLoadAttributes (551ms)
			ProcessInitializeOnLoadMethodAttributes (65ms)
			AfterProcessingInitializeOnLoad (4ms)
			EditorAssembliesLoaded (0ms)
		ExecutionOrderSort2 (1ms)
		AwakeInstancesAfterBackupRestoration (25ms)
Refreshing native plugins compatible for Editor in 1.47 ms, found 4 plugins.
Preloading 0 native plugins for Editor in 0.00 ms.
Unloading 13 Unused Serialized files (Serialized files now loaded: 0)
Unloading 6764 unused Assets / (4.2 MB). Loaded Objects now: 8515.
Memory consumption went from 156.3 MB to 152.0 MB.
Total: 7.929700 ms (FindLiveObjects: 0.859200 ms CreateObjectMapping: 0.799500 ms MarkObjects: 4.356600 ms  DeleteObjects: 1.913400 ms)

Prepare: number of updated asset objects reloaded= 0
========================================================================
Received Prepare
Begin MonoManager ReloadAssembly
[Licensing::Client] Successfully resolved entitlement details
[Licensing::Module] License group:
  Id: F4-559Z-ESNU-EWRH-PCGX-XXXX
  Product: Unity Personal
  Type: ULF
  Expiration: Unlimited
[Licensing::Module] License group:
  Id: 5773053068775-UnityPersXXXX
  Product: Unity Personal
  Type: Assigned
  Expiration: Unlimited
- Loaded All Assemblies, in  0.880 seconds
Refreshing native plugins compatible for Editor in 1.73 ms, found 4 plugins.
Native extension for WindowsStandalone target not found
[Package Manager] Failed to launch server process. Reason: Unity was launched with the -noUpm command-line argument
[Package Manager] Unable to send message (not connected to server process).
[Package Manager] Cannot connect to Unity Package Manager local server
Mono: successfully reloaded assembly
- Finished resetting the current domain, in  1.052 seconds
Domain Reload Profiling: 1936ms
	BeginReloadAssembly (225ms)
		ExecutionOrderSort (0ms)
		DisableScriptedObjects (18ms)
		BackupInstance (0ms)
		ReleaseScriptingObjects (0ms)
		CreateAndSetChildDomain (49ms)
	RebuildCommonClasses (43ms)
	RebuildNativeTypeToScriptingClass (14ms)
	initialDomainReloadingComplete (34ms)
	LoadAllAssembliesAndSetupDomain (561ms)
		LoadAssemblies (392ms)
		RebuildTransferFunctionScriptingTraits (0ms)
		AnalyzeDomain (265ms)
			TypeCache.Refresh (8ms)
				TypeCache.ScanAssembly (0ms)
			BuildScriptInfoCaches (240ms)
			ResolveRequiredComponents (12ms)
	FinalizeReload (1059ms)
		ReleaseScriptCaches (0ms)
		RebuildScriptCaches (0ms)
		SetupLoadedEditorAssemblies (826ms)
			LogAssemblyErrors (0ms)
			InitializePlatformSupportModulesInManaged (3ms)
			SetLoadedEditorAssemblies (5ms)
			BeforeProcessingInitializeOnLoad (137ms)
			ProcessInitializeOnLoadAttributes (596ms)
			ProcessInitializeOnLoadMethodAttributes (80ms)
			AfterProcessingInitializeOnLoad (5ms)
			EditorAssembliesLoaded (1ms)
		ExecutionOrderSort2 (1ms)
		AwakeInstancesAfterBackupRestoration (31ms)
Refreshing native plugins compatible for Editor in 2.00 ms, found 4 plugins.
Preloading 0 native plugins for Editor in 0.00 ms.
Unloading 13 Unused Serialized files (Serialized files now loaded: 0)
Unloading 6764 unused Assets / (4.2 MB). Loaded Objects now: 8518.
Memory consumption went from 156.2 MB to 152.0 MB.
Total: 9.811400 ms (FindLiveObjects: 0.762000 ms CreateObjectMapping: 0.517400 ms MarkObjects: 5.496200 ms  DeleteObjects: 3.034400 ms)

Prepare: number of updated asset objects reloaded= 0
========================================================================
Received Prepare
Refreshing native plugins compatible for Editor in 1.88 ms, found 4 plugins.
Preloading 0 native plugins for Editor in 0.00 ms.
Unloading 13 Unused Serialized files (Serialized files now loaded: 0)
Unloading 6754 unused Assets / (4.3 MB). Loaded Objects now: 8518.
Memory consumption went from 156.3 MB to 152.0 MB.
Total: 8.911500 ms (FindLiveObjects: 0.665000 ms CreateObjectMapping: 0.521400 ms MarkObjects: 5.459900 ms  DeleteObjects: 2.263900 ms)

Prepare: number of updated asset objects reloaded= 0
========================================================================
Received Import Request.
  Time since last request: 229.157342 seconds.
  path: Assets/Prefabs/Turrets/Standard Turret.prefab
  artifactKey: Guid(0fabeecabe058844b825ce0fdc6ed719) Importer(815301076,1909f56bfc062723c751e8b465ee728b)
Start importing Assets/Prefabs/Turrets/Standard Turret.prefab using Guid(0fabeecabe058844b825ce0fdc6ed719) Importer(815301076,1909f56bfc062723c751e8b465ee728b) (PreviewImporter) -> (artifact id: '6c7e70cf29c7ac3998f07b68352f3bf5') in 0.5513836 seconds
Number of updated asset objects reloaded before import = 0Number of asset objects unloaded after import = 43

========================================================================
Received Import Request.
  Time since last request: 0.000024 seconds.
  path: Assets/Prefabs/Turrets/Fire Turret.prefab
  artifactKey: Guid(435c9623361906945a6126111a2a041d) Importer(815301076,1909f56bfc062723c751e8b465ee728b)
Start importing Assets/Prefabs/Turrets/Fire Turret.prefab using Guid(435c9623361906945a6126111a2a041d) Importer(815301076,1909f56bfc062723c751e8b465ee728b) (PreviewImporter) -> (artifact id: '469b11e8ecec71d7dac296cd1b2d48af') in 0.0153915 seconds
Number of updated asset objects reloaded before import = 0Number of asset objects unloaded after import = 26

========================================================================
Received Prepare
Begin MonoManager ReloadAssembly
[Licensing::Client] Successfully resolved entitlement details
[Licensing::Module] License group:
  Id: F4-559Z-ESNU-EWRH-PCGX-XXXX
  Product: Unity Personal
  Type: ULF
  Expiration: Unlimited
[Licensing::Module] License group:
  Id: 5773053068775-UnityPersXXXX
  Product: Unity Personal
  Type: Assigned
  Expiration: Unlimited
- Loaded All Assemblies, in  0.957 seconds
Refreshing native plugins compatible for Editor in 1.72 ms, found 4 plugins.
Native extension for WindowsStandalone target not found
[Package Manager] Failed to launch server process. Reason: Unity was launched with the -noUpm command-line argument
[Package Manager] Unable to send message (not connected to server process).
[Package Manager] Cannot connect to Unity Package Manager local server
Mono: successfully reloaded assembly
- Finished resetting the current domain, in  1.010 seconds
Domain Reload Profiling: 1966ms
	BeginReloadAssembly (256ms)
		ExecutionOrderSort (0ms)
		DisableScriptedObjects (30ms)
		BackupInstance (0ms)
		ReleaseScriptingObjects (0ms)
		CreateAndSetChildDomain (59ms)
	RebuildCommonClasses (36ms)
	RebuildNativeTypeToScriptingClass (12ms)
	initialDomainReloadingComplete (33ms)
	LoadAllAssembliesAndSetupDomain (618ms)
		LoadAssemblies (397ms)
		RebuildTransferFunctionScriptingTraits (0ms)
		AnalyzeDomain (317ms)
			TypeCache.Refresh (10ms)
				TypeCache.ScanAssembly (0ms)
			BuildScriptInfoCaches (288ms)
			ResolveRequiredComponents (11ms)
	FinalizeReload (1011ms)
		ReleaseScriptCaches (0ms)
		RebuildScriptCaches (0ms)
		SetupLoadedEditorAssemblies (820ms)
			LogAssemblyErrors (0ms)
			InitializePlatformSupportModulesInManaged (2ms)
			SetLoadedEditorAssemblies (6ms)
			BeforeProcessingInitializeOnLoad (141ms)
			ProcessInitializeOnLoadAttributes (600ms)
			ProcessInitializeOnLoadMethodAttributes (66ms)
			AfterProcessingInitializeOnLoad (5ms)
			EditorAssembliesLoaded (0ms)
		ExecutionOrderSort2 (0ms)
		AwakeInstancesAfterBackupRestoration (25ms)
Refreshing native plugins compatible for Editor in 1.76 ms, found 4 plugins.
Preloading 0 native plugins for Editor in 0.00 ms.
Unloading 13 Unused Serialized files (Serialized files now loaded: 0)
Unloading 6764 unused Assets / (4.1 MB). Loaded Objects now: 8541.
Memory consumption went from 156.3 MB to 152.2 MB.
Total: 8.635100 ms (FindLiveObjects: 0.648200 ms CreateObjectMapping: 0.495500 ms MarkObjects: 5.321300 ms  DeleteObjects: 2.168700 ms)

Prepare: number of updated asset objects reloaded= 0
========================================================================
Received Prepare
Begin MonoManager ReloadAssembly
- Loaded All Assemblies, in  0.865 seconds
Refreshing native plugins compatible for Editor in 2.03 ms, found 4 plugins.
Native extension for WindowsStandalone target not found
[Package Manager] Failed to launch server process. Reason: Unity was launched with the -noUpm command-line argument
[Package Manager] Unable to send message (not connected to server process).
[Package Manager] Cannot connect to Unity Package Manager local server
Mono: successfully reloaded assembly
- Finished resetting the current domain, in  1.052 seconds
Domain Reload Profiling: 1952ms
	BeginReloadAssembly (226ms)
		ExecutionOrderSort (0ms)
		DisableScriptedObjects (17ms)
		BackupInstance (0ms)
		ReleaseScriptingObjects (0ms)
		CreateAndSetChildDomain (46ms)
	RebuildCommonClasses (42ms)
	RebuildNativeTypeToScriptingClass (15ms)
	initialDomainReloadingComplete (31ms)
	LoadAllAssembliesAndSetupDomain (586ms)
		LoadAssemblies (390ms)
		RebuildTransferFunctionScriptingTraits (0ms)
		AnalyzeDomain (256ms)
			TypeCache.Refresh (7ms)
				TypeCache.ScanAssembly (0ms)
			BuildScriptInfoCaches (233ms)
			ResolveRequiredComponents (12ms)
	FinalizeReload (1052ms)
		ReleaseScriptCaches (0ms)
		RebuildScriptCaches (0ms)
		SetupLoadedEditorAssemblies (855ms)
			LogAssemblyErrors (0ms)
			InitializePlatformSupportModulesInManaged (3ms)
			SetLoadedEditorAssemblies (5ms)
			BeforeProcessingInitializeOnLoad (133ms)
			ProcessInitializeOnLoadAttributes (615ms)
			ProcessInitializeOnLoadMethodAttributes (93ms)
			AfterProcessingInitializeOnLoad (5ms)
			EditorAssembliesLoaded (0ms)
		ExecutionOrderSort2 (0ms)
		AwakeInstancesAfterBackupRestoration (28ms)
Refreshing native plugins compatible for Editor in 2.50 ms, found 4 plugins.
Preloading 0 native plugins for Editor in 0.00 ms.
Unloading 13 Unused Serialized files (Serialized files now loaded: 0)
Unloading 6764 unused Assets / (4.3 MB). Loaded Objects now: 8544.
Memory consumption went from 156.2 MB to 151.9 MB.
Total: 12.152400 ms (FindLiveObjects: 1.027700 ms CreateObjectMapping: 1.075800 ms MarkObjects: 7.094900 ms  DeleteObjects: 2.952200 ms)

Prepare: number of updated asset objects reloaded= 0
========================================================================
Received Prepare
Refreshing native plugins compatible for Editor in 3.72 ms, found 4 plugins.
Preloading 0 native plugins for Editor in 0.00 ms.
Unloading 13 Unused Serialized files (Serialized files now loaded: 0)
Unloading 6754 unused Assets / (4.6 MB). Loaded Objects now: 8544.
Memory consumption went from 156.4 MB to 151.8 MB.
Total: 11.538400 ms (FindLiveObjects: 0.989500 ms CreateObjectMapping: 0.948500 ms MarkObjects: 6.499600 ms  DeleteObjects: 3.099000 ms)

Prepare: number of updated asset objects reloaded= 0
========================================================================
Received Import Request.
  Time since last request: 118.712395 seconds.
  path: Assets/Prefabs/Turrets/Standard Turret.prefab
  artifactKey: Guid(0fabeecabe058844b825ce0fdc6ed719) Importer(815301076,1909f56bfc062723c751e8b465ee728b)
Start importing Assets/Prefabs/Turrets/Standard Turret.prefab using Guid(0fabeecabe058844b825ce0fdc6ed719) Importer(815301076,1909f56bfc062723c751e8b465ee728b) (PreviewImporter) -> (artifact id: '91bbbfbda869cc9d72c66e227334761c') in 0.5739938 seconds
Number of updated asset objects reloaded before import = 0Number of asset objects unloaded after import = 43

========================================================================
Received Prepare
Begin MonoManager ReloadAssembly
[Licensing::Client] Successfully resolved entitlement details
[Licensing::Module] License group:
  Id: F4-559Z-ESNU-EWRH-PCGX-XXXX
  Product: Unity Personal
  Type: ULF
  Expiration: Unlimited
[Licensing::Module] License group:
  Id: 5773053068775-UnityPersXXXX
  Product: Unity Personal
  Type: Assigned
  Expiration: Unlimited
- Loaded All Assemblies, in  0.972 seconds
Refreshing native plugins compatible for Editor in 1.68 ms, found 4 plugins.
Native extension for WindowsStandalone target not found
[Package Manager] Failed to launch server process. Reason: Unity was launched with the -noUpm command-line argument
[Package Manager] Unable to send message (not connected to server process).
[Package Manager] Cannot connect to Unity Package Manager local server
Mono: successfully reloaded assembly
- Finished resetting the current domain, in  1.037 seconds
Domain Reload Profiling: 2009ms
	BeginReloadAssembly (278ms)
		ExecutionOrderSort (0ms)
		DisableScriptedObjects (34ms)
		BackupInstance (0ms)
		ReleaseScriptingObjects (0ms)
		CreateAndSetChildDomain (59ms)
	RebuildCommonClasses (37ms)
	RebuildNativeTypeToScriptingClass (15ms)
	initialDomainReloadingComplete (34ms)
	LoadAllAssembliesAndSetupDomain (609ms)
		LoadAssemblies (434ms)
		RebuildTransferFunctionScriptingTraits (0ms)
		AnalyzeDomain (287ms)
			TypeCache.Refresh (12ms)
				TypeCache.ScanAssembly (1ms)
			BuildScriptInfoCaches (257ms)
			ResolveRequiredComponents (13ms)
	FinalizeReload (1037ms)
		ReleaseScriptCaches (0ms)
		RebuildScriptCaches (0ms)
		SetupLoadedEditorAssemblies (846ms)
			LogAssemblyErrors (0ms)
			InitializePlatformSupportModulesInManaged (3ms)
			SetLoadedEditorAssemblies (6ms)
			BeforeProcessingInitializeOnLoad (144ms)
			ProcessInitializeOnLoadAttributes (617ms)
			ProcessInitializeOnLoadMethodAttributes (71ms)
			AfterProcessingInitializeOnLoad (4ms)
			EditorAssembliesLoaded (0ms)
		ExecutionOrderSort2 (0ms)
		AwakeInstancesAfterBackupRestoration (25ms)
Refreshing native plugins compatible for Editor in 2.21 ms, found 4 plugins.
Preloading 0 native plugins for Editor in 0.00 ms.
Unloading 13 Unused Serialized files (Serialized files now loaded: 0)
Unloading 6764 unused Assets / (4.8 MB). Loaded Objects now: 8567.
Memory consumption went from 156.4 MB to 151.6 MB.
Total: 10.076300 ms (FindLiveObjects: 0.673400 ms CreateObjectMapping: 0.647400 ms MarkObjects: 5.141300 ms  DeleteObjects: 3.612500 ms)

Prepare: number of updated asset objects reloaded= 0
========================================================================
Received Import Request.
  Time since last request: 6.943034 seconds.
  path: Assets/Prefabs/Turrets/Fire Turret.prefab
  artifactKey: Guid(435c9623361906945a6126111a2a041d) Importer(815301076,1909f56bfc062723c751e8b465ee728b)
Start importing Assets/Prefabs/Turrets/Fire Turret.prefab using Guid(435c9623361906945a6126111a2a041d) Importer(815301076,1909f56bfc062723c751e8b465ee728b) (PreviewImporter) -> (artifact id: '45684adc117fb2b7e5fa019927c2249f') in 0.4334082 seconds
Number of updated asset objects reloaded before import = 0Number of asset objects unloaded after import = 26

========================================================================
Received Prepare
Begin MonoManager ReloadAssembly
- Loaded All Assemblies, in  0.851 seconds
Refreshing native plugins compatible for Editor in 1.90 ms, found 4 plugins.
Native extension for WindowsStandalone target not found
[Package Manager] Failed to launch server process. Reason: Unity was launched with the -noUpm command-line argument
[Package Manager] Unable to send message (not connected to server process).
[Package Manager] Cannot connect to Unity Package Manager local server
Mono: successfully reloaded assembly
- Finished resetting the current domain, in  0.999 seconds
Domain Reload Profiling: 1849ms
	BeginReloadAssembly (244ms)
		ExecutionOrderSort (0ms)
		DisableScriptedObjects (32ms)
		BackupInstance (0ms)
		ReleaseScriptingObjects (0ms)
		CreateAndSetChildDomain (53ms)
	RebuildCommonClasses (42ms)
	RebuildNativeTypeToScriptingClass (13ms)
	initialDomainReloadingComplete (32ms)
	LoadAllAssembliesAndSetupDomain (518ms)
		LoadAssemblies (374ms)
		RebuildTransferFunctionScriptingTraits (0ms)
		AnalyzeDomain (242ms)
			TypeCache.Refresh (7ms)
				TypeCache.ScanAssembly (0ms)
			BuildScriptInfoCaches (216ms)
			ResolveRequiredComponents (14ms)
	FinalizeReload (1000ms)
		ReleaseScriptCaches (0ms)
		RebuildScriptCaches (0ms)
		SetupLoadedEditorAssemblies (789ms)
			LogAssemblyErrors (0ms)
			InitializePlatformSupportModulesInManaged (2ms)
			SetLoadedEditorAssemblies (6ms)
			BeforeProcessingInitializeOnLoad (145ms)
			ProcessInitializeOnLoadAttributes (556ms)
			ProcessInitializeOnLoadMethodAttributes (74ms)
			AfterProcessingInitializeOnLoad (6ms)
			EditorAssembliesLoaded (0ms)
		ExecutionOrderSort2 (0ms)
		AwakeInstancesAfterBackupRestoration (31ms)
Refreshing native plugins compatible for Editor in 2.93 ms, found 4 plugins.
Preloading 0 native plugins for Editor in 0.00 ms.
Unloading 13 Unused Serialized files (Serialized files now loaded: 0)
Unloading 6764 unused Assets / (4.3 MB). Loaded Objects now: 8590.
Memory consumption went from 156.5 MB to 152.2 MB.
Total: 10.694800 ms (FindLiveObjects: 0.843400 ms CreateObjectMapping: 0.501400 ms MarkObjects: 6.275500 ms  DeleteObjects: 3.072800 ms)

Prepare: number of updated asset objects reloaded= 0
========================================================================
Received Prepare
Refreshing native plugins compatible for Editor in 1.64 ms, found 4 plugins.
Preloading 0 native plugins for Editor in 0.00 ms.
Unloading 13 Unused Serialized files (Serialized files now loaded: 0)
Unloading 6754 unused Assets / (4.8 MB). Loaded Objects now: 8590.
Memory consumption went from 156.5 MB to 151.7 MB.
Total: 26.808100 ms (FindLiveObjects: 0.763400 ms CreateObjectMapping: 0.707800 ms MarkObjects: 5.978500 ms  DeleteObjects: 19.357500 ms)

Prepare: number of updated asset objects reloaded= 0
========================================================================
Received Import Request.
  Time since last request: 286.393771 seconds.
  path: Assets/Prefabs/Turrets/Standard Turret.prefab
  artifactKey: Guid(0fabeecabe058844b825ce0fdc6ed719) Importer(815301076,1909f56bfc062723c751e8b465ee728b)
Start importing Assets/Prefabs/Turrets/Standard Turret.prefab using Guid(0fabeecabe058844b825ce0fdc6ed719) Importer(815301076,1909f56bfc062723c751e8b465ee728b) (PreviewImporter) -> (artifact id: '031481fe07a51f5003e470d92122f49f') in 0.6628635 seconds
Number of updated asset objects reloaded before import = 0Number of asset objects unloaded after import = 43

========================================================================
Received Prepare
Begin MonoManager ReloadAssembly
[Licensing::Client] Successfully resolved entitlement details
[Licensing::Module] License group:
  Id: F4-559Z-ESNU-EWRH-PCGX-XXXX
  Product: Unity Personal
  Type: ULF
  Expiration: Unlimited
[Licensing::Module] License group:
  Id: 5773053068775-UnityPersXXXX
  Product: Unity Personal
  Type: Assigned
  Expiration: Unlimited
- Loaded All Assemblies, in  0.953 seconds
Refreshing native plugins compatible for Editor in 1.86 ms, found 4 plugins.
Native extension for WindowsStandalone target not found
[Package Manager] Failed to launch server process. Reason: Unity was launched with the -noUpm command-line argument
[Package Manager] Unable to send message (not connected to server process).
[Package Manager] Cannot connect to Unity Package Manager local server
Mono: successfully reloaded assembly
- Finished resetting the current domain, in  1.023 seconds
Domain Reload Profiling: 1973ms
	BeginReloadAssembly (288ms)
		ExecutionOrderSort (1ms)
		DisableScriptedObjects (31ms)
		BackupInstance (0ms)
		ReleaseScriptingObjects (0ms)
		CreateAndSetChildDomain (57ms)
	RebuildCommonClasses (53ms)
	RebuildNativeTypeToScriptingClass (16ms)
	initialDomainReloadingComplete (34ms)
	LoadAllAssembliesAndSetupDomain (559ms)
		LoadAssemblies (440ms)
		RebuildTransferFunctionScriptingTraits (0ms)
		AnalyzeDomain (250ms)
			TypeCache.Refresh (10ms)
				TypeCache.ScanAssembly (0ms)
			BuildScriptInfoCaches (223ms)
			ResolveRequiredComponents (11ms)
	FinalizeReload (1023ms)
		ReleaseScriptCaches (0ms)
		RebuildScriptCaches (0ms)
		SetupLoadedEditorAssemblies (838ms)
			LogAssemblyErrors (0ms)
			InitializePlatformSupportModulesInManaged (2ms)
			SetLoadedEditorAssemblies (6ms)
			BeforeProcessingInitializeOnLoad (155ms)
			ProcessInitializeOnLoadAttributes (599ms)
			ProcessInitializeOnLoadMethodAttributes (69ms)
			AfterProcessingInitializeOnLoad (5ms)
			EditorAssembliesLoaded (0ms)
		ExecutionOrderSort2 (0ms)
		AwakeInstancesAfterBackupRestoration (26ms)
Refreshing native plugins compatible for Editor in 2.37 ms, found 4 plugins.
Preloading 0 native plugins for Editor in 0.00 ms.
Unloading 13 Unused Serialized files (Serialized files now loaded: 0)
Unloading 6764 unused Assets / (4.1 MB). Loaded Objects now: 8613.
Memory consumption went from 156.5 MB to 152.4 MB.
Total: 8.137100 ms (FindLiveObjects: 0.723400 ms CreateObjectMapping: 0.495000 ms MarkObjects: 4.928600 ms  DeleteObjects: 1.975800 ms)

Prepare: number of updated asset objects reloaded= 0
========================================================================
Received Import Request.
  Time since last request: 6.973710 seconds.
  path: Assets/Prefabs/Turrets/Fire Turret.prefab
  artifactKey: Guid(435c9623361906945a6126111a2a041d) Importer(815301076,1909f56bfc062723c751e8b465ee728b)
Start importing Assets/Prefabs/Turrets/Fire Turret.prefab using Guid(435c9623361906945a6126111a2a041d) Importer(815301076,1909f56bfc062723c751e8b465ee728b) (PreviewImporter) -> (artifact id: 'f0bd554d472ce4379cd65d01d115693f') in 0.4368539 seconds
Number of updated asset objects reloaded before import = 0Number of asset objects unloaded after import = 26

========================================================================
Received Prepare
Begin MonoManager ReloadAssembly
- Loaded All Assemblies, in  0.863 seconds
Refreshing native plugins compatible for Editor in 1.38 ms, found 4 plugins.
Native extension for WindowsStandalone target not found
[Package Manager] Failed to launch server process. Reason: Unity was launched with the -noUpm command-line argument
[Package Manager] Unable to send message (not connected to server process).
[Package Manager] Cannot connect to Unity Package Manager local server
Mono: successfully reloaded assembly
- Finished resetting the current domain, in  1.021 seconds
Domain Reload Profiling: 1885ms
	BeginReloadAssembly (243ms)
		ExecutionOrderSort (0ms)
		DisableScriptedObjects (30ms)
		BackupInstance (0ms)
		ReleaseScriptingObjects (0ms)
		CreateAndSetChildDomain (49ms)
	RebuildCommonClasses (44ms)
	RebuildNativeTypeToScriptingClass (12ms)
	initialDomainReloadingComplete (30ms)
	LoadAllAssembliesAndSetupDomain (533ms)
		LoadAssemblies (381ms)
		RebuildTransferFunctionScriptingTraits (0ms)
		AnalyzeDomain (252ms)
			TypeCache.Refresh (7ms)
				TypeCache.ScanAssembly (0ms)
			BuildScriptInfoCaches (226ms)
			ResolveRequiredComponents (14ms)
	FinalizeReload (1023ms)
		ReleaseScriptCaches (0ms)
		RebuildScriptCaches (0ms)
		SetupLoadedEditorAssemblies (818ms)
			LogAssemblyErrors (0ms)
			InitializePlatformSupportModulesInManaged (2ms)
			SetLoadedEditorAssemblies (6ms)
			BeforeProcessingInitializeOnLoad (137ms)
			ProcessInitializeOnLoadAttributes (547ms)
			ProcessInitializeOnLoadMethodAttributes (120ms)
			AfterProcessingInitializeOnLoad (6ms)
			EditorAssembliesLoaded (1ms)
		ExecutionOrderSort2 (1ms)
		AwakeInstancesAfterBackupRestoration (37ms)
Refreshing native plugins compatible for Editor in 2.47 ms, found 4 plugins.
Preloading 0 native plugins for Editor in 0.00 ms.
Unloading 13 Unused Serialized files (Serialized files now loaded: 0)
Unloading 6764 unused Assets / (4.4 MB). Loaded Objects now: 8636.
Memory consumption went from 156.5 MB to 152.2 MB.
Total: 13.232300 ms (FindLiveObjects: 1.695700 ms CreateObjectMapping: 1.443300 ms MarkObjects: 6.728300 ms  DeleteObjects: 3.363400 ms)

Prepare: number of updated asset objects reloaded= 0
========================================================================
Received Prepare
Refreshing native plugins compatible for Editor in 10.14 ms, found 4 plugins.
Preloading 0 native plugins for Editor in 0.00 ms.
Unloading 13 Unused Serialized files (Serialized files now loaded: 0)
Unloading 6754 unused Assets / (3.6 MB). Loaded Objects now: 8636.
Memory consumption went from 156.5 MB to 152.9 MB.
Total: 43.329400 ms (FindLiveObjects: 2.617900 ms CreateObjectMapping: 3.058000 ms MarkObjects: 21.103600 ms  DeleteObjects: 16.548600 ms)

Prepare: number of updated asset objects reloaded= 0
========================================================================
Received Import Request.
  Time since last request: 77.120633 seconds.
  path: Assets/Prefabs/Turrets/Standard Turret.prefab
  artifactKey: Guid(0fabeecabe058844b825ce0fdc6ed719) Importer(815301076,1909f56bfc062723c751e8b465ee728b)
Start importing Assets/Prefabs/Turrets/Standard Turret.prefab using Guid(0fabeecabe058844b825ce0fdc6ed719) Importer(815301076,1909f56bfc062723c751e8b465ee728b) (PreviewImporter) -> (artifact id: '8c477433c82d53fcc4f85475abe654db') in 0.5323932 seconds
Number of updated asset objects reloaded before import = 0Number of asset objects unloaded after import = 43

========================================================================
Received Prepare
Begin MonoManager ReloadAssembly
[Licensing::Client] Successfully resolved entitlement details
[Licensing::Module] License group:
  Id: F4-559Z-ESNU-EWRH-PCGX-XXXX
  Product: Unity Personal
  Type: ULF
  Expiration: Unlimited
[Licensing::Module] License group:
  Id: 5773053068775-UnityPersXXXX
  Product: Unity Personal
  Type: Assigned
  Expiration: Unlimited
- Loaded All Assemblies, in  1.006 seconds
Refreshing native plugins compatible for Editor in 2.51 ms, found 4 plugins.
Native extension for WindowsStandalone target not found
[Package Manager] Failed to launch server process. Reason: Unity was launched with the -noUpm command-line argument
[Package Manager] Unable to send message (not connected to server process).
[Package Manager] Cannot connect to Unity Package Manager local server
Mono: successfully reloaded assembly
- Finished resetting the current domain, in  1.122 seconds
Domain Reload Profiling: 2125ms
	BeginReloadAssembly (309ms)
		ExecutionOrderSort (1ms)
		DisableScriptedObjects (35ms)
		BackupInstance (0ms)
		ReleaseScriptingObjects (0ms)
		CreateAndSetChildDomain (77ms)
	RebuildCommonClasses (40ms)
	RebuildNativeTypeToScriptingClass (15ms)
	initialDomainReloadingComplete (35ms)
	LoadAllAssembliesAndSetupDomain (605ms)
		LoadAssemblies (435ms)
		RebuildTransferFunctionScriptingTraits (0ms)
		AnalyzeDomain (286ms)
			TypeCache.Refresh (10ms)
				TypeCache.ScanAssembly (0ms)
			BuildScriptInfoCaches (253ms)
			ResolveRequiredComponents (18ms)
	FinalizeReload (1122ms)
		ReleaseScriptCaches (0ms)
		RebuildScriptCaches (0ms)
		SetupLoadedEditorAssemblies (908ms)
			LogAssemblyErrors (0ms)
			InitializePlatformSupportModulesInManaged (3ms)
			SetLoadedEditorAssemblies (7ms)
			BeforeProcessingInitializeOnLoad (180ms)
			ProcessInitializeOnLoadAttributes (643ms)
			ProcessInitializeOnLoadMethodAttributes (68ms)
			AfterProcessingInitializeOnLoad (6ms)
			EditorAssembliesLoaded (0ms)
		ExecutionOrderSort2 (1ms)
		AwakeInstancesAfterBackupRestoration (27ms)
Refreshing native plugins compatible for Editor in 3.60 ms, found 4 plugins.
Preloading 0 native plugins for Editor in 0.00 ms.
Unloading 13 Unused Serialized files (Serialized files now loaded: 0)
Unloading 6764 unused Assets / (2.1 MB). Loaded Objects now: 8659.
Memory consumption went from 156.6 MB to 154.6 MB.
Total: 27.686800 ms (FindLiveObjects: 6.768700 ms CreateObjectMapping: 1.291400 ms MarkObjects: 15.737800 ms  DeleteObjects: 3.886900 ms)

Prepare: number of updated asset objects reloaded= 0
========================================================================
Received Prepare
Begin MonoManager ReloadAssembly
- Loaded All Assemblies, in  0.854 seconds
Refreshing native plugins compatible for Editor in 1.63 ms, found 4 plugins.
Native extension for WindowsStandalone target not found
[Package Manager] Failed to launch server process. Reason: Unity was launched with the -noUpm command-line argument
[Package Manager] Unable to send message (not connected to server process).
[Package Manager] Cannot connect to Unity Package Manager local server
Mono: successfully reloaded assembly
- Finished resetting the current domain, in  1.000 seconds
Domain Reload Profiling: 1854ms
	BeginReloadAssembly (235ms)
		ExecutionOrderSort (0ms)
		DisableScriptedObjects (17ms)
		BackupInstance (0ms)
		ReleaseScriptingObjects (0ms)
		CreateAndSetChildDomain (53ms)
	RebuildCommonClasses (38ms)
	RebuildNativeTypeToScriptingClass (12ms)
	initialDomainReloadingComplete (33ms)
	LoadAllAssembliesAndSetupDomain (536ms)
		LoadAssemblies (389ms)
		RebuildTransferFunctionScriptingTraits (0ms)
		AnalyzeDomain (245ms)
			TypeCache.Refresh (8ms)
				TypeCache.ScanAssembly (0ms)
			BuildScriptInfoCaches (219ms)
			ResolveRequiredComponents (12ms)
	FinalizeReload (1000ms)
		ReleaseScriptCaches (0ms)
		RebuildScriptCaches (0ms)
		SetupLoadedEditorAssemblies (800ms)
			LogAssemblyErrors (0ms)
			InitializePlatformSupportModulesInManaged (3ms)
			SetLoadedEditorAssemblies (7ms)
			BeforeProcessingInitializeOnLoad (148ms)
			ProcessInitializeOnLoadAttributes (565ms)
			ProcessInitializeOnLoadMethodAttributes (71ms)
			AfterProcessingInitializeOnLoad (6ms)
			EditorAssembliesLoaded (0ms)
		ExecutionOrderSort2 (0ms)
		AwakeInstancesAfterBackupRestoration (30ms)
Refreshing native plugins compatible for Editor in 2.32 ms, found 4 plugins.
Preloading 0 native plugins for Editor in 0.00 ms.
Unloading 13 Unused Serialized files (Serialized files now loaded: 0)
Unloading 6764 unused Assets / (4.8 MB). Loaded Objects now: 8662.
Memory consumption went from 156.5 MB to 151.8 MB.
Total: 11.635100 ms (FindLiveObjects: 1.899600 ms CreateObjectMapping: 0.706600 ms MarkObjects: 5.947100 ms  DeleteObjects: 3.080300 ms)

Prepare: number of updated asset objects reloaded= 0
========================================================================
Received Prepare
Begin MonoManager ReloadAssembly
- Loaded All Assemblies, in  0.865 seconds
Refreshing native plugins compatible for Editor in 2.14 ms, found 4 plugins.
Native extension for WindowsStandalone target not found
[Package Manager] Failed to launch server process. Reason: Unity was launched with the -noUpm command-line argument
[Package Manager] Unable to send message (not connected to server process).
[Package Manager] Cannot connect to Unity Package Manager local server
Mono: successfully reloaded assembly
- Finished resetting the current domain, in  0.948 seconds
Domain Reload Profiling: 1811ms
	BeginReloadAssembly (235ms)
		ExecutionOrderSort (0ms)
		DisableScriptedObjects (17ms)
		BackupInstance (0ms)
		ReleaseScriptingObjects (0ms)
		CreateAndSetChildDomain (50ms)
	RebuildCommonClasses (47ms)
	RebuildNativeTypeToScriptingClass (12ms)
	initialDomainReloadingComplete (30ms)
	LoadAllAssembliesAndSetupDomain (539ms)
		LoadAssemblies (395ms)
		RebuildTransferFunctionScriptingTraits (0ms)
		AnalyzeDomain (248ms)
			TypeCache.Refresh (7ms)
				TypeCache.ScanAssembly (0ms)
			BuildScriptInfoCaches (223ms)
			ResolveRequiredComponents (11ms)
	FinalizeReload (948ms)
		ReleaseScriptCaches (0ms)
		RebuildScriptCaches (0ms)
		SetupLoadedEditorAssemblies (747ms)
			LogAssemblyErrors (0ms)
			InitializePlatformSupportModulesInManaged (2ms)
			SetLoadedEditorAssemblies (7ms)
			BeforeProcessingInitializeOnLoad (138ms)
			ProcessInitializeOnLoadAttributes (527ms)
			ProcessInitializeOnLoadMethodAttributes (68ms)
			AfterProcessingInitializeOnLoad (5ms)
			EditorAssembliesLoaded (0ms)
		ExecutionOrderSort2 (0ms)
		AwakeInstancesAfterBackupRestoration (27ms)
Refreshing native plugins compatible for Editor in 3.08 ms, found 4 plugins.
Preloading 0 native plugins for Editor in 0.00 ms.
Unloading 13 Unused Serialized files (Serialized files now loaded: 0)
Unloading 6764 unused Assets / (4.5 MB). Loaded Objects now: 8665.
Memory consumption went from 156.6 MB to 152.0 MB.
Total: 9.344800 ms (FindLiveObjects: 0.708800 ms CreateObjectMapping: 0.506500 ms MarkObjects: 5.670200 ms  DeleteObjects: 2.457700 ms)

Prepare: number of updated asset objects reloaded= 0
========================================================================
Received Prepare
Refreshing native plugins compatible for Editor in 3.22 ms, found 4 plugins.
Preloading 0 native plugins for Editor in 0.00 ms.
Unloading 13 Unused Serialized files (Serialized files now loaded: 0)
Unloading 6754 unused Assets / (4.7 MB). Loaded Objects now: 8665.
Memory consumption went from 156.7 MB to 152.0 MB.
Total: 13.462500 ms (FindLiveObjects: 0.752700 ms CreateObjectMapping: 0.694700 ms MarkObjects: 8.052800 ms  DeleteObjects: 3.959600 ms)

Prepare: number of updated asset objects reloaded= 0
========================================================================
Received Import Request.
  Time since last request: 88.123000 seconds.
  path: Assets/Prefabs/Turrets/Standard Turret.prefab
  artifactKey: Guid(0fabeecabe058844b825ce0fdc6ed719) Importer(815301076,1909f56bfc062723c751e8b465ee728b)
Start importing Assets/Prefabs/Turrets/Standard Turret.prefab using Guid(0fabeecabe058844b825ce0fdc6ed719) Importer(815301076,1909f56bfc062723c751e8b465ee728b) (PreviewImporter) -> (artifact id: 'd21a6bb430017b8e6ef2981f883e7a01') in 0.5515358 seconds
Number of updated asset objects reloaded before import = 0Number of asset objects unloaded after import = 43

========================================================================
Received Import Request.
  Time since last request: 0.000027 seconds.
  path: Assets/Prefabs/Turrets/Fire Turret.prefab
  artifactKey: Guid(435c9623361906945a6126111a2a041d) Importer(815301076,1909f56bfc062723c751e8b465ee728b)
Start importing Assets/Prefabs/Turrets/Fire Turret.prefab using Guid(435c9623361906945a6126111a2a041d) Importer(815301076,1909f56bfc062723c751e8b465ee728b) (PreviewImporter) -> (artifact id: '84ffc7b948dd6dbc4dff9d8061195dbe') in 0.0148575 seconds
Number of updated asset objects reloaded before import = 0Number of asset objects unloaded after import = 26

========================================================================
Received Prepare
Begin MonoManager ReloadAssembly
[Licensing::Client] Successfully resolved entitlement details
[Licensing::Module] License group:
  Id: F4-559Z-ESNU-EWRH-PCGX-XXXX
  Product: Unity Personal
  Type: ULF
  Expiration: Unlimited
[Licensing::Module] License group:
  Id: 5773053068775-UnityPersXXXX
  Product: Unity Personal
  Type: Assigned
  Expiration: Unlimited
- Loaded All Assemblies, in  0.901 seconds
Refreshing native plugins compatible for Editor in 2.37 ms, found 4 plugins.
Native extension for WindowsStandalone target not found
[Package Manager] Failed to launch server process. Reason: Unity was launched with the -noUpm command-line argument
[Package Manager] Unable to send message (not connected to server process).
[Package Manager] Cannot connect to Unity Package Manager local server
Mono: successfully reloaded assembly
- Finished resetting the current domain, in  1.157 seconds
Domain Reload Profiling: 2057ms
	BeginReloadAssembly (258ms)
		ExecutionOrderSort (0ms)
		DisableScriptedObjects (33ms)
		BackupInstance (0ms)
		ReleaseScriptingObjects (0ms)
		CreateAndSetChildDomain (53ms)
	RebuildCommonClasses (39ms)
	RebuildNativeTypeToScriptingClass (13ms)
	initialDomainReloadingComplete (34ms)
	LoadAllAssembliesAndSetupDomain (556ms)
		LoadAssemblies (403ms)
		RebuildTransferFunctionScriptingTraits (0ms)
		AnalyzeDomain (255ms)
			TypeCache.Refresh (10ms)
				TypeCache.ScanAssembly (0ms)
			BuildScriptInfoCaches (227ms)
			ResolveRequiredComponents (13ms)
	FinalizeReload (1157ms)
		ReleaseScriptCaches (0ms)
		RebuildScriptCaches (0ms)
		SetupLoadedEditorAssemblies (903ms)
			LogAssemblyErrors (0ms)
			InitializePlatformSupportModulesInManaged (5ms)
			SetLoadedEditorAssemblies (45ms)
			BeforeProcessingInitializeOnLoad (172ms)
			ProcessInitializeOnLoadAttributes (607ms)
			ProcessInitializeOnLoadMethodAttributes (66ms)
			AfterProcessingInitializeOnLoad (7ms)
			EditorAssembliesLoaded (1ms)
		ExecutionOrderSort2 (0ms)
		AwakeInstancesAfterBackupRestoration (32ms)
Refreshing native plugins compatible for Editor in 1.83 ms, found 4 plugins.
Preloading 0 native plugins for Editor in 0.00 ms.
Unloading 13 Unused Serialized files (Serialized files now loaded: 0)
Unloading 6764 unused Assets / (4.1 MB). Loaded Objects now: 8688.
Memory consumption went from 156.8 MB to 152.7 MB.
Total: 8.504400 ms (FindLiveObjects: 1.031600 ms CreateObjectMapping: 0.830900 ms MarkObjects: 4.631300 ms  DeleteObjects: 2.008900 ms)

Prepare: number of updated asset objects reloaded= 0
========================================================================
Received Prepare
Begin MonoManager ReloadAssembly
- Loaded All Assemblies, in  0.879 seconds
Refreshing native plugins compatible for Editor in 1.97 ms, found 4 plugins.
Native extension for WindowsStandalone target not found
[Package Manager] Failed to launch server process. Reason: Unity was launched with the -noUpm command-line argument
[Package Manager] Unable to send message (not connected to server process).
[Package Manager] Cannot connect to Unity Package Manager local server
Mono: successfully reloaded assembly
- Finished resetting the current domain, in  0.989 seconds
Domain Reload Profiling: 1867ms
	BeginReloadAssembly (246ms)
		ExecutionOrderSort (0ms)
		DisableScriptedObjects (19ms)
		BackupInstance (0ms)
		ReleaseScriptingObjects (0ms)
		CreateAndSetChildDomain (54ms)
	RebuildCommonClasses (40ms)
	RebuildNativeTypeToScriptingClass (12ms)
	initialDomainReloadingComplete (32ms)
	LoadAllAssembliesAndSetupDomain (548ms)
		LoadAssemblies (400ms)
		RebuildTransferFunctionScriptingTraits (0ms)
		AnalyzeDomain (250ms)
			TypeCache.Refresh (7ms)
				TypeCache.ScanAssembly (0ms)
			BuildScriptInfoCaches (225ms)
			ResolveRequiredComponents (13ms)
	FinalizeReload (990ms)
		ReleaseScriptCaches (0ms)
		RebuildScriptCaches (0ms)
		SetupLoadedEditorAssemblies (791ms)
			LogAssemblyErrors (0ms)
			InitializePlatformSupportModulesInManaged (4ms)
			SetLoadedEditorAssemblies (7ms)
			BeforeProcessingInitializeOnLoad (142ms)
			ProcessInitializeOnLoadAttributes (567ms)
			ProcessInitializeOnLoadMethodAttributes (66ms)
			AfterProcessingInitializeOnLoad (6ms)
			EditorAssembliesLoaded (0ms)
		ExecutionOrderSort2 (1ms)
		AwakeInstancesAfterBackupRestoration (31ms)
Refreshing native plugins compatible for Editor in 2.24 ms, found 4 plugins.
Preloading 0 native plugins for Editor in 0.00 ms.
Unloading 13 Unused Serialized files (Serialized files now loaded: 0)
Unloading 6764 unused Assets / (4.8 MB). Loaded Objects now: 8691.
Memory consumption went from 156.6 MB to 151.8 MB.
Total: 10.347400 ms (FindLiveObjects: 0.850500 ms CreateObjectMapping: 0.549600 ms MarkObjects: 6.040100 ms  DeleteObjects: 2.905900 ms)

Prepare: number of updated asset objects reloaded= 0
========================================================================
Received Prepare
Begin MonoManager ReloadAssembly
[Licensing::Client] Successfully resolved entitlement details
[Licensing::Module] License group:
  Id: F4-559Z-ESNU-EWRH-PCGX-XXXX
  Product: Unity Personal
  Type: ULF
  Expiration: Unlimited
[Licensing::Module] License group:
  Id: 5773053068775-UnityPersXXXX
  Product: Unity Personal
  Type: Assigned
  Expiration: Unlimited
- Loaded All Assemblies, in  0.835 seconds
Refreshing native plugins compatible for Editor in 1.30 ms, found 4 plugins.
Native extension for WindowsStandalone target not found
[Package Manager] Failed to launch server process. Reason: Unity was launched with the -noUpm command-line argument
[Package Manager] Unable to send message (not connected to server process).
[Package Manager] Cannot connect to Unity Package Manager local server
Mono: successfully reloaded assembly
- Finished resetting the current domain, in  0.950 seconds
Domain Reload Profiling: 1786ms
	BeginReloadAssembly (228ms)
		ExecutionOrderSort (1ms)
		DisableScriptedObjects (20ms)
		BackupInstance (0ms)
		ReleaseScriptingObjects (0ms)
		CreateAndSetChildDomain (46ms)
	RebuildCommonClasses (40ms)
	RebuildNativeTypeToScriptingClass (12ms)
	initialDomainReloadingComplete (34ms)
	LoadAllAssembliesAndSetupDomain (520ms)
		LoadAssemblies (374ms)
		RebuildTransferFunctionScriptingTraits (0ms)
		AnalyzeDomain (241ms)
			TypeCache.Refresh (8ms)
				TypeCache.ScanAssembly (0ms)
			BuildScriptInfoCaches (211ms)
			ResolveRequiredComponents (16ms)
	FinalizeReload (951ms)
		ReleaseScriptCaches (0ms)
		RebuildScriptCaches (0ms)
		SetupLoadedEditorAssemblies (753ms)
			LogAssemblyErrors (0ms)
			InitializePlatformSupportModulesInManaged (2ms)
			SetLoadedEditorAssemblies (6ms)
			BeforeProcessingInitializeOnLoad (138ms)
			ProcessInitializeOnLoadAttributes (537ms)
			ProcessInitializeOnLoadMethodAttributes (64ms)
			AfterProcessingInitializeOnLoad (5ms)
			EditorAssembliesLoaded (0ms)
		ExecutionOrderSort2 (0ms)
		AwakeInstancesAfterBackupRestoration (31ms)
Refreshing native plugins compatible for Editor in 1.65 ms, found 4 plugins.
Preloading 0 native plugins for Editor in 0.00 ms.
Unloading 13 Unused Serialized files (Serialized files now loaded: 0)
Unloading 6764 unused Assets / (4.2 MB). Loaded Objects now: 8694.
Memory consumption went from 156.7 MB to 152.5 MB.
Total: 9.282900 ms (FindLiveObjects: 0.657300 ms CreateObjectMapping: 0.699500 ms MarkObjects: 5.052200 ms  DeleteObjects: 2.872600 ms)

Prepare: number of updated asset objects reloaded= 0
========================================================================
Received Prepare
Refreshing native plugins compatible for Editor in 3.91 ms, found 4 plugins.
Preloading 0 native plugins for Editor in 0.00 ms.
Unloading 13 Unused Serialized files (Serialized files now loaded: 0)
Unloading 6754 unused Assets / (3.2 MB). Loaded Objects now: 8694.
Memory consumption went from 156.8 MB to 153.6 MB.
Total: 42.176800 ms (FindLiveObjects: 0.818300 ms CreateObjectMapping: 1.191500 ms MarkObjects: 31.452900 ms  DeleteObjects: 8.711700 ms)

Prepare: number of updated asset objects reloaded= 0
========================================================================
Received Import Request.
  Time since last request: 226.243893 seconds.
  path: Assets/Prefabs/Turrets/Standard Turret.prefab
  artifactKey: Guid(0fabeecabe058844b825ce0fdc6ed719) Importer(815301076,1909f56bfc062723c751e8b465ee728b)
Start importing Assets/Prefabs/Turrets/Standard Turret.prefab using Guid(0fabeecabe058844b825ce0fdc6ed719) Importer(815301076,1909f56bfc062723c751e8b465ee728b) (PreviewImporter) -> (artifact id: 'be4e2474a7cafd97a0a8dd7498bbaced') in 0.5996161 seconds
Number of updated asset objects reloaded before import = 0Number of asset objects unloaded after import = 43

========================================================================
Received Prepare
Begin MonoManager ReloadAssembly
[Licensing::Client] Successfully resolved entitlement details
[Licensing::Module] License group:
  Id: F4-559Z-ESNU-EWRH-PCGX-XXXX
  Product: Unity Personal
  Type: ULF
  Expiration: Unlimited
[Licensing::Module] License group:
  Id: 5773053068775-UnityPersXXXX
  Product: Unity Personal
  Type: Assigned
  Expiration: Unlimited
- Loaded All Assemblies, in  0.951 seconds
Refreshing native plugins compatible for Editor in 1.47 ms, found 4 plugins.
Native extension for WindowsStandalone target not found
[Package Manager] Failed to launch server process. Reason: Unity was launched with the -noUpm command-line argument
[Package Manager] Unable to send message (not connected to server process).
[Package Manager] Cannot connect to Unity Package Manager local server
Mono: successfully reloaded assembly
- Finished resetting the current domain, in  1.016 seconds
Domain Reload Profiling: 1964ms
	BeginReloadAssembly (292ms)
		ExecutionOrderSort (0ms)
		DisableScriptedObjects (41ms)
		BackupInstance (0ms)
		ReleaseScriptingObjects (0ms)
		CreateAndSetChildDomain (66ms)
	RebuildCommonClasses (39ms)
	RebuildNativeTypeToScriptingClass (14ms)
	initialDomainReloadingComplete (33ms)
	LoadAllAssembliesAndSetupDomain (569ms)
		LoadAssemblies (414ms)
		RebuildTransferFunctionScriptingTraits (0ms)
		AnalyzeDomain (265ms)
			TypeCache.Refresh (10ms)
				TypeCache.ScanAssembly (0ms)
			BuildScriptInfoCaches (234ms)
			ResolveRequiredComponents (16ms)
	FinalizeReload (1016ms)
		ReleaseScriptCaches (0ms)
		RebuildScriptCaches (0ms)
		SetupLoadedEditorAssemblies (824ms)
			LogAssemblyErrors (0ms)
			InitializePlatformSupportModulesInManaged (3ms)
			SetLoadedEditorAssemblies (7ms)
			BeforeProcessingInitializeOnLoad (135ms)
			ProcessInitializeOnLoadAttributes (608ms)
			ProcessInitializeOnLoadMethodAttributes (66ms)
			AfterProcessingInitializeOnLoad (5ms)
			EditorAssembliesLoaded (1ms)
		ExecutionOrderSort2 (0ms)
		AwakeInstancesAfterBackupRestoration (29ms)
Refreshing native plugins compatible for Editor in 1.53 ms, found 4 plugins.
Preloading 0 native plugins for Editor in 0.00 ms.
Unloading 13 Unused Serialized files (Serialized files now loaded: 0)
Unloading 6764 unused Assets / (4.5 MB). Loaded Objects now: 8717.
Memory consumption went from 156.9 MB to 152.4 MB.
Total: 9.010300 ms (FindLiveObjects: 0.834400 ms CreateObjectMapping: 0.548100 ms MarkObjects: 4.995900 ms  DeleteObjects: 2.630300 ms)

Prepare: number of updated asset objects reloaded= 0
========================================================================
Received Import Request.
  Time since last request: 6.994757 seconds.
  path: Assets/Prefabs/Turrets/Fire Turret.prefab
  artifactKey: Guid(435c9623361906945a6126111a2a041d) Importer(815301076,1909f56bfc062723c751e8b465ee728b)
Start importing Assets/Prefabs/Turrets/Fire Turret.prefab using Guid(435c9623361906945a6126111a2a041d) Importer(815301076,1909f56bfc062723c751e8b465ee728b) (PreviewImporter) -> (artifact id: 'c9e44e23c309963a029a4525e0e99d9b') in 0.4455077 seconds
Number of updated asset objects reloaded before import = 0Number of asset objects unloaded after import = 26

========================================================================
Received Prepare
Begin MonoManager ReloadAssembly
- Loaded All Assemblies, in  0.904 seconds
Refreshing native plugins compatible for Editor in 1.32 ms, found 4 plugins.
Native extension for WindowsStandalone target not found
[Package Manager] Failed to launch server process. Reason: Unity was launched with the -noUpm command-line argument
[Package Manager] Unable to send message (not connected to server process).
[Package Manager] Cannot connect to Unity Package Manager local server
Mono: successfully reloaded assembly
- Finished resetting the current domain, in  1.080 seconds
Domain Reload Profiling: 1983ms
	BeginReloadAssembly (263ms)
		ExecutionOrderSort (1ms)
		DisableScriptedObjects (32ms)
		BackupInstance (0ms)
		ReleaseScriptingObjects (0ms)
		CreateAndSetChildDomain (53ms)
	RebuildCommonClasses (41ms)
	RebuildNativeTypeToScriptingClass (14ms)
	initialDomainReloadingComplete (32ms)
	LoadAllAssembliesAndSetupDomain (552ms)
		LoadAssemblies (403ms)
		RebuildTransferFunctionScriptingTraits (0ms)
		AnalyzeDomain (257ms)
			TypeCache.Refresh (7ms)
				TypeCache.ScanAssembly (0ms)
			BuildScriptInfoCaches (234ms)
			ResolveRequiredComponents (11ms)
	FinalizeReload (1081ms)
		ReleaseScriptCaches (0ms)
		RebuildScriptCaches (0ms)
		SetupLoadedEditorAssemblies (870ms)
			LogAssemblyErrors (0ms)
			InitializePlatformSupportModulesInManaged (3ms)
			SetLoadedEditorAssemblies (9ms)
			BeforeProcessingInitializeOnLoad (139ms)
			ProcessInitializeOnLoadAttributes (630ms)
			ProcessInitializeOnLoadMethodAttributes (83ms)
			AfterProcessingInitializeOnLoad (6ms)
			EditorAssembliesLoaded (0ms)
		ExecutionOrderSort2 (0ms)
		AwakeInstancesAfterBackupRestoration (31ms)
Refreshing native plugins compatible for Editor in 1.77 ms, found 4 plugins.
Preloading 0 native plugins for Editor in 0.00 ms.
Unloading 13 Unused Serialized files (Serialized files now loaded: 0)
Unloading 6764 unused Assets / (4.3 MB). Loaded Objects now: 8740.
Memory consumption went from 156.9 MB to 152.6 MB.
Total: 8.529000 ms (FindLiveObjects: 0.608400 ms CreateObjectMapping: 0.533500 ms MarkObjects: 5.200800 ms  DeleteObjects: 2.184600 ms)

Prepare: number of updated asset objects reloaded= 0
========================================================================
Received Prepare
Refreshing native plugins compatible for Editor in 2.66 ms, found 4 plugins.
Preloading 0 native plugins for Editor in 0.00 ms.
Unloading 13 Unused Serialized files (Serialized files now loaded: 0)
Unloading 6754 unused Assets / (4.2 MB). Loaded Objects now: 8740.
Memory consumption went from 156.9 MB to 152.8 MB.
Total: 10.168800 ms (FindLiveObjects: 0.668600 ms CreateObjectMapping: 0.480500 ms MarkObjects: 6.567700 ms  DeleteObjects: 2.450500 ms)

Prepare: number of updated asset objects reloaded= 0
========================================================================
Received Import Request.
  Time since last request: 116.729691 seconds.
  path: Assets/Prefabs/Turrets/Standard Turret.prefab
  artifactKey: Guid(0fabeecabe058844b825ce0fdc6ed719) Importer(815301076,1909f56bfc062723c751e8b465ee728b)
Start importing Assets/Prefabs/Turrets/Standard Turret.prefab using Guid(0fabeecabe058844b825ce0fdc6ed719) Importer(815301076,1909f56bfc062723c751e8b465ee728b) (PreviewImporter) -> (artifact id: 'e9e64a62b8be94c2cbecd6cf79b38410') in 0.5791195 seconds
Number of updated asset objects reloaded before import = 0Number of asset objects unloaded after import = 43

========================================================================
Received Import Request.
  Time since last request: 0.000042 seconds.
  path: Assets/Prefabs/Turrets/Fire Turret.prefab
  artifactKey: Guid(435c9623361906945a6126111a2a041d) Importer(815301076,1909f56bfc062723c751e8b465ee728b)
Start importing Assets/Prefabs/Turrets/Fire Turret.prefab using Guid(435c9623361906945a6126111a2a041d) Importer(815301076,1909f56bfc062723c751e8b465ee728b) (PreviewImporter) -> (artifact id: '5207f298b6fabe8e599c801632368298') in 0.0299758 seconds
Number of updated asset objects reloaded before import = 0Number of asset objects unloaded after import = 26

========================================================================
Received Prepare
Begin MonoManager ReloadAssembly
[Licensing::Client] Successfully resolved entitlement details
[Licensing::Module] License group:
  Id: F4-559Z-ESNU-EWRH-PCGX-XXXX
  Product: Unity Personal
  Type: ULF
  Expiration: Unlimited
[Licensing::Module] License group:
  Id: 5773053068775-UnityPersXXXX
  Product: Unity Personal
  Type: Assigned
  Expiration: Unlimited
- Loaded All Assemblies, in  0.941 seconds
Refreshing native plugins compatible for Editor in 2.14 ms, found 4 plugins.
Native extension for WindowsStandalone target not found
[Package Manager] Failed to launch server process. Reason: Unity was launched with the -noUpm command-line argument
[Package Manager] Unable to send message (not connected to server process).
[Package Manager] Cannot connect to Unity Package Manager local server
Mono: successfully reloaded assembly
- Finished resetting the current domain, in  1.177 seconds
Domain Reload Profiling: 2118ms
	BeginReloadAssembly (287ms)
		ExecutionOrderSort (0ms)
		DisableScriptedObjects (41ms)
		BackupInstance (0ms)
		ReleaseScriptingObjects (0ms)
		CreateAndSetChildDomain (61ms)
	RebuildCommonClasses (40ms)
	RebuildNativeTypeToScriptingClass (14ms)
	initialDomainReloadingComplete (31ms)
	LoadAllAssembliesAndSetupDomain (570ms)
		LoadAssemblies (407ms)
		RebuildTransferFunctionScriptingTraits (0ms)
		AnalyzeDomain (268ms)
			TypeCache.Refresh (10ms)
				TypeCache.ScanAssembly (0ms)
			BuildScriptInfoCaches (243ms)
			ResolveRequiredComponents (10ms)
	FinalizeReload (1177ms)
		ReleaseScriptCaches (0ms)
		RebuildScriptCaches (0ms)
		SetupLoadedEditorAssemblies (963ms)
			LogAssemblyErrors (0ms)
			InitializePlatformSupportModulesInManaged (3ms)
			SetLoadedEditorAssemblies (8ms)
			BeforeProcessingInitializeOnLoad (185ms)
			ProcessInitializeOnLoadAttributes (682ms)
			ProcessInitializeOnLoadMethodAttributes (79ms)
			AfterProcessingInitializeOnLoad (5ms)
			EditorAssembliesLoaded (0ms)
		ExecutionOrderSort2 (1ms)
		AwakeInstancesAfterBackupRestoration (31ms)
Refreshing native plugins compatible for Editor in 1.54 ms, found 4 plugins.
Preloading 0 native plugins for Editor in 0.00 ms.
Unloading 13 Unused Serialized files (Serialized files now loaded: 0)
Unloading 6764 unused Assets / (4.3 MB). Loaded Objects now: 8763.
Memory consumption went from 157.0 MB to 152.7 MB.
Total: 9.357600 ms (FindLiveObjects: 0.762900 ms CreateObjectMapping: 0.602400 ms MarkObjects: 5.904200 ms  DeleteObjects: 2.086900 ms)

Prepare: number of updated asset objects reloaded= 0
========================================================================
Received Prepare
Begin MonoManager ReloadAssembly
- Loaded All Assemblies, in  0.859 seconds
Refreshing native plugins compatible for Editor in 1.47 ms, found 4 plugins.
Native extension for WindowsStandalone target not found
[Package Manager] Failed to launch server process. Reason: Unity was launched with the -noUpm command-line argument
[Package Manager] Unable to send message (not connected to server process).
[Package Manager] Cannot connect to Unity Package Manager local server
Mono: successfully reloaded assembly
- Finished resetting the current domain, in  1.078 seconds
Domain Reload Profiling: 1937ms
	BeginReloadAssembly (229ms)
		ExecutionOrderSort (0ms)
		DisableScriptedObjects (16ms)
		BackupInstance (0ms)
		ReleaseScriptingObjects (0ms)
		CreateAndSetChildDomain (49ms)
	RebuildCommonClasses (37ms)
	RebuildNativeTypeToScriptingClass (17ms)
	initialDomainReloadingComplete (33ms)
	LoadAllAssembliesAndSetupDomain (543ms)
		LoadAssemblies (385ms)
		RebuildTransferFunctionScriptingTraits (0ms)
		AnalyzeDomain (255ms)
			TypeCache.Refresh (6ms)
				TypeCache.ScanAssembly (0ms)
			BuildScriptInfoCaches (233ms)
			ResolveRequiredComponents (12ms)
	FinalizeReload (1079ms)
		ReleaseScriptCaches (0ms)
		RebuildScriptCaches (0ms)
		SetupLoadedEditorAssemblies (887ms)
			LogAssemblyErrors (0ms)
			InitializePlatformSupportModulesInManaged (3ms)
			SetLoadedEditorAssemblies (8ms)
			BeforeProcessingInitializeOnLoad (129ms)
			ProcessInitializeOnLoadAttributes (669ms)
			ProcessInitializeOnLoadMethodAttributes (72ms)
			AfterProcessingInitializeOnLoad (6ms)
			EditorAssembliesLoaded (0ms)
		ExecutionOrderSort2 (0ms)
		AwakeInstancesAfterBackupRestoration (31ms)
Refreshing native plugins compatible for Editor in 1.55 ms, found 4 plugins.
Preloading 0 native plugins for Editor in 0.00 ms.
Unloading 13 Unused Serialized files (Serialized files now loaded: 0)
Unloading 6764 unused Assets / (4.3 MB). Loaded Objects now: 8766.
Memory consumption went from 156.8 MB to 152.5 MB.
Total: 9.853900 ms (FindLiveObjects: 0.947300 ms CreateObjectMapping: 0.553400 ms MarkObjects: 6.176400 ms  DeleteObjects: 2.175400 ms)

Prepare: number of updated asset objects reloaded= 0
========================================================================
Received Import Request.
  Time since last request: 46.527383 seconds.
  path: Assets/Prefabs/Turrets/Standard Turret.prefab
  artifactKey: Guid(0fabeecabe058844b825ce0fdc6ed719) Importer(815301076,1909f56bfc062723c751e8b465ee728b)
Start importing Assets/Prefabs/Turrets/Standard Turret.prefab using Guid(0fabeecabe058844b825ce0fdc6ed719) Importer(815301076,1909f56bfc062723c751e8b465ee728b) (PreviewImporter) -> (artifact id: 'c720c436c14f70999b4a68d69be497ce') in 0.4493206 seconds
Number of updated asset objects reloaded before import = 0Number of asset objects unloaded after import = 43

========================================================================
Received Prepare
Begin MonoManager ReloadAssembly
- Loaded All Assemblies, in  0.849 seconds
Refreshing native plugins compatible for Editor in 3.97 ms, found 4 plugins.
Native extension for WindowsStandalone target not found
[Package Manager] Failed to launch server process. Reason: Unity was launched with the -noUpm command-line argument
[Package Manager] Unable to send message (not connected to server process).
[Package Manager] Cannot connect to Unity Package Manager local server
Mono: successfully reloaded assembly
- Finished resetting the current domain, in  0.903 seconds
Domain Reload Profiling: 1751ms
	BeginReloadAssembly (239ms)
		ExecutionOrderSort (0ms)
		DisableScriptedObjects (28ms)
		BackupInstance (0ms)
		ReleaseScriptingObjects (0ms)
		CreateAndSetChildDomain (52ms)
	RebuildCommonClasses (40ms)
	RebuildNativeTypeToScriptingClass (11ms)
	initialDomainReloadingComplete (34ms)
	LoadAllAssembliesAndSetupDomain (523ms)
		LoadAssemblies (368ms)
		RebuildTransferFunctionScriptingTraits (0ms)
		AnalyzeDomain (247ms)
			TypeCache.Refresh (7ms)
				TypeCache.ScanAssembly (0ms)
			BuildScriptInfoCaches (224ms)
			ResolveRequiredComponents (10ms)
	FinalizeReload (903ms)
		ReleaseScriptCaches (0ms)
		RebuildScriptCaches (0ms)
		SetupLoadedEditorAssemblies (717ms)
			LogAssemblyErrors (0ms)
			InitializePlatformSupportModulesInManaged (2ms)
			SetLoadedEditorAssemblies (6ms)
			BeforeProcessingInitializeOnLoad (127ms)
			ProcessInitializeOnLoadAttributes (519ms)
			ProcessInitializeOnLoadMethodAttributes (58ms)
			AfterProcessingInitializeOnLoad (5ms)
			EditorAssembliesLoaded (0ms)
		ExecutionOrderSort2 (0ms)
		AwakeInstancesAfterBackupRestoration (25ms)
Refreshing native plugins compatible for Editor in 1.86 ms, found 4 plugins.
Preloading 0 native plugins for Editor in 0.00 ms.
Unloading 13 Unused Serialized files (Serialized files now loaded: 0)
Unloading 6764 unused Assets / (3.0 MB). Loaded Objects now: 8789.
Memory consumption went from 157.1 MB to 154.1 MB.
Total: 38.403800 ms (FindLiveObjects: 1.100100 ms CreateObjectMapping: 1.472900 ms MarkObjects: 26.019000 ms  DeleteObjects: 9.810100 ms)

Prepare: number of updated asset objects reloaded= 0
========================================================================
Received Prepare
Refreshing native plugins compatible for Editor in 1.74 ms, found 4 plugins.
Preloading 0 native plugins for Editor in 0.00 ms.
Unloading 13 Unused Serialized files (Serialized files now loaded: 0)
Unloading 6754 unused Assets / (4.6 MB). Loaded Objects now: 8789.
Memory consumption went from 157.1 MB to 152.4 MB.
Total: 10.451300 ms (FindLiveObjects: 0.663300 ms CreateObjectMapping: 0.499000 ms MarkObjects: 6.371500 ms  DeleteObjects: 2.916300 ms)

Prepare: number of updated asset objects reloaded= 0
========================================================================
Received Import Request.
  Time since last request: 333.097790 seconds.
  path: Assets/Prefabs/Turrets/Standard Turret.prefab
  artifactKey: Guid(0fabeecabe058844b825ce0fdc6ed719) Importer(815301076,1909f56bfc062723c751e8b465ee728b)
Start importing Assets/Prefabs/Turrets/Standard Turret.prefab using Guid(0fabeecabe058844b825ce0fdc6ed719) Importer(815301076,1909f56bfc062723c751e8b465ee728b) (PreviewImporter) -> (artifact id: '6b4747a77e5f05e2aa39193d203a81b6') in 0.6097874 seconds
Number of updated asset objects reloaded before import = 0Number of asset objects unloaded after import = 43

========================================================================
Received Import Request.
  Time since last request: 0.000024 seconds.
  path: Assets/Prefabs/Turrets/Electric Turret.prefab
  artifactKey: Guid(aae537c2f92013746a402db5116df460) Importer(815301076,1909f56bfc062723c751e8b465ee728b)
Start importing Assets/Prefabs/Turrets/Electric Turret.prefab using Guid(aae537c2f92013746a402db5116df460) Importer(815301076,1909f56bfc062723c751e8b465ee728b) (PreviewImporter) -> (artifact id: '8e6957e9776b21b49e48944acb29186e') in 0.0172532 seconds
Number of updated asset objects reloaded before import = 0Number of asset objects unloaded after import = 19

========================================================================
Received Prepare
Begin MonoManager ReloadAssembly
[Licensing::Client] Successfully resolved entitlement details
[Licensing::Module] License group:
  Id: F4-559Z-ESNU-EWRH-PCGX-XXXX
  Product: Unity Personal
  Type: ULF
  Expiration: Unlimited
[Licensing::Module] License group:
  Id: 5773053068775-UnityPersXXXX
  Product: Unity Personal
  Type: Assigned
  Expiration: Unlimited
- Loaded All Assemblies, in  0.928 seconds
Refreshing native plugins compatible for Editor in 1.81 ms, found 4 plugins.
Native extension for WindowsStandalone target not found
[Package Manager] Failed to launch server process. Reason: Unity was launched with the -noUpm command-line argument
[Package Manager] Unable to send message (not connected to server process).
[Package Manager] Cannot connect to Unity Package Manager local server
Mono: successfully reloaded assembly
- Finished resetting the current domain, in  0.958 seconds
Domain Reload Profiling: 1886ms
	BeginReloadAssembly (278ms)
		ExecutionOrderSort (0ms)
		DisableScriptedObjects (36ms)
		BackupInstance (0ms)
		ReleaseScriptingObjects (0ms)
		CreateAndSetChildDomain (63ms)
	RebuildCommonClasses (43ms)
	RebuildNativeTypeToScriptingClass (14ms)
	initialDomainReloadingComplete (41ms)
	LoadAllAssembliesAndSetupDomain (551ms)
		LoadAssemblies (410ms)
		RebuildTransferFunctionScriptingTraits (0ms)
		AnalyzeDomain (247ms)
			TypeCache.Refresh (11ms)
				TypeCache.ScanAssembly (0ms)
			BuildScriptInfoCaches (220ms)
			ResolveRequiredComponents (11ms)
	FinalizeReload (959ms)
		ReleaseScriptCaches (0ms)
		RebuildScriptCaches (0ms)
		SetupLoadedEditorAssemblies (771ms)
			LogAssemblyErrors (0ms)
			InitializePlatformSupportModulesInManaged (2ms)
			SetLoadedEditorAssemblies (6ms)
			BeforeProcessingInitializeOnLoad (135ms)
			ProcessInitializeOnLoadAttributes (554ms)
			ProcessInitializeOnLoadMethodAttributes (68ms)
			AfterProcessingInitializeOnLoad (5ms)
			EditorAssembliesLoaded (0ms)
		ExecutionOrderSort2 (0ms)
		AwakeInstancesAfterBackupRestoration (29ms)
Refreshing native plugins compatible for Editor in 2.78 ms, found 4 plugins.
Preloading 0 native plugins for Editor in 0.00 ms.
Unloading 13 Unused Serialized files (Serialized files now loaded: 0)
Unloading 6764 unused Assets / (4.5 MB). Loaded Objects now: 8812.
Memory consumption went from 157.1 MB to 152.6 MB.
Total: 9.990300 ms (FindLiveObjects: 0.775000 ms CreateObjectMapping: 0.707900 ms MarkObjects: 6.234800 ms  DeleteObjects: 2.271100 ms)

Prepare: number of updated asset objects reloaded= 0
========================================================================
Received Prepare
Begin MonoManager ReloadAssembly
- Loaded All Assemblies, in  0.901 seconds
Refreshing native plugins compatible for Editor in 2.12 ms, found 4 plugins.
Native extension for WindowsStandalone target not found
[Package Manager] Failed to launch server process. Reason: Unity was launched with the -noUpm command-line argument
[Package Manager] Unable to send message (not connected to server process).
[Package Manager] Cannot connect to Unity Package Manager local server
Mono: successfully reloaded assembly
- Finished resetting the current domain, in  1.022 seconds
Domain Reload Profiling: 1919ms
	BeginReloadAssembly (253ms)
		ExecutionOrderSort (1ms)
		DisableScriptedObjects (20ms)
		BackupInstance (0ms)
		ReleaseScriptingObjects (0ms)
		CreateAndSetChildDomain (54ms)
	RebuildCommonClasses (42ms)
	RebuildNativeTypeToScriptingClass (16ms)
	initialDomainReloadingComplete (36ms)
	LoadAllAssembliesAndSetupDomain (550ms)
		LoadAssemblies (404ms)
		RebuildTransferFunctionScriptingTraits (0ms)
		AnalyzeDomain (259ms)
			TypeCache.Refresh (7ms)
				TypeCache.ScanAssembly (0ms)
			BuildScriptInfoCaches (232ms)
			ResolveRequiredComponents (14ms)
	FinalizeReload (1022ms)
		ReleaseScriptCaches (0ms)
		RebuildScriptCaches (0ms)
		SetupLoadedEditorAssemblies (814ms)
			LogAssemblyErrors (0ms)
			InitializePlatformSupportModulesInManaged (2ms)
			SetLoadedEditorAssemblies (7ms)
			BeforeProcessingInitializeOnLoad (148ms)
			ProcessInitializeOnLoadAttributes (558ms)
			ProcessInitializeOnLoadMethodAttributes (93ms)
			AfterProcessingInitializeOnLoad (6ms)
			EditorAssembliesLoaded (0ms)
		ExecutionOrderSort2 (0ms)
		AwakeInstancesAfterBackupRestoration (35ms)
Refreshing native plugins compatible for Editor in 3.52 ms, found 4 plugins.
Preloading 0 native plugins for Editor in 0.00 ms.
Unloading 13 Unused Serialized files (Serialized files now loaded: 0)
Unloading 6764 unused Assets / (4.7 MB). Loaded Objects now: 8815.
Memory consumption went from 157.0 MB to 152.3 MB.
Total: 12.786300 ms (FindLiveObjects: 0.783900 ms CreateObjectMapping: 1.021700 ms MarkObjects: 7.778900 ms  DeleteObjects: 3.200300 ms)

Prepare: number of updated asset objects reloaded= 0
========================================================================
Received Prepare
Refreshing native plugins compatible for Editor in 2.74 ms, found 4 plugins.
Preloading 0 native plugins for Editor in 0.00 ms.
Unloading 13 Unused Serialized files (Serialized files now loaded: 0)
Unloading 6754 unused Assets / (4.3 MB). Loaded Objects now: 8815.
Memory consumption went from 157.2 MB to 152.8 MB.
Total: 11.885600 ms (FindLiveObjects: 0.826600 ms CreateObjectMapping: 0.710800 ms MarkObjects: 6.504500 ms  DeleteObjects: 3.842300 ms)

Prepare: number of updated asset objects reloaded= 0
========================================================================
Received Import Request.
  Time since last request: 84.768697 seconds.
  path: Assets/Prefabs/Turrets/Standard Turret.prefab
  artifactKey: Guid(0fabeecabe058844b825ce0fdc6ed719) Importer(815301076,1909f56bfc062723c751e8b465ee728b)
Start importing Assets/Prefabs/Turrets/Standard Turret.prefab using Guid(0fabeecabe058844b825ce0fdc6ed719) Importer(815301076,1909f56bfc062723c751e8b465ee728b) (PreviewImporter) -> (artifact id: 'f89d96c210e26748a9cec75fec49c6bb') in 0.6932904 seconds
Number of updated asset objects reloaded before import = 0Number of asset objects unloaded after import = 43

========================================================================
Received Import Request.
  Time since last request: 0.000052 seconds.
  path: Assets/Prefabs/Turrets/Fire Turret.prefab
  artifactKey: Guid(435c9623361906945a6126111a2a041d) Importer(815301076,1909f56bfc062723c751e8b465ee728b)
Start importing Assets/Prefabs/Turrets/Fire Turret.prefab using Guid(435c9623361906945a6126111a2a041d) Importer(815301076,1909f56bfc062723c751e8b465ee728b) (PreviewImporter) -> (artifact id: '5f16b83b70039631b4319346339226a1') in 0.3342306 seconds
Number of updated asset objects reloaded before import = 0Number of asset objects unloaded after import = 26

========================================================================
Received Prepare
Begin MonoManager ReloadAssembly
[Licensing::Client] Successfully resolved entitlement details
[Licensing::Module] License group:
  Id: F4-559Z-ESNU-EWRH-PCGX-XXXX
  Product: Unity Personal
  Type: ULF
  Expiration: Unlimited
[Licensing::Module] License group:
  Id: 5773053068775-UnityPersXXXX
  Product: Unity Personal
  Type: Assigned
  Expiration: Unlimited
- Loaded All Assemblies, in  0.958 seconds
Refreshing native plugins compatible for Editor in 1.68 ms, found 4 plugins.
Native extension for WindowsStandalone target not found
[Package Manager] Failed to launch server process. Reason: Unity was launched with the -noUpm command-line argument
[Package Manager] Unable to send message (not connected to server process).
[Package Manager] Cannot connect to Unity Package Manager local server
Mono: successfully reloaded assembly
- Finished resetting the current domain, in  1.050 seconds
Domain Reload Profiling: 2008ms
	BeginReloadAssembly (278ms)
		ExecutionOrderSort (0ms)
		DisableScriptedObjects (44ms)
		BackupInstance (0ms)
		ReleaseScriptingObjects (0ms)
		CreateAndSetChildDomain (58ms)
	RebuildCommonClasses (45ms)
	RebuildNativeTypeToScriptingClass (13ms)
	initialDomainReloadingComplete (34ms)
	LoadAllAssembliesAndSetupDomain (587ms)
		LoadAssemblies (407ms)
		RebuildTransferFunctionScriptingTraits (0ms)
		AnalyzeDomain (285ms)
			TypeCache.Refresh (12ms)
				TypeCache.ScanAssembly (0ms)
			BuildScriptInfoCaches (250ms)
			ResolveRequiredComponents (16ms)
	FinalizeReload (1050ms)
		ReleaseScriptCaches (0ms)
		RebuildScriptCaches (0ms)
		SetupLoadedEditorAssemblies (824ms)
			LogAssemblyErrors (0ms)
			InitializePlatformSupportModulesInManaged (3ms)
			SetLoadedEditorAssemblies (7ms)
			BeforeProcessingInitializeOnLoad (181ms)
			ProcessInitializeOnLoadAttributes (562ms)
			ProcessInitializeOnLoadMethodAttributes (67ms)
			AfterProcessingInitializeOnLoad (4ms)
			EditorAssembliesLoaded (0ms)
		ExecutionOrderSort2 (0ms)
		AwakeInstancesAfterBackupRestoration (28ms)
Refreshing native plugins compatible for Editor in 2.19 ms, found 4 plugins.
Preloading 0 native plugins for Editor in 0.00 ms.
Unloading 13 Unused Serialized files (Serialized files now loaded: 0)
Unloading 6764 unused Assets / (4.4 MB). Loaded Objects now: 8838.
Memory consumption went from 157.2 MB to 152.8 MB.
Total: 9.322400 ms (FindLiveObjects: 0.754200 ms CreateObjectMapping: 0.543700 ms MarkObjects: 5.796000 ms  DeleteObjects: 2.227300 ms)

Prepare: number of updated asset objects reloaded= 0
========================================================================
Received Prepare
Begin MonoManager ReloadAssembly
- Loaded All Assemblies, in  0.851 seconds
Refreshing native plugins compatible for Editor in 2.09 ms, found 4 plugins.
Native extension for WindowsStandalone target not found
[Package Manager] Failed to launch server process. Reason: Unity was launched with the -noUpm command-line argument
[Package Manager] Unable to send message (not connected to server process).
[Package Manager] Cannot connect to Unity Package Manager local server
Mono: successfully reloaded assembly
- Finished resetting the current domain, in  0.955 seconds
Domain Reload Profiling: 1805ms
	BeginReloadAssembly (229ms)
		ExecutionOrderSort (0ms)
		DisableScriptedObjects (17ms)
		BackupInstance (0ms)
		ReleaseScriptingObjects (0ms)
		CreateAndSetChildDomain (51ms)
	RebuildCommonClasses (36ms)
	RebuildNativeTypeToScriptingClass (13ms)
	initialDomainReloadingComplete (33ms)
	LoadAllAssembliesAndSetupDomain (538ms)
		LoadAssemblies (380ms)
		RebuildTransferFunctionScriptingTraits (0ms)
		AnalyzeDomain (254ms)
			TypeCache.Refresh (7ms)
				TypeCache.ScanAssembly (0ms)
			BuildScriptInfoCaches (228ms)
			ResolveRequiredComponents (14ms)
	FinalizeReload (956ms)
		ReleaseScriptCaches (0ms)
		RebuildScriptCaches (0ms)
		SetupLoadedEditorAssemblies (762ms)
			LogAssemblyErrors (0ms)
			InitializePlatformSupportModulesInManaged (2ms)
			SetLoadedEditorAssemblies (6ms)
			BeforeProcessingInitializeOnLoad (136ms)
			ProcessInitializeOnLoadAttributes (548ms)
			ProcessInitializeOnLoadMethodAttributes (62ms)
			AfterProcessingInitializeOnLoad (6ms)
			EditorAssembliesLoaded (0ms)
		ExecutionOrderSort2 (0ms)
		AwakeInstancesAfterBackupRestoration (31ms)
Refreshing native plugins compatible for Editor in 1.94 ms, found 4 plugins.
Preloading 0 native plugins for Editor in 0.00 ms.
Unloading 13 Unused Serialized files (Serialized files now loaded: 0)
Unloading 6764 unused Assets / (4.6 MB). Loaded Objects now: 8841.
Memory consumption went from 157.0 MB to 152.4 MB.
Total: 9.677200 ms (FindLiveObjects: 0.648800 ms CreateObjectMapping: 0.542600 ms MarkObjects: 5.153500 ms  DeleteObjects: 3.331000 ms)

Prepare: number of updated asset objects reloaded= 0
========================================================================
Received Prepare
Refreshing native plugins compatible for Editor in 3.45 ms, found 4 plugins.
Preloading 0 native plugins for Editor in 0.00 ms.
Unloading 13 Unused Serialized files (Serialized files now loaded: 0)
Unloading 6754 unused Assets / (4.5 MB). Loaded Objects now: 8841.
Memory consumption went from 157.2 MB to 152.6 MB.
Total: 13.256800 ms (FindLiveObjects: 0.891500 ms CreateObjectMapping: 0.652300 ms MarkObjects: 8.180400 ms  DeleteObjects: 3.531100 ms)

Prepare: number of updated asset objects reloaded= 0
========================================================================
Received Import Request.
  Time since last request: 81.400854 seconds.
  path: Assets/Prefabs/Turrets/Standard Turret.prefab
  artifactKey: Guid(0fabeecabe058844b825ce0fdc6ed719) Importer(815301076,1909f56bfc062723c751e8b465ee728b)
Start importing Assets/Prefabs/Turrets/Standard Turret.prefab using Guid(0fabeecabe058844b825ce0fdc6ed719) Importer(815301076,1909f56bfc062723c751e8b465ee728b) (PreviewImporter) -> (artifact id: 'c88ca88e29879e495ce4c273fd306038') in 0.6797368 seconds
Number of updated asset objects reloaded before import = 0Number of asset objects unloaded after import = 43

========================================================================
Received Import Request.
  Time since last request: 0.000027 seconds.
  path: Assets/Prefabs/Turrets/Fire Turret.prefab
  artifactKey: Guid(435c9623361906945a6126111a2a041d) Importer(815301076,1909f56bfc062723c751e8b465ee728b)
Start importing Assets/Prefabs/Turrets/Fire Turret.prefab using Guid(435c9623361906945a6126111a2a041d) Importer(815301076,1909f56bfc062723c751e8b465ee728b) (PreviewImporter) -> (artifact id: '4505ea6c3e37f07c82f1bad9d0ad7e96') in 0.0208876 seconds
Number of updated asset objects reloaded before import = 0Number of asset objects unloaded after import = 26

========================================================================
Received Prepare
Begin MonoManager ReloadAssembly
[Licensing::Client] Successfully resolved entitlement details
[Licensing::Module] License group:
  Id: F4-559Z-ESNU-EWRH-PCGX-XXXX
  Product: Unity Personal
  Type: ULF
  Expiration: Unlimited
[Licensing::Module] License group:
  Id: 5773053068775-UnityPersXXXX
  Product: Unity Personal
  Type: Assigned
  Expiration: Unlimited
- Loaded All Assemblies, in  1.158 seconds
Refreshing native plugins compatible for Editor in 1.91 ms, found 4 plugins.
Native extension for WindowsStandalone target not found
[Package Manager] Failed to launch server process. Reason: Unity was launched with the -noUpm command-line argument
[Package Manager] Unable to send message (not connected to server process).
[Package Manager] Cannot connect to Unity Package Manager local server
Mono: successfully reloaded assembly
- Finished resetting the current domain, in  1.245 seconds
Domain Reload Profiling: 2402ms
	BeginReloadAssembly (490ms)
		ExecutionOrderSort (0ms)
		DisableScriptedObjects (47ms)
		BackupInstance (0ms)
		ReleaseScriptingObjects (2ms)
		CreateAndSetChildDomain (180ms)
	RebuildCommonClasses (41ms)
	RebuildNativeTypeToScriptingClass (12ms)
	initialDomainReloadingComplete (33ms)
	LoadAllAssembliesAndSetupDomain (580ms)
		LoadAssemblies (416ms)
		RebuildTransferFunctionScriptingTraits (0ms)
		AnalyzeDomain (274ms)
			TypeCache.Refresh (12ms)
				TypeCache.ScanAssembly (0ms)
			BuildScriptInfoCaches (246ms)
			ResolveRequiredComponents (11ms)
	FinalizeReload (1245ms)
		ReleaseScriptCaches (0ms)
		RebuildScriptCaches (0ms)
		SetupLoadedEditorAssemblies (1027ms)
			LogAssemblyErrors (0ms)
			InitializePlatformSupportModulesInManaged (2ms)
			SetLoadedEditorAssemblies (6ms)
			BeforeProcessingInitializeOnLoad (177ms)
			ProcessInitializeOnLoadAttributes (759ms)
			ProcessInitializeOnLoadMethodAttributes (76ms)
			AfterProcessingInitializeOnLoad (6ms)
			EditorAssembliesLoaded (0ms)
		ExecutionOrderSort2 (1ms)
		AwakeInstancesAfterBackupRestoration (33ms)
Refreshing native plugins compatible for Editor in 1.74 ms, found 4 plugins.
Preloading 0 native plugins for Editor in 0.00 ms.
Unloading 13 Unused Serialized files (Serialized files now loaded: 0)
Unloading 6764 unused Assets / (4.2 MB). Loaded Objects now: 8864.
Memory consumption went from 157.3 MB to 153.1 MB.
Total: 10.490300 ms (FindLiveObjects: 1.057200 ms CreateObjectMapping: 0.939200 ms MarkObjects: 6.074400 ms  DeleteObjects: 2.416700 ms)

Prepare: number of updated asset objects reloaded= 0
========================================================================
Received Prepare
Begin MonoManager ReloadAssembly
- Loaded All Assemblies, in  0.878 seconds
Refreshing native plugins compatible for Editor in 1.96 ms, found 4 plugins.
Native extension for WindowsStandalone target not found
[Package Manager] Failed to launch server process. Reason: Unity was launched with the -noUpm command-line argument
[Package Manager] Unable to send message (not connected to server process).
[Package Manager] Cannot connect to Unity Package Manager local server
Mono: successfully reloaded assembly
- Finished resetting the current domain, in  1.012 seconds
Domain Reload Profiling: 1889ms
	BeginReloadAssembly (230ms)
		ExecutionOrderSort (0ms)
		DisableScriptedObjects (16ms)
		BackupInstance (0ms)
		ReleaseScriptingObjects (0ms)
		CreateAndSetChildDomain (54ms)
	RebuildCommonClasses (36ms)
	RebuildNativeTypeToScriptingClass (14ms)
	initialDomainReloadingComplete (37ms)
	LoadAllAssembliesAndSetupDomain (559ms)
		LoadAssemblies (386ms)
		RebuildTransferFunctionScriptingTraits (0ms)
		AnalyzeDomain (265ms)
			TypeCache.Refresh (7ms)
				TypeCache.ScanAssembly (0ms)
			BuildScriptInfoCaches (240ms)
			ResolveRequiredComponents (13ms)
	FinalizeReload (1013ms)
		ReleaseScriptCaches (0ms)
		RebuildScriptCaches (0ms)
		SetupLoadedEditorAssemblies (814ms)
			LogAssemblyErrors (0ms)
			InitializePlatformSupportModulesInManaged (3ms)
			SetLoadedEditorAssemblies (8ms)
			BeforeProcessingInitializeOnLoad (145ms)
			ProcessInitializeOnLoadAttributes (590ms)
			ProcessInitializeOnLoadMethodAttributes (61ms)
			AfterProcessingInitializeOnLoad (7ms)
			EditorAssembliesLoaded (0ms)
		ExecutionOrderSort2 (1ms)
		AwakeInstancesAfterBackupRestoration (30ms)
Refreshing native plugins compatible for Editor in 2.30 ms, found 4 plugins.
Preloading 0 native plugins for Editor in 0.00 ms.
Unloading 13 Unused Serialized files (Serialized files now loaded: 0)
Unloading 6764 unused Assets / (4.5 MB). Loaded Objects now: 8867.
Memory consumption went from 157.2 MB to 152.7 MB.
Total: 7.687500 ms (FindLiveObjects: 0.717000 ms CreateObjectMapping: 0.698800 ms MarkObjects: 4.298300 ms  DeleteObjects: 1.972100 ms)

Prepare: number of updated asset objects reloaded= 0
========================================================================
Received Prepare
Refreshing native plugins compatible for Editor in 4.17 ms, found 4 plugins.
Preloading 0 native plugins for Editor in 0.00 ms.
Unloading 13 Unused Serialized files (Serialized files now loaded: 0)
Unloading 6754 unused Assets / (4.8 MB). Loaded Objects now: 8867.
Memory consumption went from 157.3 MB to 152.5 MB.
Total: 16.566700 ms (FindLiveObjects: 1.589700 ms CreateObjectMapping: 1.026900 ms MarkObjects: 10.603200 ms  DeleteObjects: 3.344800 ms)

Prepare: number of updated asset objects reloaded= 0
========================================================================
Received Import Request.
  Time since last request: 157.887938 seconds.
  path: Assets/Prefabs/Turrets/Standard Turret.prefab
  artifactKey: Guid(0fabeecabe058844b825ce0fdc6ed719) Importer(815301076,1909f56bfc062723c751e8b465ee728b)
Start importing Assets/Prefabs/Turrets/Standard Turret.prefab using Guid(0fabeecabe058844b825ce0fdc6ed719) Importer(815301076,1909f56bfc062723c751e8b465ee728b) (PreviewImporter) -> (artifact id: '7c759813e0df6e9c9660484f52b93c5f') in 1.0522983 seconds
Number of updated asset objects reloaded before import = 0Number of asset objects unloaded after import = 43

========================================================================
Received Prepare
Begin MonoManager ReloadAssembly
[Licensing::Client] Successfully resolved entitlement details
[Licensing::Module] License group:
  Id: F4-559Z-ESNU-EWRH-PCGX-XXXX
  Product: Unity Personal
  Type: ULF
  Expiration: Unlimited
[Licensing::Module] License group:
  Id: 5773053068775-UnityPersXXXX
  Product: Unity Personal
  Type: Assigned
  Expiration: Unlimited
- Loaded All Assemblies, in  0.920 seconds
Refreshing native plugins compatible for Editor in 1.67 ms, found 4 plugins.
Native extension for WindowsStandalone target not found
[Package Manager] Failed to launch server process. Reason: Unity was launched with the -noUpm command-line argument
[Package Manager] Unable to send message (not connected to server process).
[Package Manager] Cannot connect to Unity Package Manager local server
Mono: successfully reloaded assembly
- Finished resetting the current domain, in  1.034 seconds
Domain Reload Profiling: 1951ms
	BeginReloadAssembly (267ms)
		ExecutionOrderSort (0ms)
		DisableScriptedObjects (37ms)
		BackupInstance (0ms)
		ReleaseScriptingObjects (0ms)
		CreateAndSetChildDomain (57ms)
	RebuildCommonClasses (45ms)
	RebuildNativeTypeToScriptingClass (14ms)
	initialDomainReloadingComplete (37ms)
	LoadAllAssembliesAndSetupDomain (553ms)
		LoadAssemblies (395ms)
		RebuildTransferFunctionScriptingTraits (0ms)
		AnalyzeDomain (262ms)
			TypeCache.Refresh (11ms)
				TypeCache.ScanAssembly (0ms)
			BuildScriptInfoCaches (236ms)
			ResolveRequiredComponents (10ms)
	FinalizeReload (1034ms)
		ReleaseScriptCaches (0ms)
		RebuildScriptCaches (0ms)
		SetupLoadedEditorAssemblies (838ms)
			LogAssemblyErrors (0ms)
			InitializePlatformSupportModulesInManaged (2ms)
			SetLoadedEditorAssemblies (5ms)
			BeforeProcessingInitializeOnLoad (142ms)
			ProcessInitializeOnLoadAttributes (606ms)
			ProcessInitializeOnLoadMethodAttributes (76ms)
			AfterProcessingInitializeOnLoad (6ms)
			EditorAssembliesLoaded (0ms)
		ExecutionOrderSort2 (1ms)
		AwakeInstancesAfterBackupRestoration (29ms)
Refreshing native plugins compatible for Editor in 2.75 ms, found 4 plugins.
Preloading 0 native plugins for Editor in 0.00 ms.
Unloading 13 Unused Serialized files (Serialized files now loaded: 0)
Unloading 6764 unused Assets / (4.9 MB). Loaded Objects now: 8890.
Memory consumption went from 157.4 MB to 152.4 MB.
Total: 10.953900 ms (FindLiveObjects: 0.898300 ms CreateObjectMapping: 0.822100 ms MarkObjects: 5.988800 ms  DeleteObjects: 3.243400 ms)

Prepare: number of updated asset objects reloaded= 0
========================================================================
Received Import Request.
  Time since last request: 6.662874 seconds.
  path: Assets/Prefabs/Turrets/Electric Turret.prefab
  artifactKey: Guid(aae537c2f92013746a402db5116df460) Importer(815301076,1909f56bfc062723c751e8b465ee728b)
Start importing Assets/Prefabs/Turrets/Electric Turret.prefab using Guid(aae537c2f92013746a402db5116df460) Importer(815301076,1909f56bfc062723c751e8b465ee728b) (PreviewImporter) -> (artifact id: 'c6b46cd1c2122fcae229d0720c2758fe') in 0.4379533 seconds
Number of updated asset objects reloaded before import = 0Number of asset objects unloaded after import = 19

========================================================================
Received Prepare
Begin MonoManager ReloadAssembly
- Loaded All Assemblies, in  0.899 seconds
Refreshing native plugins compatible for Editor in 1.56 ms, found 4 plugins.
Native extension for WindowsStandalone target not found
[Package Manager] Failed to launch server process. Reason: Unity was launched with the -noUpm command-line argument
[Package Manager] Unable to send message (not connected to server process).
[Package Manager] Cannot connect to Unity Package Manager local server
Mono: successfully reloaded assembly
- Finished resetting the current domain, in  1.210 seconds
Domain Reload Profiling: 2107ms
	BeginReloadAssembly (263ms)
		ExecutionOrderSort (0ms)
		DisableScriptedObjects (35ms)
		BackupInstance (0ms)
		ReleaseScriptingObjects (0ms)
		CreateAndSetChildDomain (59ms)
	RebuildCommonClasses (36ms)
	RebuildNativeTypeToScriptingClass (17ms)
	initialDomainReloadingComplete (36ms)
	LoadAllAssembliesAndSetupDomain (544ms)
		LoadAssemblies (400ms)
		RebuildTransferFunctionScriptingTraits (0ms)
		AnalyzeDomain (249ms)
			TypeCache.Refresh (7ms)
				TypeCache.ScanAssembly (0ms)
			BuildScriptInfoCaches (223ms)
			ResolveRequiredComponents (14ms)
	FinalizeReload (1211ms)
		ReleaseScriptCaches (0ms)
		RebuildScriptCaches (0ms)
		SetupLoadedEditorAssemblies (991ms)
			LogAssemblyErrors (0ms)
			InitializePlatformSupportModulesInManaged (2ms)
			SetLoadedEditorAssemblies (6ms)
			BeforeProcessingInitializeOnLoad (140ms)
			ProcessInitializeOnLoadAttributes (748ms)
			ProcessInitializeOnLoadMethodAttributes (87ms)
			AfterProcessingInitializeOnLoad (8ms)
			EditorAssembliesLoaded (1ms)
		ExecutionOrderSort2 (1ms)
		AwakeInstancesAfterBackupRestoration (38ms)
Refreshing native plugins compatible for Editor in 3.38 ms, found 4 plugins.
Preloading 0 native plugins for Editor in 0.00 ms.
Unloading 13 Unused Serialized files (Serialized files now loaded: 0)
Unloading 6764 unused Assets / (4.6 MB). Loaded Objects now: 8913.
Memory consumption went from 157.4 MB to 152.9 MB.
Total: 13.882600 ms (FindLiveObjects: 1.322300 ms CreateObjectMapping: 1.702300 ms MarkObjects: 6.956200 ms  DeleteObjects: 3.900400 ms)

Prepare: number of updated asset objects reloaded= 0
========================================================================
Received Prepare
Refreshing native plugins compatible for Editor in 2.60 ms, found 4 plugins.
Preloading 0 native plugins for Editor in 0.00 ms.
Unloading 13 Unused Serialized files (Serialized files now loaded: 0)
Unloading 6754 unused Assets / (4.7 MB). Loaded Objects now: 8913.
Memory consumption went from 157.4 MB to 152.7 MB.
Total: 14.481700 ms (FindLiveObjects: 1.401500 ms CreateObjectMapping: 1.431600 ms MarkObjects: 7.814200 ms  DeleteObjects: 3.833100 ms)

Prepare: number of updated asset objects reloaded= 0
========================================================================
Received Import Request.
  Time since last request: 74.907274 seconds.
  path: Assets/Prefabs/Turrets/Standard Turret.prefab
  artifactKey: Guid(0fabeecabe058844b825ce0fdc6ed719) Importer(815301076,1909f56bfc062723c751e8b465ee728b)
Start importing Assets/Prefabs/Turrets/Standard Turret.prefab using Guid(0fabeecabe058844b825ce0fdc6ed719) Importer(815301076,1909f56bfc062723c751e8b465ee728b) (PreviewImporter) -> (artifact id: 'a68d9546ef691f261839518ce493b143') in 0.5293574 seconds
Number of updated asset objects reloaded before import = 0Number of asset objects unloaded after import = 43

========================================================================
Received Prepare
Begin MonoManager ReloadAssembly
[Licensing::Client] Successfully resolved entitlement details
[Licensing::Module] License group:
  Id: F4-559Z-ESNU-EWRH-PCGX-XXXX
  Product: Unity Personal
  Type: ULF
  Expiration: Unlimited
[Licensing::Module] License group:
  Id: 5773053068775-UnityPersXXXX
  Product: Unity Personal
  Type: Assigned
  Expiration: Unlimited
- Loaded All Assemblies, in  1.116 seconds
Refreshing native plugins compatible for Editor in 1.41 ms, found 4 plugins.
Native extension for WindowsStandalone target not found
[Package Manager] Failed to launch server process. Reason: Unity was launched with the -noUpm command-line argument
[Package Manager] Unable to send message (not connected to server process).
[Package Manager] Cannot connect to Unity Package Manager local server
Mono: successfully reloaded assembly
- Finished resetting the current domain, in  1.260 seconds
Domain Reload Profiling: 2374ms
	BeginReloadAssembly (402ms)
		ExecutionOrderSort (0ms)
		DisableScriptedObjects (41ms)
		BackupInstance (0ms)
		ReleaseScriptingObjects (0ms)
		CreateAndSetChildDomain (98ms)
	RebuildCommonClasses (50ms)
	RebuildNativeTypeToScriptingClass (16ms)
	initialDomainReloadingComplete (44ms)
	LoadAllAssembliesAndSetupDomain (602ms)
		LoadAssemblies (455ms)
		RebuildTransferFunctionScriptingTraits (0ms)
		AnalyzeDomain (281ms)
			TypeCache.Refresh (14ms)
				TypeCache.ScanAssembly (1ms)
			BuildScriptInfoCaches (247ms)
			ResolveRequiredComponents (14ms)
	FinalizeReload (1261ms)
		ReleaseScriptCaches (0ms)
		RebuildScriptCaches (0ms)
		SetupLoadedEditorAssemblies (1065ms)
			LogAssemblyErrors (0ms)
			InitializePlatformSupportModulesInManaged (3ms)
			SetLoadedEditorAssemblies (6ms)
			BeforeProcessingInitializeOnLoad (164ms)
			ProcessInitializeOnLoadAttributes (810ms)
			ProcessInitializeOnLoadMethodAttributes (76ms)
			AfterProcessingInitializeOnLoad (5ms)
			EditorAssembliesLoaded (0ms)
		ExecutionOrderSort2 (0ms)
		AwakeInstancesAfterBackupRestoration (33ms)
Refreshing native plugins compatible for Editor in 3.30 ms, found 4 plugins.
Preloading 0 native plugins for Editor in 0.00 ms.
Unloading 13 Unused Serialized files (Serialized files now loaded: 0)
Unloading 6764 unused Assets / (4.6 MB). Loaded Objects now: 8936.
Memory consumption went from 157.4 MB to 152.8 MB.
Total: 9.926100 ms (FindLiveObjects: 0.886000 ms CreateObjectMapping: 0.549200 ms MarkObjects: 6.051800 ms  DeleteObjects: 2.437400 ms)

Prepare: number of updated asset objects reloaded= 0
========================================================================
Received Prepare
Begin MonoManager ReloadAssembly
- Loaded All Assemblies, in  0.850 seconds
Refreshing native plugins compatible for Editor in 2.38 ms, found 4 plugins.
Native extension for WindowsStandalone target not found
[Package Manager] Failed to launch server process. Reason: Unity was launched with the -noUpm command-line argument
[Package Manager] Unable to send message (not connected to server process).
[Package Manager] Cannot connect to Unity Package Manager local server
Mono: successfully reloaded assembly
- Finished resetting the current domain, in  0.960 seconds
Domain Reload Profiling: 1809ms
	BeginReloadAssembly (239ms)
		ExecutionOrderSort (0ms)
		DisableScriptedObjects (16ms)
		BackupInstance (0ms)
		ReleaseScriptingObjects (0ms)
		CreateAndSetChildDomain (51ms)
	RebuildCommonClasses (40ms)
	RebuildNativeTypeToScriptingClass (14ms)
	initialDomainReloadingComplete (31ms)
	LoadAllAssembliesAndSetupDomain (524ms)
		LoadAssemblies (385ms)
		RebuildTransferFunctionScriptingTraits (0ms)
		AnalyzeDomain (237ms)
			TypeCache.Refresh (7ms)
				TypeCache.ScanAssembly (0ms)
			BuildScriptInfoCaches (213ms)
			ResolveRequiredComponents (13ms)
	FinalizeReload (961ms)
		ReleaseScriptCaches (0ms)
		RebuildScriptCaches (0ms)
		SetupLoadedEditorAssemblies (776ms)
			LogAssemblyErrors (0ms)
			InitializePlatformSupportModulesInManaged (2ms)
			SetLoadedEditorAssemblies (8ms)
			BeforeProcessingInitializeOnLoad (151ms)
			ProcessInitializeOnLoadAttributes (534ms)
			ProcessInitializeOnLoadMethodAttributes (76ms)
			AfterProcessingInitializeOnLoad (5ms)
			EditorAssembliesLoaded (0ms)
		ExecutionOrderSort2 (1ms)
		AwakeInstancesAfterBackupRestoration (26ms)
Refreshing native plugins compatible for Editor in 1.72 ms, found 4 plugins.
Preloading 0 native plugins for Editor in 0.00 ms.
Unloading 13 Unused Serialized files (Serialized files now loaded: 0)
Unloading 6764 unused Assets / (4.4 MB). Loaded Objects now: 8939.
Memory consumption went from 157.4 MB to 153.0 MB.
Total: 8.168600 ms (FindLiveObjects: 0.634500 ms CreateObjectMapping: 0.509000 ms MarkObjects: 4.724900 ms  DeleteObjects: 2.299100 ms)

Prepare: number of updated asset objects reloaded= 0
========================================================================
Received Import Request.
  Time since last request: 13.791585 seconds.
  path: Assets/Prefabs/Turrets/Fire Turret.prefab
  artifactKey: Guid(435c9623361906945a6126111a2a041d) Importer(815301076,1909f56bfc062723c751e8b465ee728b)
Start importing Assets/Prefabs/Turrets/Fire Turret.prefab using Guid(435c9623361906945a6126111a2a041d) Importer(815301076,1909f56bfc062723c751e8b465ee728b) (PreviewImporter) -> (artifact id: 'ec64bb08ed18bbf47664550369cf9617') in 0.4499389 seconds
Number of updated asset objects reloaded before import = 0Number of asset objects unloaded after import = 26

========================================================================
Received Prepare
Refreshing native plugins compatible for Editor in 3.56 ms, found 4 plugins.
Preloading 0 native plugins for Editor in 0.00 ms.
Unloading 13 Unused Serialized files (Serialized files now loaded: 0)
Unloading 6754 unused Assets / (4.6 MB). Loaded Objects now: 9063.
Memory consumption went from 158.1 MB to 153.6 MB.
Total: 12.780000 ms (FindLiveObjects: 0.903200 ms CreateObjectMapping: 0.890000 ms MarkObjects: 8.305300 ms  DeleteObjects: 2.679900 ms)

Prepare: number of updated asset objects reloaded= 0
========================================================================
Received Import Request.
  Time since last request: 40.939428 seconds.
  path: Assets/Prefabs/Turrets/Standard Turret.prefab
  artifactKey: Guid(0fabeecabe058844b825ce0fdc6ed719) Importer(815301076,1909f56bfc062723c751e8b465ee728b)
Start importing Assets/Prefabs/Turrets/Standard Turret.prefab using Guid(0fabeecabe058844b825ce0fdc6ed719) Importer(815301076,1909f56bfc062723c751e8b465ee728b) (PreviewImporter) -> (artifact id: '26dc4a5ed8bee3de1dcd4fe2ad1fd90e') in 0.0238097 seconds
Number of updated asset objects reloaded before import = 0Number of asset objects unloaded after import = 43

========================================================================
Received Import Request.
  Time since last request: 0.000029 seconds.
  path: Assets/Prefabs/Turrets/Fire Turret.prefab
  artifactKey: Guid(435c9623361906945a6126111a2a041d) Importer(815301076,1909f56bfc062723c751e8b465ee728b)
Start importing Assets/Prefabs/Turrets/Fire Turret.prefab using Guid(435c9623361906945a6126111a2a041d) Importer(815301076,1909f56bfc062723c751e8b465ee728b) (PreviewImporter) -> (artifact id: 'a1e5492d4a41ced54c8c8618f50f2ae5') in 0.0151632 seconds
Number of updated asset objects reloaded before import = 0Number of asset objects unloaded after import = 26

========================================================================
Received Prepare
Begin MonoManager ReloadAssembly
- Loaded All Assemblies, in  0.935 seconds
Refreshing native plugins compatible for Editor in 1.48 ms, found 4 plugins.
Native extension for WindowsStandalone target not found
[Package Manager] Failed to launch server process. Reason: Unity was launched with the -noUpm command-line argument
[Package Manager] Unable to send message (not connected to server process).
[Package Manager] Cannot connect to Unity Package Manager local server
Mono: successfully reloaded assembly
- Finished resetting the current domain, in  1.092 seconds
Domain Reload Profiling: 2025ms
	BeginReloadAssembly (269ms)
		ExecutionOrderSort (0ms)
		DisableScriptedObjects (29ms)
		BackupInstance (0ms)
		ReleaseScriptingObjects (0ms)
		CreateAndSetChildDomain (56ms)
	RebuildCommonClasses (37ms)
	RebuildNativeTypeToScriptingClass (14ms)
	initialDomainReloadingComplete (37ms)
	LoadAllAssembliesAndSetupDomain (577ms)
		LoadAssemblies (412ms)
		RebuildTransferFunctionScriptingTraits (0ms)
		AnalyzeDomain (267ms)
			TypeCache.Refresh (9ms)
				TypeCache.ScanAssembly (0ms)
			BuildScriptInfoCaches (240ms)
			ResolveRequiredComponents (13ms)
	FinalizeReload (1092ms)
		ReleaseScriptCaches (0ms)
		RebuildScriptCaches (0ms)
		SetupLoadedEditorAssemblies (898ms)
			LogAssemblyErrors (0ms)
			InitializePlatformSupportModulesInManaged (3ms)
			SetLoadedEditorAssemblies (6ms)
			BeforeProcessingInitializeOnLoad (153ms)
			ProcessInitializeOnLoadAttributes (655ms)
			ProcessInitializeOnLoadMethodAttributes (76ms)
			AfterProcessingInitializeOnLoad (5ms)
			EditorAssembliesLoaded (0ms)
		ExecutionOrderSort2 (0ms)
		AwakeInstancesAfterBackupRestoration (27ms)
Refreshing native plugins compatible for Editor in 2.30 ms, found 4 plugins.
Preloading 0 native plugins for Editor in 0.00 ms.
Unloading 13 Unused Serialized files (Serialized files now loaded: 0)
Unloading 6764 unused Assets / (4.1 MB). Loaded Objects now: 8962.
Memory consumption went from 157.6 MB to 153.5 MB.
Total: 12.480000 ms (FindLiveObjects: 2.203500 ms CreateObjectMapping: 1.175200 ms MarkObjects: 6.893700 ms  DeleteObjects: 2.206100 ms)

Prepare: number of updated asset objects reloaded= 0
========================================================================
Received Prepare
Begin MonoManager ReloadAssembly
[Licensing::Client] Successfully resolved entitlement details
[Licensing::Module] License group:
  Id: F4-559Z-ESNU-EWRH-PCGX-XXXX
  Product: Unity Personal
  Type: ULF
  Expiration: Unlimited
[Licensing::Module] License group:
  Id: 5773053068775-UnityPersXXXX
  Product: Unity Personal
  Type: Assigned
  Expiration: Unlimited
- Loaded All Assemblies, in  0.886 seconds
Refreshing native plugins compatible for Editor in 2.84 ms, found 4 plugins.
Native extension for WindowsStandalone target not found
[Package Manager] Failed to launch server process. Reason: Unity was launched with the -noUpm command-line argument
[Package Manager] Unable to send message (not connected to server process).
[Package Manager] Cannot connect to Unity Package Manager local server
Mono: successfully reloaded assembly
- Finished resetting the current domain, in  0.966 seconds
Domain Reload Profiling: 1853ms
	BeginReloadAssembly (274ms)
		ExecutionOrderSort (1ms)
		DisableScriptedObjects (26ms)
		BackupInstance (0ms)
		ReleaseScriptingObjects (0ms)
		CreateAndSetChildDomain (54ms)
	RebuildCommonClasses (38ms)
	RebuildNativeTypeToScriptingClass (15ms)
	initialDomainReloadingComplete (32ms)
	LoadAllAssembliesAndSetupDomain (527ms)
		LoadAssemblies (397ms)
		RebuildTransferFunctionScriptingTraits (0ms)
		AnalyzeDomain (242ms)
			TypeCache.Refresh (7ms)
				TypeCache.ScanAssembly (0ms)
			BuildScriptInfoCaches (218ms)
			ResolveRequiredComponents (12ms)
	FinalizeReload (967ms)
		ReleaseScriptCaches (0ms)
		RebuildScriptCaches (0ms)
		SetupLoadedEditorAssemblies (760ms)
			LogAssemblyErrors (0ms)
			InitializePlatformSupportModulesInManaged (2ms)
			SetLoadedEditorAssemblies (6ms)
			BeforeProcessingInitializeOnLoad (142ms)
			ProcessInitializeOnLoadAttributes (535ms)
			ProcessInitializeOnLoadMethodAttributes (69ms)
			AfterProcessingInitializeOnLoad (5ms)
			EditorAssembliesLoaded (1ms)
		ExecutionOrderSort2 (1ms)
		AwakeInstancesAfterBackupRestoration (36ms)
Refreshing native plugins compatible for Editor in 2.42 ms, found 4 plugins.
Preloading 0 native plugins for Editor in 0.00 ms.
Unloading 13 Unused Serialized files (Serialized files now loaded: 0)
Unloading 6764 unused Assets / (4.4 MB). Loaded Objects now: 8965.
Memory consumption went from 157.4 MB to 153.0 MB.
Total: 9.011900 ms (FindLiveObjects: 0.835400 ms CreateObjectMapping: 0.661500 ms MarkObjects: 4.953000 ms  DeleteObjects: 2.560800 ms)

Prepare: number of updated asset objects reloaded= 0
========================================================================
Received Prepare
Refreshing native plugins compatible for Editor in 14.54 ms, found 4 plugins.
Preloading 0 native plugins for Editor in 0.00 ms.
Unloading 13 Unused Serialized files (Serialized files now loaded: 0)
Unloading 6754 unused Assets / (4.6 MB). Loaded Objects now: 8965.
Memory consumption went from 157.6 MB to 153.0 MB.
Total: 48.004300 ms (FindLiveObjects: 2.120100 ms CreateObjectMapping: 2.213800 ms MarkObjects: 27.186800 ms  DeleteObjects: 16.480300 ms)

Prepare: number of updated asset objects reloaded= 0
========================================================================
Received Import Request.
  Time since last request: 36.939458 seconds.
  path: Assets/Prefabs/Turrets/Standard Turret.prefab
  artifactKey: Guid(0fabeecabe058844b825ce0fdc6ed719) Importer(815301076,1909f56bfc062723c751e8b465ee728b)
Start importing Assets/Prefabs/Turrets/Standard Turret.prefab using Guid(0fabeecabe058844b825ce0fdc6ed719) Importer(815301076,1909f56bfc062723c751e8b465ee728b) (PreviewImporter) -> (artifact id: 'c75be52308e4b52764b62ff1fd3c282d') in 1.0592379 seconds
Number of updated asset objects reloaded before import = 0Number of asset objects unloaded after import = 43

========================================================================
Received Prepare
Begin MonoManager ReloadAssembly
- Loaded All Assemblies, in  0.898 seconds
Refreshing native plugins compatible for Editor in 2.15 ms, found 4 plugins.
Native extension for WindowsStandalone target not found
[Package Manager] Failed to launch server process. Reason: Unity was launched with the -noUpm command-line argument
[Package Manager] Unable to send message (not connected to server process).
[Package Manager] Cannot connect to Unity Package Manager local server
Mono: successfully reloaded assembly
- Finished resetting the current domain, in  0.994 seconds
Domain Reload Profiling: 1891ms
	BeginReloadAssembly (280ms)
		ExecutionOrderSort (1ms)
		DisableScriptedObjects (48ms)
		BackupInstance (0ms)
		ReleaseScriptingObjects (0ms)
		CreateAndSetChildDomain (57ms)
	RebuildCommonClasses (36ms)
	RebuildNativeTypeToScriptingClass (12ms)
	initialDomainReloadingComplete (30ms)
	LoadAllAssembliesAndSetupDomain (540ms)
		LoadAssemblies (395ms)
		RebuildTransferFunctionScriptingTraits (0ms)
		AnalyzeDomain (247ms)
			TypeCache.Refresh (12ms)
				TypeCache.ScanAssembly (0ms)
			BuildScriptInfoCaches (218ms)
			ResolveRequiredComponents (11ms)
	FinalizeReload (994ms)
		ReleaseScriptCaches (0ms)
		RebuildScriptCaches (0ms)
		SetupLoadedEditorAssemblies (780ms)
			LogAssemblyErrors (0ms)
			InitializePlatformSupportModulesInManaged (3ms)
			SetLoadedEditorAssemblies (3ms)
			BeforeProcessingInitializeOnLoad (147ms)
			ProcessInitializeOnLoadAttributes (555ms)
			ProcessInitializeOnLoadMethodAttributes (66ms)
			AfterProcessingInitializeOnLoad (5ms)
			EditorAssembliesLoaded (0ms)
		ExecutionOrderSort2 (0ms)
		AwakeInstancesAfterBackupRestoration (36ms)
Refreshing native plugins compatible for Editor in 2.60 ms, found 4 plugins.
Preloading 0 native plugins for Editor in 0.00 ms.
Unloading 13 Unused Serialized files (Serialized files now loaded: 0)
Unloading 6764 unused Assets / (5.5 MB). Loaded Objects now: 8988.
Memory consumption went from 157.6 MB to 152.2 MB.
Total: 10.928500 ms (FindLiveObjects: 0.894400 ms CreateObjectMapping: 1.053400 ms MarkObjects: 5.145600 ms  DeleteObjects: 3.833900 ms)

Prepare: number of updated asset objects reloaded= 0
========================================================================
Received Import Request.
  Time since last request: 7.016338 seconds.
  path: Assets/Prefabs/Turrets/Electric Turret.prefab
  artifactKey: Guid(aae537c2f92013746a402db5116df460) Importer(815301076,1909f56bfc062723c751e8b465ee728b)
Start importing Assets/Prefabs/Turrets/Electric Turret.prefab using Guid(aae537c2f92013746a402db5116df460) Importer(815301076,1909f56bfc062723c751e8b465ee728b) (PreviewImporter) -> (artifact id: 'a64983c0216b683d4922036cc0cc3f3e') in 0.474415 seconds
Number of updated asset objects reloaded before import = 0Number of asset objects unloaded after import = 19

========================================================================
Received Prepare
Begin MonoManager ReloadAssembly
- Loaded All Assemblies, in  0.886 seconds
Refreshing native plugins compatible for Editor in 1.40 ms, found 4 plugins.
Native extension for WindowsStandalone target not found
[Package Manager] Failed to launch server process. Reason: Unity was launched with the -noUpm command-line argument
[Package Manager] Unable to send message (not connected to server process).
[Package Manager] Cannot connect to Unity Package Manager local server
Mono: successfully reloaded assembly
- Finished resetting the current domain, in  0.945 seconds
Domain Reload Profiling: 1829ms
	BeginReloadAssembly (268ms)
		ExecutionOrderSort (1ms)
		DisableScriptedObjects (32ms)
		BackupInstance (0ms)
		ReleaseScriptingObjects (0ms)
		CreateAndSetChildDomain (62ms)
	RebuildCommonClasses (39ms)
	RebuildNativeTypeToScriptingClass (11ms)
	initialDomainReloadingComplete (31ms)
	LoadAllAssembliesAndSetupDomain (534ms)
		LoadAssemblies (394ms)
		RebuildTransferFunctionScriptingTraits (0ms)
		AnalyzeDomain (244ms)
			TypeCache.Refresh (7ms)
				TypeCache.ScanAssembly (0ms)
			BuildScriptInfoCaches (222ms)
			ResolveRequiredComponents (11ms)
	FinalizeReload (945ms)
		ReleaseScriptCaches (0ms)
		RebuildScriptCaches (0ms)
		SetupLoadedEditorAssemblies (743ms)
			LogAssemblyErrors (0ms)
			InitializePlatformSupportModulesInManaged (3ms)
			SetLoadedEditorAssemblies (3ms)
			BeforeProcessingInitializeOnLoad (128ms)
			ProcessInitializeOnLoadAttributes (529ms)
			ProcessInitializeOnLoadMethodAttributes (73ms)
			AfterProcessingInitializeOnLoad (6ms)
			EditorAssembliesLoaded (0ms)
		ExecutionOrderSort2 (1ms)
		AwakeInstancesAfterBackupRestoration (33ms)
Refreshing native plugins compatible for Editor in 2.44 ms, found 4 plugins.
Preloading 0 native plugins for Editor in 0.00 ms.
Unloading 13 Unused Serialized files (Serialized files now loaded: 0)
Unloading 6764 unused Assets / (4.4 MB). Loaded Objects now: 9011.
Memory consumption went from 157.6 MB to 153.2 MB.
Total: 12.270900 ms (FindLiveObjects: 0.776700 ms CreateObjectMapping: 0.702500 ms MarkObjects: 7.473200 ms  DeleteObjects: 3.317100 ms)

Prepare: number of updated asset objects reloaded= 0
========================================================================
Received Prepare
Refreshing native plugins compatible for Editor in 2.14 ms, found 4 plugins.
Preloading 0 native plugins for Editor in 0.00 ms.
Unloading 13 Unused Serialized files (Serialized files now loaded: 0)
Unloading 6754 unused Assets / (4.5 MB). Loaded Objects now: 9011.
Memory consumption went from 157.6 MB to 153.2 MB.
Total: 9.872700 ms (FindLiveObjects: 0.714400 ms CreateObjectMapping: 0.555100 ms MarkObjects: 6.237800 ms  DeleteObjects: 2.364100 ms)

Prepare: number of updated asset objects reloaded= 0
========================================================================
Received Import Request.
  Time since last request: 68.821778 seconds.
  path: Assets/Prefabs/Turrets/Standard Turret.prefab
  artifactKey: Guid(0fabeecabe058844b825ce0fdc6ed719) Importer(815301076,1909f56bfc062723c751e8b465ee728b)
Start importing Assets/Prefabs/Turrets/Standard Turret.prefab using Guid(0fabeecabe058844b825ce0fdc6ed719) Importer(815301076,1909f56bfc062723c751e8b465ee728b) (PreviewImporter) -> (artifact id: '5e66940221bb1899c48b9f145a634d07') in 0.5361591 seconds
Number of updated asset objects reloaded before import = 0Number of asset objects unloaded after import = 43

========================================================================
Received Import Request.
  Time since last request: 0.000031 seconds.
  path: Assets/Prefabs/Turrets/Electric Turret.prefab
  artifactKey: Guid(aae537c2f92013746a402db5116df460) Importer(815301076,1909f56bfc062723c751e8b465ee728b)
Start importing Assets/Prefabs/Turrets/Electric Turret.prefab using Guid(aae537c2f92013746a402db5116df460) Importer(815301076,1909f56bfc062723c751e8b465ee728b) (PreviewImporter) -> (artifact id: '964188cffb863c8e15f465578834a578') in 0.0114587 seconds
Number of updated asset objects reloaded before import = 0Number of asset objects unloaded after import = 19

========================================================================
Received Prepare
Begin MonoManager ReloadAssembly
[Licensing::Client] Successfully resolved entitlement details
[Licensing::Module] License group:
  Id: F4-559Z-ESNU-EWRH-PCGX-XXXX
  Product: Unity Personal
  Type: ULF
  Expiration: Unlimited
[Licensing::Module] License group:
  Id: 5773053068775-UnityPersXXXX
  Product: Unity Personal
  Type: Assigned
  Expiration: Unlimited
- Loaded All Assemblies, in  0.908 seconds
Refreshing native plugins compatible for Editor in 2.41 ms, found 4 plugins.
Native extension for WindowsStandalone target not found
[Package Manager] Failed to launch server process. Reason: Unity was launched with the -noUpm command-line argument
[Package Manager] Unable to send message (not connected to server process).
[Package Manager] Cannot connect to Unity Package Manager local server
Mono: successfully reloaded assembly
- Finished resetting the current domain, in  0.986 seconds
Domain Reload Profiling: 1894ms
	BeginReloadAssembly (274ms)
		ExecutionOrderSort (1ms)
		DisableScriptedObjects (45ms)
		BackupInstance (0ms)
		ReleaseScriptingObjects (0ms)
		CreateAndSetChildDomain (54ms)
	RebuildCommonClasses (38ms)
	RebuildNativeTypeToScriptingClass (12ms)
	initialDomainReloadingComplete (32ms)
	LoadAllAssembliesAndSetupDomain (552ms)
		LoadAssemblies (388ms)
		RebuildTransferFunctionScriptingTraits (0ms)
		AnalyzeDomain (258ms)
			TypeCache.Refresh (9ms)
				TypeCache.ScanAssembly (0ms)
			BuildScriptInfoCaches (230ms)
			ResolveRequiredComponents (14ms)
	FinalizeReload (987ms)
		ReleaseScriptCaches (0ms)
		RebuildScriptCaches (0ms)
		SetupLoadedEditorAssemblies (781ms)
			LogAssemblyErrors (0ms)
			InitializePlatformSupportModulesInManaged (2ms)
			SetLoadedEditorAssemblies (4ms)
			BeforeProcessingInitializeOnLoad (148ms)
			ProcessInitializeOnLoadAttributes (545ms)
			ProcessInitializeOnLoadMethodAttributes (75ms)
			AfterProcessingInitializeOnLoad (7ms)
			EditorAssembliesLoaded (0ms)
		ExecutionOrderSort2 (1ms)
		AwakeInstancesAfterBackupRestoration (36ms)
Refreshing native plugins compatible for Editor in 2.36 ms, found 4 plugins.
Preloading 0 native plugins for Editor in 0.00 ms.
Unloading 13 Unused Serialized files (Serialized files now loaded: 0)
Unloading 6764 unused Assets / (4.0 MB). Loaded Objects now: 9034.
Memory consumption went from 157.7 MB to 153.7 MB.
Total: 10.513200 ms (FindLiveObjects: 0.877000 ms CreateObjectMapping: 0.977100 ms MarkObjects: 6.074300 ms  DeleteObjects: 2.583300 ms)

Prepare: number of updated asset objects reloaded= 0
========================================================================
Received Prepare
Begin MonoManager ReloadAssembly
- Loaded All Assemblies, in  1.092 seconds
Refreshing native plugins compatible for Editor in 3.35 ms, found 4 plugins.
Native extension for WindowsStandalone target not found
[Package Manager] Failed to launch server process. Reason: Unity was launched with the -noUpm command-line argument
[Package Manager] Unable to send message (not connected to server process).
[Package Manager] Cannot connect to Unity Package Manager local server
Mono: successfully reloaded assembly
- Finished resetting the current domain, in  1.112 seconds
Domain Reload Profiling: 2203ms
	BeginReloadAssembly (246ms)
		ExecutionOrderSort (0ms)
		DisableScriptedObjects (18ms)
		BackupInstance (0ms)
		ReleaseScriptingObjects (0ms)
		CreateAndSetChildDomain (55ms)
	RebuildCommonClasses (45ms)
	RebuildNativeTypeToScriptingClass (12ms)
	initialDomainReloadingComplete (35ms)
	LoadAllAssembliesAndSetupDomain (751ms)
		LoadAssemblies (467ms)
		RebuildTransferFunctionScriptingTraits (0ms)
		AnalyzeDomain (386ms)
			TypeCache.Refresh (9ms)
				TypeCache.ScanAssembly (0ms)
			BuildScriptInfoCaches (329ms)
			ResolveRequiredComponents (38ms)
	FinalizeReload (1113ms)
		ReleaseScriptCaches (0ms)
		RebuildScriptCaches (0ms)
		SetupLoadedEditorAssemblies (907ms)
			LogAssemblyErrors (0ms)
			InitializePlatformSupportModulesInManaged (3ms)
			SetLoadedEditorAssemblies (3ms)
			BeforeProcessingInitializeOnLoad (169ms)
			ProcessInitializeOnLoadAttributes (645ms)
			ProcessInitializeOnLoadMethodAttributes (80ms)
			AfterProcessingInitializeOnLoad (5ms)
			EditorAssembliesLoaded (0ms)
		ExecutionOrderSort2 (1ms)
		AwakeInstancesAfterBackupRestoration (33ms)
Refreshing native plugins compatible for Editor in 3.69 ms, found 4 plugins.
Preloading 0 native plugins for Editor in 0.00 ms.
Unloading 13 Unused Serialized files (Serialized files now loaded: 0)
Unloading 6764 unused Assets / (2.6 MB). Loaded Objects now: 9037.
Memory consumption went from 157.6 MB to 155.0 MB.
Total: 128.676800 ms (FindLiveObjects: 8.778900 ms CreateObjectMapping: 1.840700 ms MarkObjects: 114.596300 ms  DeleteObjects: 3.459200 ms)

Prepare: number of updated asset objects reloaded= 0
========================================================================
Received Prepare
Refreshing native plugins compatible for Editor in 2.75 ms, found 4 plugins.
Preloading 0 native plugins for Editor in 0.00 ms.
Unloading 13 Unused Serialized files (Serialized files now loaded: 0)
Unloading 6754 unused Assets / (4.5 MB). Loaded Objects now: 9037.
Memory consumption went from 157.8 MB to 153.3 MB.
Total: 10.388400 ms (FindLiveObjects: 1.008900 ms CreateObjectMapping: 1.104900 ms MarkObjects: 5.667100 ms  DeleteObjects: 2.606300 ms)

Prepare: number of updated asset objects reloaded= 0
========================================================================
Received Import Request.
  Time since last request: 41.436751 seconds.
  path: Assets/Prefabs/Turrets/Standard Turret.prefab
  artifactKey: Guid(0fabeecabe058844b825ce0fdc6ed719) Importer(815301076,1909f56bfc062723c751e8b465ee728b)
Start importing Assets/Prefabs/Turrets/Standard Turret.prefab using Guid(0fabeecabe058844b825ce0fdc6ed719) Importer(815301076,1909f56bfc062723c751e8b465ee728b) (PreviewImporter) -> (artifact id: '0af9d56521ff5ad5a25c4c7a44517c5c') in 0.5543741 seconds
Number of updated asset objects reloaded before import = 0Number of asset objects unloaded after import = 43

========================================================================
Received Import Request.
  Time since last request: 0.000039 seconds.
  path: Assets/Prefabs/Turrets/Fire Turret.prefab
  artifactKey: Guid(435c9623361906945a6126111a2a041d) Importer(815301076,1909f56bfc062723c751e8b465ee728b)
Start importing Assets/Prefabs/Turrets/Fire Turret.prefab using Guid(435c9623361906945a6126111a2a041d) Importer(815301076,1909f56bfc062723c751e8b465ee728b) (PreviewImporter) -> (artifact id: 'b9f3fa43fbf0eafa6e2b0eced4846384') in 0.0212871 seconds
Number of updated asset objects reloaded before import = 0Number of asset objects unloaded after import = 26

========================================================================
Received Prepare
Begin MonoManager ReloadAssembly
- Loaded All Assemblies, in  0.877 seconds
Refreshing native plugins compatible for Editor in 2.03 ms, found 4 plugins.
Native extension for WindowsStandalone target not found
[Package Manager] Failed to launch server process. Reason: Unity was launched with the -noUpm command-line argument
[Package Manager] Unable to send message (not connected to server process).
[Package Manager] Cannot connect to Unity Package Manager local server
Mono: successfully reloaded assembly
- Finished resetting the current domain, in  1.084 seconds
Domain Reload Profiling: 1960ms
	BeginReloadAssembly (278ms)
		ExecutionOrderSort (0ms)
		DisableScriptedObjects (39ms)
		BackupInstance (0ms)
		ReleaseScriptingObjects (0ms)
		CreateAndSetChildDomain (59ms)
	RebuildCommonClasses (40ms)
	RebuildNativeTypeToScriptingClass (16ms)
	initialDomainReloadingComplete (30ms)
	LoadAllAssembliesAndSetupDomain (512ms)
		LoadAssemblies (377ms)
		RebuildTransferFunctionScriptingTraits (0ms)
		AnalyzeDomain (238ms)
			TypeCache.Refresh (8ms)
				TypeCache.ScanAssembly (0ms)
			BuildScriptInfoCaches (213ms)
			ResolveRequiredComponents (12ms)
	FinalizeReload (1085ms)
		ReleaseScriptCaches (0ms)
		RebuildScriptCaches (0ms)
		SetupLoadedEditorAssemblies (841ms)
			LogAssemblyErrors (0ms)
			InitializePlatformSupportModulesInManaged (3ms)
			SetLoadedEditorAssemblies (4ms)
			BeforeProcessingInitializeOnLoad (167ms)
			ProcessInitializeOnLoadAttributes (582ms)
			ProcessInitializeOnLoadMethodAttributes (77ms)
			AfterProcessingInitializeOnLoad (7ms)
			EditorAssembliesLoaded (0ms)
		ExecutionOrderSort2 (1ms)
		AwakeInstancesAfterBackupRestoration (35ms)
Refreshing native plugins compatible for Editor in 1.89 ms, found 4 plugins.
Preloading 0 native plugins for Editor in 0.00 ms.
Unloading 13 Unused Serialized files (Serialized files now loaded: 0)
Unloading 6764 unused Assets / (4.3 MB). Loaded Objects now: 9060.
Memory consumption went from 157.8 MB to 153.5 MB.
Total: 10.715000 ms (FindLiveObjects: 1.457100 ms CreateObjectMapping: 1.140800 ms MarkObjects: 5.611600 ms  DeleteObjects: 2.504000 ms)

Prepare: number of updated asset objects reloaded= 0
========================================================================
Received Prepare
Begin MonoManager ReloadAssembly
- Loaded All Assemblies, in  0.884 seconds
Refreshing native plugins compatible for Editor in 1.68 ms, found 4 plugins.
Native extension for WindowsStandalone target not found
[Package Manager] Failed to launch server process. Reason: Unity was launched with the -noUpm command-line argument
[Package Manager] Unable to send message (not connected to server process).
[Package Manager] Cannot connect to Unity Package Manager local server
Mono: successfully reloaded assembly
- Finished resetting the current domain, in  0.945 seconds
Domain Reload Profiling: 1828ms
	BeginReloadAssembly (244ms)
		ExecutionOrderSort (1ms)
		DisableScriptedObjects (20ms)
		BackupInstance (0ms)
		ReleaseScriptingObjects (0ms)
		CreateAndSetChildDomain (55ms)
	RebuildCommonClasses (39ms)
	RebuildNativeTypeToScriptingClass (15ms)
	initialDomainReloadingComplete (33ms)
	LoadAllAssembliesAndSetupDomain (552ms)
		LoadAssemblies (402ms)
		RebuildTransferFunctionScriptingTraits (0ms)
		AnalyzeDomain (252ms)
			TypeCache.Refresh (6ms)
				TypeCache.ScanAssembly (0ms)
			BuildScriptInfoCaches (228ms)
			ResolveRequiredComponents (13ms)
	FinalizeReload (945ms)
		ReleaseScriptCaches (0ms)
		RebuildScriptCaches (0ms)
		SetupLoadedEditorAssemblies (748ms)
			LogAssemblyErrors (0ms)
			InitializePlatformSupportModulesInManaged (2ms)
			SetLoadedEditorAssemblies (3ms)
			BeforeProcessingInitializeOnLoad (135ms)
			ProcessInitializeOnLoadAttributes (536ms)
			ProcessInitializeOnLoadMethodAttributes (66ms)
			AfterProcessingInitializeOnLoad (5ms)
			EditorAssembliesLoaded (0ms)
		ExecutionOrderSort2 (0ms)
		AwakeInstancesAfterBackupRestoration (29ms)
Refreshing native plugins compatible for Editor in 1.76 ms, found 4 plugins.
Preloading 0 native plugins for Editor in 0.00 ms.
Unloading 13 Unused Serialized files (Serialized files now loaded: 0)
Unloading 6764 unused Assets / (4.8 MB). Loaded Objects now: 9063.
Memory consumption went from 157.7 MB to 152.9 MB.
Total: 10.353800 ms (FindLiveObjects: 0.679800 ms CreateObjectMapping: 0.964500 ms MarkObjects: 6.299200 ms  DeleteObjects: 2.408600 ms)

Prepare: number of updated asset objects reloaded= 0
========================================================================
Received Prepare
Refreshing native plugins compatible for Editor in 1.84 ms, found 4 plugins.
Preloading 0 native plugins for Editor in 0.00 ms.
Unloading 13 Unused Serialized files (Serialized files now loaded: 0)
Unloading 6754 unused Assets / (4.6 MB). Loaded Objects now: 9063.
Memory consumption went from 157.9 MB to 153.2 MB.
Total: 16.891800 ms (FindLiveObjects: 1.139500 ms CreateObjectMapping: 1.523800 ms MarkObjects: 10.927200 ms  DeleteObjects: 3.299800 ms)

Prepare: number of updated asset objects reloaded= 0
========================================================================
Received Import Request.
  Time since last request: 307.217087 seconds.
  path: Assets/Prefabs/Turrets/Standard Turret.prefab
  artifactKey: Guid(0fabeecabe058844b825ce0fdc6ed719) Importer(815301076,1909f56bfc062723c751e8b465ee728b)
Start importing Assets/Prefabs/Turrets/Standard Turret.prefab using Guid(0fabeecabe058844b825ce0fdc6ed719) Importer(815301076,1909f56bfc062723c751e8b465ee728b) (PreviewImporter) -> (artifact id: '99f5f4ac06369864b3a16385458a8344') in 0.6802628 seconds
Number of updated asset objects reloaded before import = 0Number of asset objects unloaded after import = 43

========================================================================
Received Import Request.
  Time since last request: 0.000029 seconds.
  path: Assets/Prefabs/Turrets/Electric Turret.prefab
  artifactKey: Guid(aae537c2f92013746a402db5116df460) Importer(815301076,1909f56bfc062723c751e8b465ee728b)
Start importing Assets/Prefabs/Turrets/Electric Turret.prefab using Guid(aae537c2f92013746a402db5116df460) Importer(815301076,1909f56bfc062723c751e8b465ee728b) (PreviewImporter) -> (artifact id: '3a4d8ff9d40ee1cfbbcc866c73b35072') in 0.0114837 seconds
Number of updated asset objects reloaded before import = 0Number of asset objects unloaded after import = 19

========================================================================
Received Prepare
Begin MonoManager ReloadAssembly
[Licensing::Client] Successfully resolved entitlement details
[Licensing::Module] License group:
  Id: F4-559Z-ESNU-EWRH-PCGX-XXXX
  Product: Unity Personal
  Type: ULF
  Expiration: Unlimited
[Licensing::Module] License group:
  Id: 5773053068775-UnityPersXXXX
  Product: Unity Personal
  Type: Assigned
  Expiration: Unlimited
- Loaded All Assemblies, in  1.074 seconds
Refreshing native plugins compatible for Editor in 1.46 ms, found 4 plugins.
Native extension for WindowsStandalone target not found
[Package Manager] Failed to launch server process. Reason: Unity was launched with the -noUpm command-line argument
[Package Manager] Unable to send message (not connected to server process).
[Package Manager] Cannot connect to Unity Package Manager local server
Mono: successfully reloaded assembly
- Finished resetting the current domain, in  0.958 seconds
Domain Reload Profiling: 2031ms
	BeginReloadAssembly (282ms)
		ExecutionOrderSort (1ms)
		DisableScriptedObjects (33ms)
		BackupInstance (0ms)
		ReleaseScriptingObjects (0ms)
		CreateAndSetChildDomain (65ms)
	RebuildCommonClasses (37ms)
	RebuildNativeTypeToScriptingClass (14ms)
	initialDomainReloadingComplete (40ms)
	LoadAllAssembliesAndSetupDomain (700ms)
		LoadAssemblies (458ms)
		RebuildTransferFunctionScriptingTraits (0ms)
		AnalyzeDomain (343ms)
			TypeCache.Refresh (10ms)
				TypeCache.ScanAssembly (0ms)
			BuildScriptInfoCaches (317ms)
			ResolveRequiredComponents (11ms)
	FinalizeReload (958ms)
		ReleaseScriptCaches (0ms)
		RebuildScriptCaches (0ms)
		SetupLoadedEditorAssemblies (770ms)
			LogAssemblyErrors (0ms)
			InitializePlatformSupportModulesInManaged (3ms)
			SetLoadedEditorAssemblies (4ms)
			BeforeProcessingInitializeOnLoad (131ms)
			ProcessInitializeOnLoadAttributes (555ms)
			ProcessInitializeOnLoadMethodAttributes (72ms)
			AfterProcessingInitializeOnLoad (5ms)
			EditorAssembliesLoaded (0ms)
		ExecutionOrderSort2 (0ms)
		AwakeInstancesAfterBackupRestoration (33ms)
Refreshing native plugins compatible for Editor in 1.68 ms, found 4 plugins.
Preloading 0 native plugins for Editor in 0.00 ms.
Unloading 13 Unused Serialized files (Serialized files now loaded: 0)
Unloading 6764 unused Assets / (3.9 MB). Loaded Objects now: 9086.
Memory consumption went from 157.8 MB to 154.0 MB.
Total: 8.971400 ms (FindLiveObjects: 0.694600 ms CreateObjectMapping: 0.513800 ms MarkObjects: 5.613500 ms  DeleteObjects: 2.148000 ms)

Prepare: number of updated asset objects reloaded= 0
========================================================================
Received Prepare
Begin MonoManager ReloadAssembly
- Loaded All Assemblies, in  0.887 seconds
Refreshing native plugins compatible for Editor in 2.00 ms, found 4 plugins.
Native extension for WindowsStandalone target not found
[Package Manager] Failed to launch server process. Reason: Unity was launched with the -noUpm command-line argument
[Package Manager] Unable to send message (not connected to server process).
[Package Manager] Cannot connect to Unity Package Manager local server
Mono: successfully reloaded assembly
- Finished resetting the current domain, in  1.006 seconds
Domain Reload Profiling: 1892ms
	BeginReloadAssembly (244ms)
		ExecutionOrderSort (1ms)
		DisableScriptedObjects (19ms)
		BackupInstance (0ms)
		ReleaseScriptingObjects (0ms)
		CreateAndSetChildDomain (51ms)
	RebuildCommonClasses (39ms)
	RebuildNativeTypeToScriptingClass (13ms)
	initialDomainReloadingComplete (37ms)
	LoadAllAssembliesAndSetupDomain (552ms)
		LoadAssemblies (388ms)
		RebuildTransferFunctionScriptingTraits (0ms)
		AnalyzeDomain (265ms)
			TypeCache.Refresh (6ms)
				TypeCache.ScanAssembly (0ms)
			BuildScriptInfoCaches (240ms)
			ResolveRequiredComponents (12ms)
	FinalizeReload (1007ms)
		ReleaseScriptCaches (0ms)
		RebuildScriptCaches (0ms)
		SetupLoadedEditorAssemblies (787ms)
			LogAssemblyErrors (0ms)
			InitializePlatformSupportModulesInManaged (3ms)
			SetLoadedEditorAssemblies (3ms)
			BeforeProcessingInitializeOnLoad (140ms)
			ProcessInitializeOnLoadAttributes (565ms)
			ProcessInitializeOnLoadMethodAttributes (71ms)
			AfterProcessingInitializeOnLoad (5ms)
			EditorAssembliesLoaded (0ms)
		ExecutionOrderSort2 (0ms)
		AwakeInstancesAfterBackupRestoration (39ms)
Refreshing native plugins compatible for Editor in 2.59 ms, found 4 plugins.
Preloading 0 native plugins for Editor in 0.00 ms.
Unloading 13 Unused Serialized files (Serialized files now loaded: 0)
Unloading 6764 unused Assets / (4.3 MB). Loaded Objects now: 9089.
Memory consumption went from 157.8 MB to 153.5 MB.
Total: 9.283500 ms (FindLiveObjects: 0.984500 ms CreateObjectMapping: 0.582900 ms MarkObjects: 5.302300 ms  DeleteObjects: 2.412500 ms)

Prepare: number of updated asset objects reloaded= 0
========================================================================
Received Prepare
Refreshing native plugins compatible for Editor in 1.95 ms, found 4 plugins.
Preloading 0 native plugins for Editor in 0.00 ms.
Unloading 13 Unused Serialized files (Serialized files now loaded: 0)
Unloading 6754 unused Assets / (4.2 MB). Loaded Objects now: 9089.
Memory consumption went from 157.9 MB to 153.7 MB.
Total: 9.945700 ms (FindLiveObjects: 1.395900 ms CreateObjectMapping: 0.631800 ms MarkObjects: 5.872400 ms  DeleteObjects: 2.044000 ms)

Prepare: number of updated asset objects reloaded= 0
========================================================================
Received Import Request.
  Time since last request: 86.217011 seconds.
  path: Assets/Prefabs/Turrets/Standard Turret.prefab
  artifactKey: Guid(0fabeecabe058844b825ce0fdc6ed719) Importer(815301076,1909f56bfc062723c751e8b465ee728b)
Start importing Assets/Prefabs/Turrets/Standard Turret.prefab using Guid(0fabeecabe058844b825ce0fdc6ed719) Importer(815301076,1909f56bfc062723c751e8b465ee728b) (PreviewImporter) -> (artifact id: 'a90606c2da0d4d418787144d07f56430') in 0.5945585 seconds
Number of updated asset objects reloaded before import = 0Number of asset objects unloaded after import = 43

========================================================================
Received Import Request.
  Time since last request: 0.000036 seconds.
  path: Assets/Prefabs/Turrets/Fire Turret.prefab
  artifactKey: Guid(435c9623361906945a6126111a2a041d) Importer(815301076,1909f56bfc062723c751e8b465ee728b)
Start importing Assets/Prefabs/Turrets/Fire Turret.prefab using Guid(435c9623361906945a6126111a2a041d) Importer(815301076,1909f56bfc062723c751e8b465ee728b) (PreviewImporter) -> (artifact id: '91a539b477421310362e8ee9d62f3edd') in 0.0156069 seconds
Number of updated asset objects reloaded before import = 0Number of asset objects unloaded after import = 26

========================================================================
Received Prepare
Begin MonoManager ReloadAssembly
[Licensing::Client] Successfully resolved entitlement details
[Licensing::Module] License group:
  Id: F4-559Z-ESNU-EWRH-PCGX-XXXX
  Product: Unity Personal
  Type: ULF
  Expiration: Unlimited
[Licensing::Module] License group:
  Id: 5773053068775-UnityPersXXXX
  Product: Unity Personal
  Type: Assigned
  Expiration: Unlimited
- Loaded All Assemblies, in  0.900 seconds
Refreshing native plugins compatible for Editor in 1.56 ms, found 4 plugins.
Native extension for WindowsStandalone target not found
[Package Manager] Failed to launch server process. Reason: Unity was launched with the -noUpm command-line argument
[Package Manager] Unable to send message (not connected to server process).
[Package Manager] Cannot connect to Unity Package Manager local server
Mono: successfully reloaded assembly
- Finished resetting the current domain, in  1.081 seconds
Domain Reload Profiling: 1980ms
	BeginReloadAssembly (255ms)
		ExecutionOrderSort (1ms)
		DisableScriptedObjects (33ms)
		BackupInstance (0ms)
		ReleaseScriptingObjects (0ms)
		CreateAndSetChildDomain (53ms)
	RebuildCommonClasses (38ms)
	RebuildNativeTypeToScriptingClass (12ms)
	initialDomainReloadingComplete (37ms)
	LoadAllAssembliesAndSetupDomain (557ms)
		LoadAssemblies (398ms)
		RebuildTransferFunctionScriptingTraits (0ms)
		AnalyzeDomain (252ms)
			TypeCache.Refresh (12ms)
				TypeCache.ScanAssembly (1ms)
			BuildScriptInfoCaches (218ms)
			ResolveRequiredComponents (16ms)
	FinalizeReload (1081ms)
		ReleaseScriptCaches (0ms)
		RebuildScriptCaches (0ms)
		SetupLoadedEditorAssemblies (889ms)
			LogAssemblyErrors (0ms)
			InitializePlatformSupportModulesInManaged (3ms)
			SetLoadedEditorAssemblies (3ms)
			BeforeProcessingInitializeOnLoad (147ms)
			ProcessInitializeOnLoadAttributes (666ms)
			ProcessInitializeOnLoadMethodAttributes (65ms)
			AfterProcessingInitializeOnLoad (5ms)
			EditorAssembliesLoaded (0ms)
		ExecutionOrderSort2 (0ms)
		AwakeInstancesAfterBackupRestoration (30ms)
Refreshing native plugins compatible for Editor in 1.90 ms, found 4 plugins.
Preloading 0 native plugins for Editor in 0.00 ms.
Unloading 13 Unused Serialized files (Serialized files now loaded: 0)
Unloading 6764 unused Assets / (4.4 MB). Loaded Objects now: 9112.
Memory consumption went from 158.0 MB to 153.6 MB.
Total: 8.802700 ms (FindLiveObjects: 0.786700 ms CreateObjectMapping: 0.498900 ms MarkObjects: 5.324000 ms  DeleteObjects: 2.191800 ms)

Prepare: number of updated asset objects reloaded= 0
========================================================================
Received Prepare
Begin MonoManager ReloadAssembly
- Loaded All Assemblies, in  0.849 seconds
Refreshing native plugins compatible for Editor in 1.64 ms, found 4 plugins.
Native extension for WindowsStandalone target not found
[Package Manager] Failed to launch server process. Reason: Unity was launched with the -noUpm command-line argument
[Package Manager] Unable to send message (not connected to server process).
[Package Manager] Cannot connect to Unity Package Manager local server
Mono: successfully reloaded assembly
- Finished resetting the current domain, in  0.946 seconds
Domain Reload Profiling: 1792ms
	BeginReloadAssembly (230ms)
		ExecutionOrderSort (0ms)
		DisableScriptedObjects (18ms)
		BackupInstance (0ms)
		ReleaseScriptingObjects (0ms)
		CreateAndSetChildDomain (47ms)
	RebuildCommonClasses (39ms)
	RebuildNativeTypeToScriptingClass (13ms)
	initialDomainReloadingComplete (30ms)
	LoadAllAssembliesAndSetupDomain (534ms)
		LoadAssemblies (392ms)
		RebuildTransferFunctionScriptingTraits (0ms)
		AnalyzeDomain (245ms)
			TypeCache.Refresh (7ms)
				TypeCache.ScanAssembly (0ms)
			BuildScriptInfoCaches (222ms)
			ResolveRequiredComponents (11ms)
	FinalizeReload (946ms)
		ReleaseScriptCaches (0ms)
		RebuildScriptCaches (0ms)
		SetupLoadedEditorAssemblies (740ms)
			LogAssemblyErrors (0ms)
			InitializePlatformSupportModulesInManaged (2ms)
			SetLoadedEditorAssemblies (3ms)
			BeforeProcessingInitializeOnLoad (125ms)
			ProcessInitializeOnLoadAttributes (539ms)
			ProcessInitializeOnLoadMethodAttributes (66ms)
			AfterProcessingInitializeOnLoad (4ms)
			EditorAssembliesLoaded (0ms)
		ExecutionOrderSort2 (0ms)
		AwakeInstancesAfterBackupRestoration (33ms)
Refreshing native plugins compatible for Editor in 2.68 ms, found 4 plugins.
Preloading 0 native plugins for Editor in 0.00 ms.
Unloading 13 Unused Serialized files (Serialized files now loaded: 0)
Unloading 6764 unused Assets / (4.4 MB). Loaded Objects now: 9115.
Memory consumption went from 157.9 MB to 153.5 MB.
Total: 11.274600 ms (FindLiveObjects: 1.216300 ms CreateObjectMapping: 0.867600 ms MarkObjects: 6.376400 ms  DeleteObjects: 2.812700 ms)

Prepare: number of updated asset objects reloaded= 0
========================================================================
Received Prepare
Refreshing native plugins compatible for Editor in 2.29 ms, found 4 plugins.
Preloading 0 native plugins for Editor in 0.00 ms.
Unloading 13 Unused Serialized files (Serialized files now loaded: 0)
Unloading 6754 unused Assets / (5.0 MB). Loaded Objects now: 9115.
Memory consumption went from 158.0 MB to 153.0 MB.
Total: 11.124400 ms (FindLiveObjects: 1.467000 ms CreateObjectMapping: 0.984500 ms MarkObjects: 5.747800 ms  DeleteObjects: 2.923700 ms)

Prepare: number of updated asset objects reloaded= 0
========================================================================
Received Import Request.
  Time since last request: 92.343688 seconds.
  path: Assets/Prefabs/Turrets/Standard Turret.prefab
  artifactKey: Guid(0fabeecabe058844b825ce0fdc6ed719) Importer(815301076,1909f56bfc062723c751e8b465ee728b)
Start importing Assets/Prefabs/Turrets/Standard Turret.prefab using Guid(0fabeecabe058844b825ce0fdc6ed719) Importer(815301076,1909f56bfc062723c751e8b465ee728b) (PreviewImporter) -> (artifact id: '6dfd6ae34198a06c67948fde907a3e8e') in 0.6821388 seconds
Number of updated asset objects reloaded before import = 0Number of asset objects unloaded after import = 43

========================================================================
Received Import Request.
  Time since last request: 0.000058 seconds.
  path: Assets/Prefabs/Turrets/Fire Turret.prefab
  artifactKey: Guid(435c9623361906945a6126111a2a041d) Importer(815301076,1909f56bfc062723c751e8b465ee728b)
Start importing Assets/Prefabs/Turrets/Fire Turret.prefab using Guid(435c9623361906945a6126111a2a041d) Importer(815301076,1909f56bfc062723c751e8b465ee728b) (PreviewImporter) -> (artifact id: '6476b2ca5ffaac504af2184c7a0088ac') in 0.0164215 seconds
Number of updated asset objects reloaded before import = 0Number of asset objects unloaded after import = 26

========================================================================
Received Prepare
Begin MonoManager ReloadAssembly
[Licensing::Client] Successfully resolved entitlement details
[Licensing::Module] License group:
  Id: F4-559Z-ESNU-EWRH-PCGX-XXXX
  Product: Unity Personal
  Type: ULF
  Expiration: Unlimited
[Licensing::Module] License group:
  Id: 5773053068775-UnityPersXXXX
  Product: Unity Personal
  Type: Assigned
  Expiration: Unlimited
- Loaded All Assemblies, in  0.931 seconds
Refreshing native plugins compatible for Editor in 1.53 ms, found 4 plugins.
Native extension for WindowsStandalone target not found
[Package Manager] Failed to launch server process. Reason: Unity was launched with the -noUpm command-line argument
[Package Manager] Unable to send message (not connected to server process).
[Package Manager] Cannot connect to Unity Package Manager local server
Mono: successfully reloaded assembly
- Finished resetting the current domain, in  1.038 seconds
Domain Reload Profiling: 1968ms
	BeginReloadAssembly (251ms)
		ExecutionOrderSort (1ms)
		DisableScriptedObjects (35ms)
		BackupInstance (0ms)
		ReleaseScriptingObjects (0ms)
		CreateAndSetChildDomain (48ms)
	RebuildCommonClasses (35ms)
	RebuildNativeTypeToScriptingClass (15ms)
	initialDomainReloadingComplete (37ms)
	LoadAllAssembliesAndSetupDomain (591ms)
		LoadAssemblies (395ms)
		RebuildTransferFunctionScriptingTraits (0ms)
		AnalyzeDomain (292ms)
			TypeCache.Refresh (13ms)
				TypeCache.ScanAssembly (0ms)
			BuildScriptInfoCaches (262ms)
			ResolveRequiredComponents (12ms)
	FinalizeReload (1039ms)
		ReleaseScriptCaches (0ms)
		RebuildScriptCaches (0ms)
		SetupLoadedEditorAssemblies (798ms)
			LogAssemblyErrors (0ms)
			InitializePlatformSupportModulesInManaged (2ms)
			SetLoadedEditorAssemblies (3ms)
			BeforeProcessingInitializeOnLoad (132ms)
			ProcessInitializeOnLoadAttributes (570ms)
			ProcessInitializeOnLoadMethodAttributes (81ms)
			AfterProcessingInitializeOnLoad (9ms)
			EditorAssembliesLoaded (1ms)
		ExecutionOrderSort2 (1ms)
		AwakeInstancesAfterBackupRestoration (51ms)
Refreshing native plugins compatible for Editor in 1.40 ms, found 4 plugins.
Preloading 0 native plugins for Editor in 0.00 ms.
Unloading 13 Unused Serialized files (Serialized files now loaded: 0)
Unloading 6764 unused Assets / (4.5 MB). Loaded Objects now: 9138.
Memory consumption went from 158.1 MB to 153.6 MB.
Total: 10.807200 ms (FindLiveObjects: 1.488700 ms CreateObjectMapping: 1.034400 ms MarkObjects: 5.550400 ms  DeleteObjects: 2.732500 ms)

Prepare: number of updated asset objects reloaded= 0
========================================================================
Received Prepare
Begin MonoManager ReloadAssembly
- Loaded All Assemblies, in  0.856 seconds
Refreshing native plugins compatible for Editor in 1.44 ms, found 4 plugins.
Native extension for WindowsStandalone target not found
[Package Manager] Failed to launch server process. Reason: Unity was launched with the -noUpm command-line argument
[Package Manager] Unable to send message (not connected to server process).
[Package Manager] Cannot connect to Unity Package Manager local server
Mono: successfully reloaded assembly
- Finished resetting the current domain, in  0.935 seconds
Domain Reload Profiling: 1790ms
	BeginReloadAssembly (235ms)
		ExecutionOrderSort (0ms)
		DisableScriptedObjects (18ms)
		BackupInstance (0ms)
		ReleaseScriptingObjects (0ms)
		CreateAndSetChildDomain (47ms)
	RebuildCommonClasses (36ms)
	RebuildNativeTypeToScriptingClass (13ms)
	initialDomainReloadingComplete (33ms)
	LoadAllAssembliesAndSetupDomain (538ms)
		LoadAssemblies (398ms)
		RebuildTransferFunctionScriptingTraits (0ms)
		AnalyzeDomain (243ms)
			TypeCache.Refresh (8ms)
				TypeCache.ScanAssembly (0ms)
			BuildScriptInfoCaches (220ms)
			ResolveRequiredComponents (10ms)
	FinalizeReload (936ms)
		ReleaseScriptCaches (0ms)
		RebuildScriptCaches (0ms)
		SetupLoadedEditorAssemblies (730ms)
			LogAssemblyErrors (0ms)
			InitializePlatformSupportModulesInManaged (3ms)
			SetLoadedEditorAssemblies (4ms)
			BeforeProcessingInitializeOnLoad (130ms)
			ProcessInitializeOnLoadAttributes (523ms)
			ProcessInitializeOnLoadMethodAttributes (65ms)
			AfterProcessingInitializeOnLoad (6ms)
			EditorAssembliesLoaded (0ms)
		ExecutionOrderSort2 (0ms)
		AwakeInstancesAfterBackupRestoration (35ms)
Refreshing native plugins compatible for Editor in 2.09 ms, found 4 plugins.
Preloading 0 native plugins for Editor in 0.00 ms.
Unloading 13 Unused Serialized files (Serialized files now loaded: 0)
Unloading 6764 unused Assets / (4.9 MB). Loaded Objects now: 9141.
Memory consumption went from 157.9 MB to 153.0 MB.
Total: 11.642400 ms (FindLiveObjects: 0.704100 ms CreateObjectMapping: 0.546500 ms MarkObjects: 6.467200 ms  DeleteObjects: 3.923500 ms)

Prepare: number of updated asset objects reloaded= 0
========================================================================
Received Prepare
Refreshing native plugins compatible for Editor in 1.92 ms, found 4 plugins.
Preloading 0 native plugins for Editor in 0.00 ms.
Unloading 13 Unused Serialized files (Serialized files now loaded: 0)
Unloading 6754 unused Assets / (4.6 MB). Loaded Objects now: 9141.
Memory consumption went from 158.1 MB to 153.4 MB.
Total: 12.402800 ms (FindLiveObjects: 0.690900 ms CreateObjectMapping: 1.166700 ms MarkObjects: 7.852300 ms  DeleteObjects: 2.691700 ms)

Prepare: number of updated asset objects reloaded= 0
========================================================================
Received Import Request.
  Time since last request: 331.136439 seconds.
  path: Assets/Prefabs/Turrets/Standard Turret.prefab
  artifactKey: Guid(0fabeecabe058844b825ce0fdc6ed719) Importer(815301076,1909f56bfc062723c751e8b465ee728b)
Start importing Assets/Prefabs/Turrets/Standard Turret.prefab using Guid(0fabeecabe058844b825ce0fdc6ed719) Importer(815301076,1909f56bfc062723c751e8b465ee728b) (PreviewImporter) -> (artifact id: '60af1cecac5e4c2e3d1ec0356b9c350b') in 0.5936863 seconds
Number of updated asset objects reloaded before import = 0Number of asset objects unloaded after import = 43

========================================================================
Received Import Request.
  Time since last request: 0.000037 seconds.
  path: Assets/Prefabs/Turrets/Fire Turret.prefab
  artifactKey: Guid(435c9623361906945a6126111a2a041d) Importer(815301076,1909f56bfc062723c751e8b465ee728b)
Start importing Assets/Prefabs/Turrets/Fire Turret.prefab using Guid(435c9623361906945a6126111a2a041d) Importer(815301076,1909f56bfc062723c751e8b465ee728b) (PreviewImporter) -> (artifact id: 'aac9ba29c85b7c715576c5d3f431c001') in 0.0152312 seconds
Number of updated asset objects reloaded before import = 0Number of asset objects unloaded after import = 26

========================================================================
Received Prepare
Begin MonoManager ReloadAssembly
[Licensing::Client] Successfully resolved entitlement details
[Licensing::Module] License group:
  Id: F4-559Z-ESNU-EWRH-PCGX-XXXX
  Product: Unity Personal
  Type: ULF
  Expiration: Unlimited
[Licensing::Module] License group:
  Id: 5773053068775-UnityPersXXXX
  Product: Unity Personal
  Type: Assigned
  Expiration: Unlimited
- Loaded All Assemblies, in  0.965 seconds
Refreshing native plugins compatible for Editor in 1.64 ms, found 4 plugins.
Native extension for WindowsStandalone target not found
[Package Manager] Failed to launch server process. Reason: Unity was launched with the -noUpm command-line argument
[Package Manager] Unable to send message (not connected to server process).
[Package Manager] Cannot connect to Unity Package Manager local server
Mono: successfully reloaded assembly
- Finished resetting the current domain, in  0.971 seconds
Domain Reload Profiling: 1935ms
	BeginReloadAssembly (268ms)
		ExecutionOrderSort (1ms)
		DisableScriptedObjects (34ms)
		BackupInstance (0ms)
		ReleaseScriptingObjects (0ms)
		CreateAndSetChildDomain (61ms)
	RebuildCommonClasses (36ms)
	RebuildNativeTypeToScriptingClass (16ms)
	initialDomainReloadingComplete (32ms)
	LoadAllAssembliesAndSetupDomain (611ms)
		LoadAssemblies (391ms)
		RebuildTransferFunctionScriptingTraits (0ms)
		AnalyzeDomain (317ms)
			TypeCache.Refresh (11ms)
				TypeCache.ScanAssembly (0ms)
			BuildScriptInfoCaches (289ms)
			ResolveRequiredComponents (13ms)
	FinalizeReload (972ms)
		ReleaseScriptCaches (0ms)
		RebuildScriptCaches (0ms)
		SetupLoadedEditorAssemblies (755ms)
			LogAssemblyErrors (0ms)
			InitializePlatformSupportModulesInManaged (2ms)
			SetLoadedEditorAssemblies (3ms)
			BeforeProcessingInitializeOnLoad (136ms)
			ProcessInitializeOnLoadAttributes (547ms)
			ProcessInitializeOnLoadMethodAttributes (59ms)
			AfterProcessingInitializeOnLoad (6ms)
			EditorAssembliesLoaded (0ms)
		ExecutionOrderSort2 (0ms)
		AwakeInstancesAfterBackupRestoration (33ms)
Refreshing native plugins compatible for Editor in 3.35 ms, found 4 plugins.
Preloading 0 native plugins for Editor in 0.00 ms.
Unloading 13 Unused Serialized files (Serialized files now loaded: 0)
Unloading 6764 unused Assets / (4.5 MB). Loaded Objects now: 9164.
Memory consumption went from 158.2 MB to 153.7 MB.
Total: 9.587800 ms (FindLiveObjects: 1.050200 ms CreateObjectMapping: 0.902400 ms MarkObjects: 5.515700 ms  DeleteObjects: 2.118000 ms)

Prepare: number of updated asset objects reloaded= 0
========================================================================
Received Prepare
Refreshing native plugins compatible for Editor in 3.96 ms, found 4 plugins.
Preloading 0 native plugins for Editor in 0.00 ms.
Unloading 13 Unused Serialized files (Serialized files now loaded: 0)
Unloading 6754 unused Assets / (3.6 MB). Loaded Objects now: 9164.
Memory consumption went from 158.2 MB to 154.5 MB.
Total: 19.418700 ms (FindLiveObjects: 0.956400 ms CreateObjectMapping: 1.189700 ms MarkObjects: 13.769300 ms  DeleteObjects: 3.501700 ms)

Prepare: number of updated asset objects reloaded= 0
========================================================================
Received Import Request.
  Time since last request: 16.473146 seconds.
  path: Assets/Prefabs/Turrets/Standard Turret.prefab
  artifactKey: Guid(0fabeecabe058844b825ce0fdc6ed719) Importer(815301076,1909f56bfc062723c751e8b465ee728b)
Start importing Assets/Prefabs/Turrets/Standard Turret.prefab using Guid(0fabeecabe058844b825ce0fdc6ed719) Importer(815301076,1909f56bfc062723c751e8b465ee728b) (PreviewImporter) -> (artifact id: '86cba50bca3b3e17e90b9163b1584dcc') in 0.8611467 seconds
Number of updated asset objects reloaded before import = 0Number of asset objects unloaded after import = 43

========================================================================
Received Prepare
Begin MonoManager ReloadAssembly
- Loaded All Assemblies, in  1.007 seconds
Refreshing native plugins compatible for Editor in 1.67 ms, found 4 plugins.
Native extension for WindowsStandalone target not found
[Package Manager] Failed to launch server process. Reason: Unity was launched with the -noUpm command-line argument
[Package Manager] Unable to send message (not connected to server process).
[Package Manager] Cannot connect to Unity Package Manager local server
Mono: successfully reloaded assembly
- Finished resetting the current domain, in  0.984 seconds
Domain Reload Profiling: 1991ms
	BeginReloadAssembly (266ms)
		ExecutionOrderSort (0ms)
		DisableScriptedObjects (30ms)
		BackupInstance (0ms)
		ReleaseScriptingObjects (0ms)
		CreateAndSetChildDomain (62ms)
	RebuildCommonClasses (39ms)
	RebuildNativeTypeToScriptingClass (12ms)
	initialDomainReloadingComplete (36ms)
	LoadAllAssembliesAndSetupDomain (653ms)
		LoadAssemblies (474ms)
		RebuildTransferFunctionScriptingTraits (0ms)
		AnalyzeDomain (284ms)
			TypeCache.Refresh (13ms)
				TypeCache.ScanAssembly (0ms)
			BuildScriptInfoCaches (248ms)
			ResolveRequiredComponents (16ms)
	FinalizeReload (985ms)
		ReleaseScriptCaches (0ms)
		RebuildScriptCaches (0ms)
		SetupLoadedEditorAssemblies (784ms)
			LogAssemblyErrors (0ms)
			InitializePlatformSupportModulesInManaged (3ms)
			SetLoadedEditorAssemblies (5ms)
			BeforeProcessingInitializeOnLoad (142ms)
			ProcessInitializeOnLoadAttributes (558ms)
			ProcessInitializeOnLoadMethodAttributes (70ms)
			AfterProcessingInitializeOnLoad (6ms)
			EditorAssembliesLoaded (1ms)
		ExecutionOrderSort2 (1ms)
		AwakeInstancesAfterBackupRestoration (31ms)
Refreshing native plugins compatible for Editor in 2.83 ms, found 4 plugins.
Preloading 0 native plugins for Editor in 0.00 ms.
Unloading 13 Unused Serialized files (Serialized files now loaded: 0)
Unloading 6764 unused Assets / (4.3 MB). Loaded Objects now: 9187.
Memory consumption went from 158.2 MB to 153.9 MB.
Total: 10.556400 ms (FindLiveObjects: 0.857500 ms CreateObjectMapping: 0.576600 ms MarkObjects: 6.165000 ms  DeleteObjects: 2.955500 ms)

Prepare: number of updated asset objects reloaded= 0
========================================================================
Received Import Request.
  Time since last request: 7.851784 seconds.
  path: Assets/Prefabs/Turrets/Fire Turret.prefab
  artifactKey: Guid(435c9623361906945a6126111a2a041d) Importer(815301076,1909f56bfc062723c751e8b465ee728b)
Start importing Assets/Prefabs/Turrets/Fire Turret.prefab using Guid(435c9623361906945a6126111a2a041d) Importer(815301076,1909f56bfc062723c751e8b465ee728b) (PreviewImporter) -> (artifact id: '81226f41f47e679f80e562c548130f68') in 0.4141664 seconds
Number of updated asset objects reloaded before import = 0Number of asset objects unloaded after import = 26

========================================================================
Received Prepare
Begin MonoManager ReloadAssembly
- Loaded All Assemblies, in  0.883 seconds
Refreshing native plugins compatible for Editor in 1.44 ms, found 4 plugins.
Native extension for WindowsStandalone target not found
[Package Manager] Failed to launch server process. Reason: Unity was launched with the -noUpm command-line argument
[Package Manager] Unable to send message (not connected to server process).
[Package Manager] Cannot connect to Unity Package Manager local server
Mono: successfully reloaded assembly
- Finished resetting the current domain, in  0.938 seconds
Domain Reload Profiling: 1821ms
	BeginReloadAssembly (252ms)
		ExecutionOrderSort (0ms)
		DisableScriptedObjects (34ms)
		BackupInstance (0ms)
		ReleaseScriptingObjects (0ms)
		CreateAndSetChildDomain (55ms)
	RebuildCommonClasses (41ms)
	RebuildNativeTypeToScriptingClass (12ms)
	initialDomainReloadingComplete (35ms)
	LoadAllAssembliesAndSetupDomain (543ms)
		LoadAssemblies (394ms)
		RebuildTransferFunctionScriptingTraits (0ms)
		AnalyzeDomain (248ms)
			TypeCache.Refresh (7ms)
				TypeCache.ScanAssembly (0ms)
			BuildScriptInfoCaches (225ms)
			ResolveRequiredComponents (11ms)
	FinalizeReload (939ms)
		ReleaseScriptCaches (0ms)
		RebuildScriptCaches (0ms)
		SetupLoadedEditorAssemblies (741ms)
			LogAssemblyErrors (0ms)
			InitializePlatformSupportModulesInManaged (3ms)
			SetLoadedEditorAssemblies (3ms)
			BeforeProcessingInitializeOnLoad (125ms)
			ProcessInitializeOnLoadAttributes (540ms)
			ProcessInitializeOnLoadMethodAttributes (64ms)
			AfterProcessingInitializeOnLoad (5ms)
			EditorAssembliesLoaded (0ms)
		ExecutionOrderSort2 (0ms)
		AwakeInstancesAfterBackupRestoration (32ms)
Refreshing native plugins compatible for Editor in 2.06 ms, found 4 plugins.
Preloading 0 native plugins for Editor in 0.00 ms.
Unloading 13 Unused Serialized files (Serialized files now loaded: 0)
Unloading 6764 unused Assets / (4.5 MB). Loaded Objects now: 9210.
Memory consumption went from 158.3 MB to 153.8 MB.
Total: 10.858800 ms (FindLiveObjects: 1.291500 ms CreateObjectMapping: 1.213800 ms MarkObjects: 5.914700 ms  DeleteObjects: 2.437500 ms)

Prepare: number of updated asset objects reloaded= 0
========================================================================
Received Prepare
Refreshing native plugins compatible for Editor in 3.44 ms, found 4 plugins.
Preloading 0 native plugins for Editor in 0.00 ms.
Unloading 13 Unused Serialized files (Serialized files now loaded: 0)
Unloading 6754 unused Assets / (4.5 MB). Loaded Objects now: 9210.
Memory consumption went from 158.3 MB to 153.8 MB.
Total: 8.367100 ms (FindLiveObjects: 0.970700 ms CreateObjectMapping: 0.500400 ms MarkObjects: 4.833400 ms  DeleteObjects: 2.061500 ms)

Prepare: number of updated asset objects reloaded= 0
========================================================================
Received Import Request.
  Time since last request: 39.298438 seconds.
  path: Assets/Prefabs/Turrets/Standard Turret.prefab
  artifactKey: Guid(0fabeecabe058844b825ce0fdc6ed719) Importer(815301076,1909f56bfc062723c751e8b465ee728b)
Start importing Assets/Prefabs/Turrets/Standard Turret.prefab using Guid(0fabeecabe058844b825ce0fdc6ed719) Importer(815301076,1909f56bfc062723c751e8b465ee728b) (PreviewImporter) -> (artifact id: '215f30e17674799d682bb6f5ebcd0132') in 0.5683095 seconds
Number of updated asset objects reloaded before import = 0Number of asset objects unloaded after import = 43

========================================================================
Received Import Request.
  Time since last request: 0.000035 seconds.
  path: Assets/Prefabs/Turrets/Fire Turret.prefab
  artifactKey: Guid(435c9623361906945a6126111a2a041d) Importer(815301076,1909f56bfc062723c751e8b465ee728b)
Start importing Assets/Prefabs/Turrets/Fire Turret.prefab using Guid(435c9623361906945a6126111a2a041d) Importer(815301076,1909f56bfc062723c751e8b465ee728b) (PreviewImporter) -> (artifact id: 'a8ee2b552088f38b7bb1e019f576a724') in 0.013873 seconds
Number of updated asset objects reloaded before import = 0Number of asset objects unloaded after import = 26

========================================================================
Received Prepare
Begin MonoManager ReloadAssembly
[Licensing::Client] Successfully resolved entitlement details
[Licensing::Module] License group:
  Id: F4-559Z-ESNU-EWRH-PCGX-XXXX
  Product: Unity Personal
  Type: ULF
  Expiration: Unlimited
[Licensing::Module] License group:
  Id: 5773053068775-UnityPersXXXX
  Product: Unity Personal
  Type: Assigned
  Expiration: Unlimited
- Loaded All Assemblies, in  0.974 seconds
Refreshing native plugins compatible for Editor in 2.39 ms, found 4 plugins.
Native extension for WindowsStandalone target not found
[Package Manager] Failed to launch server process. Reason: Unity was launched with the -noUpm command-line argument
[Package Manager] Unable to send message (not connected to server process).
[Package Manager] Cannot connect to Unity Package Manager local server
Mono: successfully reloaded assembly
- Finished resetting the current domain, in  1.025 seconds
Domain Reload Profiling: 1999ms
	BeginReloadAssembly (356ms)
		ExecutionOrderSort (1ms)
		DisableScriptedObjects (38ms)
		BackupInstance (0ms)
		ReleaseScriptingObjects (0ms)
		CreateAndSetChildDomain (67ms)
	RebuildCommonClasses (37ms)
	RebuildNativeTypeToScriptingClass (15ms)
	initialDomainReloadingComplete (31ms)
	LoadAllAssembliesAndSetupDomain (535ms)
		LoadAssemblies (463ms)
		RebuildTransferFunctionScriptingTraits (0ms)
		AnalyzeDomain (243ms)
			TypeCache.Refresh (11ms)
				TypeCache.ScanAssembly (0ms)
			BuildScriptInfoCaches (215ms)
			ResolveRequiredComponents (11ms)
	FinalizeReload (1025ms)
		ReleaseScriptCaches (0ms)
		RebuildScriptCaches (0ms)
		SetupLoadedEditorAssemblies (830ms)
			LogAssemblyErrors (0ms)
			InitializePlatformSupportModulesInManaged (2ms)
			SetLoadedEditorAssemblies (4ms)
			BeforeProcessingInitializeOnLoad (145ms)
			ProcessInitializeOnLoadAttributes (580ms)
			ProcessInitializeOnLoadMethodAttributes (93ms)
			AfterProcessingInitializeOnLoad (6ms)
			EditorAssembliesLoaded (0ms)
		ExecutionOrderSort2 (1ms)
		AwakeInstancesAfterBackupRestoration (30ms)
Refreshing native plugins compatible for Editor in 3.27 ms, found 4 plugins.
Preloading 0 native plugins for Editor in 0.00 ms.
Unloading 13 Unused Serialized files (Serialized files now loaded: 0)
Unloading 6764 unused Assets / (4.5 MB). Loaded Objects now: 9233.
Memory consumption went from 158.3 MB to 153.8 MB.
Total: 11.892500 ms (FindLiveObjects: 0.911700 ms CreateObjectMapping: 0.816600 ms MarkObjects: 6.463000 ms  DeleteObjects: 3.699400 ms)

Prepare: number of updated asset objects reloaded= 0
========================================================================
Received Prepare
Begin MonoManager ReloadAssembly
- Loaded All Assemblies, in  0.867 seconds
Refreshing native plugins compatible for Editor in 2.64 ms, found 4 plugins.
Native extension for WindowsStandalone target not found
[Package Manager] Failed to launch server process. Reason: Unity was launched with the -noUpm command-line argument
[Package Manager] Unable to send message (not connected to server process).
[Package Manager] Cannot connect to Unity Package Manager local server
Mono: successfully reloaded assembly
- Finished resetting the current domain, in  1.224 seconds
Domain Reload Profiling: 2092ms
	BeginReloadAssembly (232ms)
		ExecutionOrderSort (0ms)
		DisableScriptedObjects (17ms)
		BackupInstance (0ms)
		ReleaseScriptingObjects (0ms)
		CreateAndSetChildDomain (43ms)
	RebuildCommonClasses (43ms)
	RebuildNativeTypeToScriptingClass (13ms)
	initialDomainReloadingComplete (31ms)
	LoadAllAssembliesAndSetupDomain (548ms)
		LoadAssemblies (399ms)
		RebuildTransferFunctionScriptingTraits (0ms)
		AnalyzeDomain (251ms)
			TypeCache.Refresh (8ms)
				TypeCache.ScanAssembly (0ms)
			BuildScriptInfoCaches (222ms)
			ResolveRequiredComponents (15ms)
	FinalizeReload (1225ms)
		ReleaseScriptCaches (0ms)
		RebuildScriptCaches (0ms)
		SetupLoadedEditorAssemblies (1008ms)
			LogAssemblyErrors (0ms)
			InitializePlatformSupportModulesInManaged (3ms)
			SetLoadedEditorAssemblies (4ms)
			BeforeProcessingInitializeOnLoad (300ms)
			ProcessInitializeOnLoadAttributes (622ms)
			ProcessInitializeOnLoadMethodAttributes (71ms)
			AfterProcessingInitializeOnLoad (7ms)
			EditorAssembliesLoaded (0ms)
		ExecutionOrderSort2 (0ms)
		AwakeInstancesAfterBackupRestoration (37ms)
Refreshing native plugins compatible for Editor in 2.64 ms, found 4 plugins.
Preloading 0 native plugins for Editor in 0.00 ms.
Unloading 13 Unused Serialized files (Serialized files now loaded: 0)
Unloading 6764 unused Assets / (4.3 MB). Loaded Objects now: 9236.
Memory consumption went from 158.1 MB to 153.8 MB.
Total: 11.438900 ms (FindLiveObjects: 1.269300 ms CreateObjectMapping: 1.064300 ms MarkObjects: 6.324300 ms  DeleteObjects: 2.778200 ms)

Prepare: number of updated asset objects reloaded= 0
========================================================================
Received Prepare
Refreshing native plugins compatible for Editor in 4.89 ms, found 4 plugins.
Preloading 0 native plugins for Editor in 0.00 ms.
Unloading 13 Unused Serialized files (Serialized files now loaded: 0)
Unloading 6754 unused Assets / (4.8 MB). Loaded Objects now: 9236.
Memory consumption went from 158.3 MB to 153.5 MB.
Total: 12.847600 ms (FindLiveObjects: 0.760800 ms CreateObjectMapping: 0.527800 ms MarkObjects: 7.744000 ms  DeleteObjects: 3.813400 ms)

Prepare: number of updated asset objects reloaded= 0
========================================================================
Received Import Request.
  Time since last request: 381.743129 seconds.
  path: Assets/Prefabs/Turrets/Standard Turret.prefab
  artifactKey: Guid(0fabeecabe058844b825ce0fdc6ed719) Importer(815301076,1909f56bfc062723c751e8b465ee728b)
Start importing Assets/Prefabs/Turrets/Standard Turret.prefab using Guid(0fabeecabe058844b825ce0fdc6ed719) Importer(815301076,1909f56bfc062723c751e8b465ee728b) (PreviewImporter) -> (artifact id: '67ccdaa8c9211290fb5648dbdd658417') in 0.6148422 seconds
Number of updated asset objects reloaded before import = 0Number of asset objects unloaded after import = 43

========================================================================
Received Prepare
Begin MonoManager ReloadAssembly
[Licensing::Client] Successfully resolved entitlement details
[Licensing::Module] License group:
  Id: F4-559Z-ESNU-EWRH-PCGX-XXXX
  Product: Unity Personal
  Type: ULF
  Expiration: Unlimited
[Licensing::Module] License group:
  Id: 5773053068775-UnityPersXXXX
  Product: Unity Personal
  Type: Assigned
  Expiration: Unlimited
- Loaded All Assemblies, in  0.913 seconds
Refreshing native plugins compatible for Editor in 2.34 ms, found 4 plugins.
Native extension for WindowsStandalone target not found
[Package Manager] Failed to launch server process. Reason: Unity was launched with the -noUpm command-line argument
[Package Manager] Unable to send message (not connected to server process).
[Package Manager] Cannot connect to Unity Package Manager local server
Mono: successfully reloaded assembly
- Finished resetting the current domain, in  1.053 seconds
Domain Reload Profiling: 1964ms
	BeginReloadAssembly (268ms)
		ExecutionOrderSort (1ms)
		DisableScriptedObjects (33ms)
		BackupInstance (0ms)
		ReleaseScriptingObjects (0ms)
		CreateAndSetChildDomain (59ms)
	RebuildCommonClasses (36ms)
	RebuildNativeTypeToScriptingClass (17ms)
	initialDomainReloadingComplete (41ms)
	LoadAllAssembliesAndSetupDomain (549ms)
		LoadAssemblies (396ms)
		RebuildTransferFunctionScriptingTraits (0ms)
		AnalyzeDomain (253ms)
			TypeCache.Refresh (10ms)
				TypeCache.ScanAssembly (0ms)
			BuildScriptInfoCaches (223ms)
			ResolveRequiredComponents (15ms)
	FinalizeReload (1053ms)
		ReleaseScriptCaches (0ms)
		RebuildScriptCaches (0ms)
		SetupLoadedEditorAssemblies (829ms)
			LogAssemblyErrors (0ms)
			InitializePlatformSupportModulesInManaged (3ms)
			SetLoadedEditorAssemblies (4ms)
			BeforeProcessingInitializeOnLoad (147ms)
			ProcessInitializeOnLoadAttributes (583ms)
			ProcessInitializeOnLoadMethodAttributes (86ms)
			AfterProcessingInitializeOnLoad (6ms)
			EditorAssembliesLoaded (1ms)
		ExecutionOrderSort2 (1ms)
		AwakeInstancesAfterBackupRestoration (37ms)
Refreshing native plugins compatible for Editor in 1.96 ms, found 4 plugins.
Preloading 0 native plugins for Editor in 0.00 ms.
Unloading 13 Unused Serialized files (Serialized files now loaded: 0)
Unloading 6764 unused Assets / (4.3 MB). Loaded Objects now: 9259.
Memory consumption went from 158.4 MB to 154.1 MB.
Total: 9.371000 ms (FindLiveObjects: 0.710300 ms CreateObjectMapping: 0.805300 ms MarkObjects: 5.172700 ms  DeleteObjects: 2.681000 ms)

Prepare: number of updated asset objects reloaded= 0
========================================================================
Received Import Request.
  Time since last request: 7.749618 seconds.
  path: Assets/Prefabs/Turrets/Fire Turret.prefab
  artifactKey: Guid(435c9623361906945a6126111a2a041d) Importer(815301076,1909f56bfc062723c751e8b465ee728b)
Start importing Assets/Prefabs/Turrets/Fire Turret.prefab using Guid(435c9623361906945a6126111a2a041d) Importer(815301076,1909f56bfc062723c751e8b465ee728b) (PreviewImporter) -> (artifact id: 'b07f3659cbfe5f5050a7f02d0dff6069') in 0.5213082 seconds
Number of updated asset objects reloaded before import = 0Number of asset objects unloaded after import = 26

========================================================================
Received Prepare
Begin MonoManager ReloadAssembly
- Loaded All Assemblies, in  0.927 seconds
Refreshing native plugins compatible for Editor in 2.32 ms, found 4 plugins.
Native extension for WindowsStandalone target not found
[Package Manager] Failed to launch server process. Reason: Unity was launched with the -noUpm command-line argument
[Package Manager] Unable to send message (not connected to server process).
[Package Manager] Cannot connect to Unity Package Manager local server
Mono: successfully reloaded assembly
- Finished resetting the current domain, in  1.082 seconds
Domain Reload Profiling: 2006ms
	BeginReloadAssembly (291ms)
		ExecutionOrderSort (1ms)
		DisableScriptedObjects (39ms)
		BackupInstance (0ms)
		ReleaseScriptingObjects (0ms)
		CreateAndSetChildDomain (62ms)
	RebuildCommonClasses (38ms)
	RebuildNativeTypeToScriptingClass (14ms)
	initialDomainReloadingComplete (37ms)
	LoadAllAssembliesAndSetupDomain (543ms)
		LoadAssemblies (417ms)
		RebuildTransferFunctionScriptingTraits (0ms)
		AnalyzeDomain (238ms)
			TypeCache.Refresh (8ms)
				TypeCache.ScanAssembly (0ms)
			BuildScriptInfoCaches (214ms)
			ResolveRequiredComponents (11ms)
	FinalizeReload (1082ms)
		ReleaseScriptCaches (0ms)
		RebuildScriptCaches (0ms)
		SetupLoadedEditorAssemblies (878ms)
			LogAssemblyErrors (0ms)
			InitializePlatformSupportModulesInManaged (3ms)
			SetLoadedEditorAssemblies (5ms)
			BeforeProcessingInitializeOnLoad (129ms)
			ProcessInitializeOnLoadAttributes (673ms)
			ProcessInitializeOnLoadMethodAttributes (61ms)
			AfterProcessingInitializeOnLoad (6ms)
			EditorAssembliesLoaded (0ms)
		ExecutionOrderSort2 (1ms)
		AwakeInstancesAfterBackupRestoration (38ms)
Refreshing native plugins compatible for Editor in 7.81 ms, found 4 plugins.
Preloading 0 native plugins for Editor in 0.00 ms.
Unloading 13 Unused Serialized files (Serialized files now loaded: 0)
Unloading 6764 unused Assets / (4.4 MB). Loaded Objects now: 9282.
Memory consumption went from 158.5 MB to 154.1 MB.
Total: 12.840000 ms (FindLiveObjects: 1.804200 ms CreateObjectMapping: 1.650000 ms MarkObjects: 6.660700 ms  DeleteObjects: 2.723600 ms)

Prepare: number of updated asset objects reloaded= 0
========================================================================
Received Prepare
Refreshing native plugins compatible for Editor in 2.08 ms, found 4 plugins.
Preloading 0 native plugins for Editor in 0.00 ms.
Unloading 13 Unused Serialized files (Serialized files now loaded: 0)
Unloading 6754 unused Assets / (4.6 MB). Loaded Objects now: 9282.
Memory consumption went from 158.5 MB to 153.9 MB.
Total: 9.089100 ms (FindLiveObjects: 0.704500 ms CreateObjectMapping: 0.477600 ms MarkObjects: 4.754000 ms  DeleteObjects: 3.152100 ms)

Prepare: number of updated asset objects reloaded= 0
========================================================================
Received Import Request.
  Time since last request: 49.516396 seconds.
  path: Assets/Prefabs/Turrets/Standard Turret.prefab
  artifactKey: Guid(0fabeecabe058844b825ce0fdc6ed719) Importer(815301076,1909f56bfc062723c751e8b465ee728b)
Start importing Assets/Prefabs/Turrets/Standard Turret.prefab using Guid(0fabeecabe058844b825ce0fdc6ed719) Importer(815301076,1909f56bfc062723c751e8b465ee728b) (PreviewImporter) -> (artifact id: '00393b046856fe3a894078052cc4816e') in 0.5851962 seconds
Number of updated asset objects reloaded before import = 0Number of asset objects unloaded after import = 43

========================================================================
Received Import Request.
  Time since last request: 0.000048 seconds.
  path: Assets/Prefabs/Turrets/Fire Turret.prefab
  artifactKey: Guid(435c9623361906945a6126111a2a041d) Importer(815301076,1909f56bfc062723c751e8b465ee728b)
Start importing Assets/Prefabs/Turrets/Fire Turret.prefab using Guid(435c9623361906945a6126111a2a041d) Importer(815301076,1909f56bfc062723c751e8b465ee728b) (PreviewImporter) -> (artifact id: '750e30bbcdfad799d6945aa984e27f65') in 0.0177625 seconds
Number of updated asset objects reloaded before import = 0Number of asset objects unloaded after import = 26

========================================================================
Received Prepare
Begin MonoManager ReloadAssembly
- Loaded All Assemblies, in  0.922 seconds
Refreshing native plugins compatible for Editor in 2.40 ms, found 4 plugins.
Native extension for WindowsStandalone target not found
[Package Manager] Failed to launch server process. Reason: Unity was launched with the -noUpm command-line argument
[Package Manager] Unable to send message (not connected to server process).
[Package Manager] Cannot connect to Unity Package Manager local server
Mono: successfully reloaded assembly
- Finished resetting the current domain, in  0.984 seconds
Domain Reload Profiling: 1906ms
	BeginReloadAssembly (278ms)
		ExecutionOrderSort (0ms)
		DisableScriptedObjects (40ms)
		BackupInstance (0ms)
		ReleaseScriptingObjects (0ms)
		CreateAndSetChildDomain (60ms)
	RebuildCommonClasses (38ms)
	RebuildNativeTypeToScriptingClass (12ms)
	initialDomainReloadingComplete (39ms)
	LoadAllAssembliesAndSetupDomain (555ms)
		LoadAssemblies (401ms)
		RebuildTransferFunctionScriptingTraits (0ms)
		AnalyzeDomain (261ms)
			TypeCache.Refresh (9ms)
				TypeCache.ScanAssembly (0ms)
			BuildScriptInfoCaches (234ms)
			ResolveRequiredComponents (12ms)
	FinalizeReload (984ms)
		ReleaseScriptCaches (0ms)
		RebuildScriptCaches (0ms)
		SetupLoadedEditorAssemblies (778ms)
			LogAssemblyErrors (0ms)
			InitializePlatformSupportModulesInManaged (2ms)
			SetLoadedEditorAssemblies (5ms)
			BeforeProcessingInitializeOnLoad (144ms)
			ProcessInitializeOnLoadAttributes (552ms)
			ProcessInitializeOnLoadMethodAttributes (68ms)
			AfterProcessingInitializeOnLoad (6ms)
			EditorAssembliesLoaded (0ms)
		ExecutionOrderSort2 (0ms)
		AwakeInstancesAfterBackupRestoration (31ms)
Refreshing native plugins compatible for Editor in 2.21 ms, found 4 plugins.
Preloading 0 native plugins for Editor in 0.00 ms.
Unloading 13 Unused Serialized files (Serialized files now loaded: 0)
Unloading 6764 unused Assets / (4.8 MB). Loaded Objects now: 9305.
Memory consumption went from 158.5 MB to 153.7 MB.
Total: 8.680100 ms (FindLiveObjects: 0.857500 ms CreateObjectMapping: 0.512900 ms MarkObjects: 4.482500 ms  DeleteObjects: 2.825000 ms)

Prepare: number of updated asset objects reloaded= 0
